订单ID,日期,菜品名称,菜品分类,单价,数量,交易总额(元),支付方式,售卖时段
1,2022-07-01,冰咖啡,饮品,40,4,160,在线支付,早晨
2,2022-07-01,瓦达汉堡,快餐,20,8,160,在线支付,晚上
3,2022-07-01,脆球点心,快餐,20,8,160,现金,傍晚
4,2022-07-01,咖喱土豆球,快餐,20,8,160,现金,晚上
5,2022-07-01,法兰基卷,快餐,50,8,400,其他,晚上
6,2022-07-01,瓦达汉堡,快餐,20,10,200,现金,早晨
7,2022-07-01,法兰基卷,快餐,50,2,100,其他,午夜
8,2022-07-01,咖喱土豆球,快餐,20,8,160,现金,晚上
9,2022-07-01,冰咖啡,饮品,40,4,160,现金,晚上
10,2022-07-01,瓦达汉堡,快餐,20,7,140,现金,午夜
11,2022-07-01,脆球点心,快餐,20,14,280,其他,午夜
12,2022-07-01,冰咖啡,饮品,40,8,320,其他,晚上
13,2022-07-01,法兰基卷,快餐,50,2,100,现金,下午
14,2022-07-01,法兰基卷,快餐,50,7,350,在线支付,傍晚
15,2022-07-01,新鲜甘蔗汁,饮品,25,8,200,现金,傍晚
16,2022-07-01,招牌三明治,快餐,60,15,900,现金,下午
17,2022-07-01,法兰基卷,快餐,50,1,50,现金,早晨
18,2022-07-01,冰咖啡,饮品,40,12,480,在线支付,午夜
19,2022-07-01,咖喱土豆球,快餐,20,9,180,现金,晚上
20,2022-07-01,瓦达汉堡,快餐,20,15,300,在线支付,早晨
21,2022-07-01,招牌三明治,快餐,60,7,420,在线支付,傍晚
22,2022-07-01,招牌三明治,快餐,60,1,60,现金,晚上
23,2022-07-01,法兰基卷,快餐,50,5,250,在线支付,早晨
24,2022-07-01,法兰基卷,快餐,50,11,550,在线支付,早晨
25,2022-07-01,脆球点心,快餐,20,2,40,在线支付,早晨
26,2022-07-01,咖喱土豆球,快餐,20,2,40,其他,下午
27,2022-07-01,法兰基卷,快餐,50,3,150,现金,傍晚
28,2022-07-01,冰咖啡,饮品,40,3,120,现金,傍晚
29,2022-07-01,新鲜甘蔗汁,饮品,25,4,100,在线支付,午夜
30,2022-07-01,瓦达汉堡,快餐,20,5,100,在线支付,傍晚
31,2022-07-01,冰咖啡,饮品,40,1,40,在线支付,晚上
32,2022-07-01,招牌三明治,快餐,60,13,780,现金,早晨
33,2022-07-01,法兰基卷,快餐,50,1,50,在线支付,下午
34,2022-07-01,新鲜甘蔗汁,饮品,25,10,250,现金,午夜
35,2022-07-01,招牌三明治,快餐,60,6,360,现金,傍晚
36,2022-07-01,法兰基卷,快餐,50,7,350,现金,下午
37,2022-07-01,脆球点心,快餐,20,6,120,现金,午夜
38,2022-07-01,瓦达汉堡,快餐,20,7,140,在线支付,傍晚
39,2022-07-01,新鲜甘蔗汁,饮品,25,9,225,现金,下午
40,2022-07-01,招牌三明治,快餐,60,13,780,在线支付,早晨
41,2022-07-01,新鲜甘蔗汁,饮品,25,6,150,现金,早晨
42,2022-07-01,新鲜甘蔗汁,饮品,25,13,325,在线支付,晚上
43,2022-07-01,咖喱土豆球,快餐,20,4,80,在线支付,傍晚
44,2022-07-01,瓦达汉堡,快餐,20,9,180,现金,下午
45,2022-07-01,新鲜甘蔗汁,饮品,25,4,100,在线支付,傍晚
46,2022-07-01,法兰基卷,快餐,50,15,750,现金,傍晚
47,2022-07-01,咖喱土豆球,快餐,20,6,120,现金,傍晚
48,2022-07-01,冰咖啡,饮品,40,6,240,现金,早晨
49,2022-07-01,招牌三明治,快餐,60,10,600,现金,傍晚
50,2022-07-01,瓦达汉堡,快餐,20,15,300,在线支付,下午
51,2022-07-01,招牌三明治,快餐,60,14,840,在线支付,傍晚
52,2022-07-01,咖喱土豆球,快餐,20,5,100,现金,晚上
53,2022-07-01,冰咖啡,饮品,40,3,120,在线支付,晚上
54,2022-07-01,法兰基卷,快餐,50,6,300,在线支付,晚上
55,2022-07-01,瓦达汉堡,快餐,20,3,60,现金,早晨
56,2022-07-01,脆球点心,快餐,20,11,220,其他,早晨
57,2022-07-01,瓦达汉堡,快餐,20,11,220,现金,下午
58,2022-07-01,冰咖啡,饮品,40,8,320,在线支付,傍晚
59,2022-07-01,瓦达汉堡,快餐,20,15,300,现金,下午
60,2022-07-01,脆球点心,快餐,20,12,240,现金,早晨
61,2022-07-01,咖喱土豆球,快餐,20,2,40,在线支付,傍晚
62,2022-07-01,新鲜甘蔗汁,饮品,25,9,225,在线支付,傍晚
63,2022-07-01,瓦达汉堡,快餐,20,5,100,现金,早晨
64,2022-07-01,咖喱土豆球,快餐,20,13,260,在线支付,早晨
65,2022-07-01,招牌三明治,快餐,60,1,60,现金,傍晚
66,2022-07-01,法兰基卷,快餐,50,11,550,在线支付,早晨
67,2022-07-01,法兰基卷,快餐,50,7,350,在线支付,下午
68,2022-07-01,冰咖啡,饮品,40,11,440,在线支付,晚上
69,2022-07-01,瓦达汉堡,快餐,20,11,220,其他,下午
70,2022-07-01,咖喱土豆球,快餐,20,11,220,在线支付,午夜
71,2022-07-01,瓦达汉堡,快餐,20,2,40,其他,下午
72,2022-07-01,咖喱土豆球,快餐,20,5,100,现金,傍晚
73,2022-07-01,新鲜甘蔗汁,饮品,25,9,225,现金,晚上
74,2022-07-01,瓦达汉堡,快餐,20,3,60,在线支付,午夜
75,2022-07-01,法兰基卷,快餐,50,1,50,现金,傍晚
76,2022-07-01,招牌三明治,快餐,60,15,900,其他,午夜
77,2022-07-01,招牌三明治,快餐,60,7,420,现金,傍晚
78,2022-07-01,法兰基卷,快餐,50,6,300,现金,傍晚
79,2022-07-01,冰咖啡,饮品,40,9,360,其他,晚上
80,2022-07-01,脆球点心,快餐,20,1,20,现金,下午
81,2022-07-01,法兰基卷,快餐,50,8,400,现金,午夜
82,2022-07-01,新鲜甘蔗汁,饮品,25,9,225,现金,晚上
83,2022-07-01,新鲜甘蔗汁,饮品,25,4,100,现金,下午
84,2022-07-01,脆球点心,快餐,20,11,220,在线支付,下午
85,2022-07-01,冰咖啡,饮品,40,5,200,在线支付,下午
86,2022-07-01,脆球点心,快餐,20,9,180,现金,晚上
87,2022-07-01,冰咖啡,饮品,40,12,480,现金,下午
88,2022-07-01,瓦达汉堡,快餐,20,15,300,在线支付,晚上
89,2022-07-01,法兰基卷,快餐,50,12,600,现金,下午
90,2022-07-01,脆球点心,快餐,20,6,120,其他,早晨
91,2022-07-01,脆球点心,快餐,20,5,100,现金,晚上
92,2022-07-01,瓦达汉堡,快餐,20,1,20,在线支付,下午
93,2022-07-01,脆球点心,快餐,20,9,180,现金,晚上
94,2022-07-01,冰咖啡,饮品,40,8,320,现金,傍晚
95,2022-07-01,新鲜甘蔗汁,饮品,25,14,350,在线支付,晚上
96,2022-07-01,新鲜甘蔗汁,饮品,25,1,25,现金,下午
97,2022-07-01,瓦达汉堡,快餐,20,1,20,其他,晚上
98,2022-07-01,新鲜甘蔗汁,饮品,25,13,325,在线支付,傍晚
99,2022-07-01,瓦达汉堡,快餐,20,1,20,现金,午夜
100,2022-07-01,新鲜甘蔗汁,饮品,25,10,250,在线支付,早晨
101,2022-07-01,瓦达汉堡,快餐,20,3,60,在线支付,下午
102,2022-07-01,冰咖啡,饮品,40,10,400,在线支付,傍晚
103,2022-07-01,法兰基卷,快餐,50,4,200,在线支付,晚上
104,2022-07-01,法兰基卷,快餐,50,1,50,在线支付,傍晚
105,2022-07-01,新鲜甘蔗汁,饮品,25,2,50,在线支付,下午
106,2022-07-01,招牌三明治,快餐,60,9,540,现金,傍晚
107,2022-07-01,脆球点心,快餐,20,8,160,现金,晚上
108,2022-07-01,新鲜甘蔗汁,饮品,25,10,250,在线支付,晚上
109,2022-07-01,招牌三明治,快餐,60,11,660,现金,傍晚
110,2022-07-01,新鲜甘蔗汁,饮品,25,15,375,现金,晚上
111,2022-07-01,瓦达汉堡,快餐,20,5,100,在线支付,下午
112,2022-07-01,冰咖啡,饮品,40,12,480,其他,午夜
113,2022-07-01,脆球点心,快餐,20,11,220,在线支付,下午
114,2022-07-01,法兰基卷,快餐,50,15,750,在线支付,早晨
115,2022-07-01,新鲜甘蔗汁,饮品,25,6,150,现金,傍晚
116,2022-07-01,法兰基卷,快餐,50,7,350,在线支付,傍晚
117,2022-07-01,法兰基卷,快餐,50,10,500,在线支付,下午
118,2022-07-01,咖喱土豆球,快餐,20,12,240,在线支付,下午
119,2022-07-01,咖喱土豆球,快餐,20,12,240,现金,下午
120,2022-07-01,招牌三明治,快餐,60,10,600,在线支付,下午
121,2022-07-01,脆球点心,快餐,20,7,140,在线支付,下午
122,2022-07-01,招牌三明治,快餐,60,1,60,在线支付,下午
123,2022-07-01,新鲜甘蔗汁,饮品,25,1,25,现金,早晨
124,2022-07-01,招牌三明治,快餐,60,8,480,在线支付,早晨
125,2022-07-01,咖喱土豆球,快餐,20,13,260,在线支付,午夜
126,2022-07-01,招牌三明治,快餐,60,9,540,其他,下午
127,2022-07-01,新鲜甘蔗汁,饮品,25,12,300,在线支付,早晨
128,2022-07-01,新鲜甘蔗汁,饮品,25,1,25,其他,早晨
129,2022-07-01,招牌三明治,快餐,60,8,480,在线支付,下午
130,2022-07-01,冰咖啡,饮品,40,8,320,在线支付,下午
131,2022-07-01,冰咖啡,饮品,40,11,440,现金,傍晚
132,2022-07-01,咖喱土豆球,快餐,20,1,20,现金,午夜
133,2022-07-01,咖喱土豆球,快餐,20,7,140,在线支付,晚上
134,2022-07-01,冰咖啡,饮品,40,9,360,其他,傍晚
135,2022-07-01,新鲜甘蔗汁,饮品,25,8,200,现金,下午
136,2022-07-01,瓦达汉堡,快餐,20,10,200,其他,晚上
137,2022-07-01,脆球点心,快餐,20,10,200,在线支付,晚上
138,2022-07-01,冰咖啡,饮品,40,4,160,现金,早晨
139,2022-07-01,冰咖啡,饮品,40,13,520,在线支付,晚上
140,2022-07-02,冰咖啡,饮品,40,4,160,在线支付,早晨
141,2022-07-02,咖喱土豆球,快餐,20,10,200,现金,早晨
142,2022-07-02,脆球点心,快餐,20,8,160,现金,早晨
143,2022-07-02,脆球点心,快餐,20,2,40,在线支付,晚上
144,2022-07-02,招牌三明治,快餐,60,14,840,在线支付,早晨
145,2022-07-02,瓦达汉堡,快餐,20,6,120,在线支付,早晨
146,2022-07-02,瓦达汉堡,快餐,20,9,180,现金,下午
147,2022-07-02,新鲜甘蔗汁,饮品,25,15,375,现金,午夜
148,2022-07-02,法兰基卷,快餐,50,8,400,现金,傍晚
149,2022-07-02,招牌三明治,快餐,60,7,420,在线支付,傍晚
150,2022-07-02,招牌三明治,快餐,60,6,360,现金,傍晚
151,2022-07-02,新鲜甘蔗汁,饮品,25,6,150,现金,晚上
152,2022-07-02,法兰基卷,快餐,50,8,400,现金,傍晚
153,2022-07-02,咖喱土豆球,快餐,20,1,20,现金,午夜
154,2022-07-02,脆球点心,快餐,20,15,300,其他,晚上
155,2022-07-02,招牌三明治,快餐,60,15,900,在线支付,午夜
156,2022-07-02,新鲜甘蔗汁,饮品,25,9,225,现金,午夜
157,2022-07-02,咖喱土豆球,快餐,20,13,260,在线支付,早晨
158,2022-07-02,咖喱土豆球,快餐,20,8,160,现金,早晨
159,2022-07-02,脆球点心,快餐,20,6,120,在线支付,午夜
160,2022-07-02,咖喱土豆球,快餐,20,15,300,现金,下午
161,2022-07-02,瓦达汉堡,快餐,20,5,100,在线支付,下午
162,2022-07-02,瓦达汉堡,快餐,20,1,20,现金,下午
163,2022-07-02,法兰基卷,快餐,50,1,50,在线支付,早晨
164,2022-07-02,脆球点心,快餐,20,7,140,现金,傍晚
165,2022-07-02,脆球点心,快餐,20,7,140,现金,晚上
166,2022-07-02,瓦达汉堡,快餐,20,5,100,现金,晚上
167,2022-07-02,招牌三明治,快餐,60,2,120,现金,早晨
168,2022-07-02,法兰基卷,快餐,50,6,300,现金,傍晚
169,2022-07-02,瓦达汉堡,快餐,20,6,120,在线支付,晚上
170,2022-07-02,瓦达汉堡,快餐,20,6,120,在线支付,下午
171,2022-07-02,冰咖啡,饮品,40,9,360,在线支付,傍晚
172,2022-07-02,法兰基卷,快餐,50,1,50,在线支付,傍晚
173,2022-07-02,招牌三明治,快餐,60,13,780,现金,早晨
174,2022-07-02,冰咖啡,饮品,40,4,160,其他,午夜
175,2022-07-02,冰咖啡,饮品,40,13,520,现金,早晨
176,2022-07-02,法兰基卷,快餐,50,8,400,在线支付,晚上
177,2022-07-02,瓦达汉堡,快餐,20,2,40,在线支付,午夜
178,2022-07-02,脆球点心,快餐,20,13,260,在线支付,傍晚
179,2022-07-02,招牌三明治,快餐,60,3,180,在线支付,晚上
180,2022-07-02,咖喱土豆球,快餐,20,4,80,在线支付,下午
181,2022-07-02,招牌三明治,快餐,60,5,300,其他,傍晚
182,2022-07-02,冰咖啡,饮品,40,8,320,现金,傍晚
183,2022-07-02,新鲜甘蔗汁,饮品,25,10,250,在线支付,午夜
184,2022-07-02,新鲜甘蔗汁,饮品,25,15,375,现金,午夜
185,2022-07-02,脆球点心,快餐,20,9,180,现金,午夜
186,2022-07-02,新鲜甘蔗汁,饮品,25,1,25,在线支付,下午
187,2022-07-02,冰咖啡,饮品,40,14,560,现金,晚上
188,2022-07-02,招牌三明治,快餐,60,14,840,现金,傍晚
189,2022-07-02,新鲜甘蔗汁,饮品,25,7,175,在线支付,早晨
190,2022-07-02,冰咖啡,饮品,40,10,400,现金,早晨
191,2022-07-02,新鲜甘蔗汁,饮品,25,8,200,现金,晚上
192,2022-07-02,法兰基卷,快餐,50,8,400,现金,傍晚
193,2022-07-02,法兰基卷,快餐,50,6,300,现金,傍晚
194,2022-07-02,新鲜甘蔗汁,饮品,25,10,250,在线支付,午夜
195,2022-07-02,瓦达汉堡,快餐,20,11,220,现金,晚上
196,2022-07-02,新鲜甘蔗汁,饮品,25,3,75,在线支付,午夜
197,2022-07-02,法兰基卷,快餐,50,3,150,现金,晚上
198,2022-07-02,法兰基卷,快餐,50,11,550,在线支付,早晨
199,2022-07-02,脆球点心,快餐,20,9,180,现金,午夜
200,2022-07-02,瓦达汉堡,快餐,20,10,200,现金,晚上
201,2022-07-02,法兰基卷,快餐,50,13,650,在线支付,早晨
202,2022-07-02,冰咖啡,饮品,40,1,40,现金,傍晚
203,2022-07-02,冰咖啡,饮品,40,10,400,现金,早晨
204,2022-07-02,新鲜甘蔗汁,饮品,25,8,200,现金,早晨
205,2022-07-02,冰咖啡,饮品,40,11,440,在线支付,晚上
206,2022-07-02,脆球点心,快餐,20,1,20,现金,早晨
207,2022-07-02,咖喱土豆球,快餐,20,8,160,现金,下午
208,2022-07-02,脆球点心,快餐,20,8,160,其他,傍晚
209,2022-07-02,脆球点心,快餐,20,5,100,在线支付,午夜
210,2022-07-02,新鲜甘蔗汁,饮品,25,9,225,在线支付,午夜
211,2022-07-02,新鲜甘蔗汁,饮品,25,5,125,在线支付,傍晚
212,2022-07-02,咖喱土豆球,快餐,20,11,220,现金,下午
213,2022-07-02,法兰基卷,快餐,50,3,150,在线支付,傍晚
214,2022-07-02,招牌三明治,快餐,60,8,480,现金,傍晚
215,2022-07-02,脆球点心,快餐,20,5,100,现金,午夜
216,2022-07-02,新鲜甘蔗汁,饮品,25,1,25,现金,早晨
217,2022-07-02,冰咖啡,饮品,40,11,440,现金,早晨
218,2022-07-02,招牌三明治,快餐,60,7,420,现金,傍晚
219,2022-07-02,新鲜甘蔗汁,饮品,25,15,375,现金,早晨
220,2022-07-02,法兰基卷,快餐,50,7,350,现金,晚上
221,2022-07-02,脆球点心,快餐,20,7,140,在线支付,傍晚
222,2022-07-02,法兰基卷,快餐,50,8,400,其他,午夜
223,2022-07-02,脆球点心,快餐,20,7,140,现金,午夜
224,2022-07-02,法兰基卷,快餐,50,9,450,现金,傍晚
225,2022-07-02,法兰基卷,快餐,50,7,350,在线支付,晚上
226,2022-07-02,脆球点心,快餐,20,10,200,现金,下午
227,2022-07-02,冰咖啡,饮品,40,9,360,在线支付,早晨
228,2022-07-02,脆球点心,快餐,20,5,100,在线支付,晚上
229,2022-07-02,新鲜甘蔗汁,饮品,25,4,100,现金,晚上
230,2022-07-02,新鲜甘蔗汁,饮品,25,9,225,现金,下午
231,2022-07-02,冰咖啡,饮品,40,9,360,现金,早晨
232,2022-07-02,脆球点心,快餐,20,9,180,现金,傍晚
233,2022-07-02,咖喱土豆球,快餐,20,7,140,在线支付,早晨
234,2022-07-02,脆球点心,快餐,20,10,200,在线支付,傍晚
235,2022-07-02,招牌三明治,快餐,60,8,480,在线支付,傍晚
236,2022-07-02,脆球点心,快餐,20,2,40,现金,下午
237,2022-07-02,脆球点心,快餐,20,6,120,现金,午夜
238,2022-07-02,冰咖啡,饮品,40,11,440,在线支付,晚上
239,2022-07-02,新鲜甘蔗汁,饮品,25,6,150,在线支付,午夜
240,2022-07-02,法兰基卷,快餐,50,11,550,在线支付,下午
241,2022-07-02,冰咖啡,饮品,40,6,240,在线支付,早晨
242,2022-07-02,新鲜甘蔗汁,饮品,25,1,25,在线支付,午夜
243,2022-07-02,瓦达汉堡,快餐,20,12,240,在线支付,下午
244,2022-07-02,冰咖啡,饮品,40,1,40,在线支付,下午
245,2022-07-02,法兰基卷,快餐,50,10,500,在线支付,早晨
246,2022-07-02,招牌三明治,快餐,60,5,300,在线支付,午夜
247,2022-07-02,脆球点心,快餐,20,15,300,其他,午夜
248,2022-07-02,法兰基卷,快餐,50,11,550,在线支付,傍晚
249,2022-07-02,脆球点心,快餐,20,12,240,其他,早晨
250,2022-07-02,脆球点心,快餐,20,11,220,现金,傍晚
251,2022-07-02,咖喱土豆球,快餐,20,9,180,在线支付,傍晚
252,2022-07-02,脆球点心,快餐,20,15,300,在线支付,午夜
253,2022-07-02,脆球点心,快餐,20,4,80,在线支付,早晨
254,2022-07-02,招牌三明治,快餐,60,6,360,在线支付,午夜
255,2022-07-02,招牌三明治,快餐,60,15,900,在线支付,午夜
256,2022-07-02,冰咖啡,饮品,40,5,200,在线支付,下午
257,2022-07-02,冰咖啡,饮品,40,15,600,在线支付,午夜
258,2022-07-02,瓦达汉堡,快餐,20,11,220,在线支付,下午
259,2022-07-02,瓦达汉堡,快餐,20,5,100,在线支付,早晨
260,2022-07-02,招牌三明治,快餐,60,15,900,现金,下午
261,2022-07-02,咖喱土豆球,快餐,20,6,120,在线支付,晚上
262,2022-07-02,咖喱土豆球,快餐,20,15,300,现金,晚上
263,2022-07-02,新鲜甘蔗汁,饮品,25,4,100,现金,下午
264,2022-07-02,招牌三明治,快餐,60,10,600,现金,晚上
265,2022-07-02,冰咖啡,饮品,40,6,240,其他,下午
266,2022-07-02,法兰基卷,快餐,50,5,250,现金,傍晚
267,2022-07-02,瓦达汉堡,快餐,20,11,220,现金,傍晚
268,2022-07-02,招牌三明治,快餐,60,4,240,现金,下午
269,2022-07-02,冰咖啡,饮品,40,11,440,现金,下午
270,2022-07-02,脆球点心,快餐,20,5,100,在线支付,下午
271,2022-07-02,招牌三明治,快餐,60,15,900,现金,晚上
272,2022-07-02,冰咖啡,饮品,40,8,320,现金,早晨
273,2022-07-02,瓦达汉堡,快餐,20,7,140,现金,傍晚
274,2022-07-02,法兰基卷,快餐,50,5,250,在线支付,下午
275,2022-07-02,法兰基卷,快餐,50,12,600,在线支付,早晨
276,2022-07-03,冰咖啡,饮品,40,4,160,其他,傍晚
277,2022-07-03,招牌三明治,快餐,60,4,240,在线支付,早晨
278,2022-07-03,招牌三明治,快餐,60,3,180,现金,傍晚
279,2022-07-03,招牌三明治,快餐,60,9,540,在线支付,晚上
280,2022-07-03,新鲜甘蔗汁,饮品,25,7,175,现金,下午
281,2022-07-03,咖喱土豆球,快餐,20,9,180,现金,傍晚
282,2022-07-03,法兰基卷,快餐,50,12,600,在线支付,晚上
283,2022-07-03,咖喱土豆球,快餐,20,3,60,在线支付,下午
284,2022-07-03,瓦达汉堡,快餐,20,7,140,现金,傍晚
285,2022-07-03,脆球点心,快餐,20,8,160,在线支付,傍晚
286,2022-07-03,法兰基卷,快餐,50,8,400,在线支付,晚上
287,2022-07-03,咖喱土豆球,快餐,20,12,240,现金,晚上
288,2022-07-03,冰咖啡,饮品,40,15,600,现金,早晨
289,2022-07-03,招牌三明治,快餐,60,6,360,现金,下午
290,2022-07-03,冰咖啡,饮品,40,11,440,在线支付,晚上
291,2022-07-03,咖喱土豆球,快餐,20,7,140,现金,晚上
292,2022-07-03,瓦达汉堡,快餐,20,1,20,现金,晚上
293,2022-07-03,冰咖啡,饮品,40,14,560,在线支付,午夜
294,2022-07-03,脆球点心,快餐,20,5,100,在线支付,午夜
295,2022-07-03,招牌三明治,快餐,60,6,360,在线支付,晚上
296,2022-07-03,冰咖啡,饮品,40,12,480,在线支付,下午
297,2022-07-03,咖喱土豆球,快餐,20,1,20,其他,午夜
298,2022-07-03,脆球点心,快餐,20,7,140,现金,下午
299,2022-07-03,法兰基卷,快餐,50,4,200,在线支付,晚上
300,2022-07-03,新鲜甘蔗汁,饮品,25,8,200,在线支付,午夜
301,2022-07-03,招牌三明治,快餐,60,8,480,在线支付,傍晚
302,2022-07-03,冰咖啡,饮品,40,7,280,现金,晚上
303,2022-07-03,新鲜甘蔗汁,饮品,25,4,100,现金,早晨
304,2022-07-03,咖喱土豆球,快餐,20,4,80,现金,傍晚
305,2022-07-03,脆球点心,快餐,20,9,180,现金,午夜
306,2022-07-03,脆球点心,快餐,20,9,180,在线支付,傍晚
307,2022-07-03,瓦达汉堡,快餐,20,10,200,在线支付,下午
308,2022-07-03,冰咖啡,饮品,40,6,240,现金,傍晚
309,2022-07-03,新鲜甘蔗汁,饮品,25,1,25,现金,午夜
310,2022-07-03,法兰基卷,快餐,50,4,200,在线支付,下午
311,2022-07-03,冰咖啡,饮品,40,1,40,在线支付,傍晚
312,2022-07-03,脆球点心,快餐,20,8,160,现金,午夜
313,2022-07-03,冰咖啡,饮品,40,5,200,现金,午夜
314,2022-07-03,脆球点心,快餐,20,9,180,在线支付,晚上
315,2022-07-03,新鲜甘蔗汁,饮品,25,14,350,其他,午夜
316,2022-07-03,新鲜甘蔗汁,饮品,25,12,300,现金,下午
317,2022-07-03,冰咖啡,饮品,40,1,40,在线支付,晚上
318,2022-07-03,咖喱土豆球,快餐,20,9,180,现金,晚上
319,2022-07-03,招牌三明治,快餐,60,6,360,在线支付,晚上
320,2022-07-03,法兰基卷,快餐,50,12,600,在线支付,傍晚
321,2022-07-03,脆球点心,快餐,20,1,20,现金,下午
322,2022-07-03,新鲜甘蔗汁,饮品,25,2,50,其他,傍晚
323,2022-07-03,瓦达汉堡,快餐,20,12,240,在线支付,晚上
324,2022-07-03,招牌三明治,快餐,60,2,120,现金,傍晚
325,2022-07-03,冰咖啡,饮品,40,8,320,现金,傍晚
326,2022-07-03,脆球点心,快餐,20,5,100,现金,晚上
327,2022-07-03,法兰基卷,快餐,50,10,500,在线支付,早晨
328,2022-07-03,法兰基卷,快餐,50,10,500,现金,早晨
329,2022-07-03,新鲜甘蔗汁,饮品,25,13,325,在线支付,晚上
330,2022-07-03,法兰基卷,快餐,50,5,250,在线支付,下午
331,2022-07-03,招牌三明治,快餐,60,10,600,在线支付,午夜
332,2022-07-03,招牌三明治,快餐,60,15,900,在线支付,傍晚
333,2022-07-03,招牌三明治,快餐,60,11,660,在线支付,早晨
334,2022-07-03,脆球点心,快餐,20,8,160,在线支付,晚上
335,2022-07-03,新鲜甘蔗汁,饮品,25,7,175,现金,晚上
336,2022-07-03,法兰基卷,快餐,50,8,400,现金,晚上
337,2022-07-03,脆球点心,快餐,20,11,220,现金,早晨
338,2022-07-03,咖喱土豆球,快餐,20,1,20,现金,早晨
339,2022-07-03,脆球点心,快餐,20,12,240,现金,下午
340,2022-07-03,法兰基卷,快餐,50,13,650,现金,晚上
341,2022-07-03,招牌三明治,快餐,60,8,480,现金,下午
342,2022-07-03,招牌三明治,快餐,60,5,300,在线支付,下午
343,2022-07-03,咖喱土豆球,快餐,20,5,100,现金,傍晚
344,2022-07-03,瓦达汉堡,快餐,20,7,140,现金,下午
345,2022-07-03,冰咖啡,饮品,40,15,600,在线支付,下午
346,2022-07-03,法兰基卷,快餐,50,3,150,现金,下午
347,2022-07-03,瓦达汉堡,快餐,20,8,160,在线支付,午夜
348,2022-07-03,法兰基卷,快餐,50,8,400,现金,晚上
349,2022-07-03,冰咖啡,饮品,40,13,520,其他,傍晚
350,2022-07-03,咖喱土豆球,快餐,20,5,100,现金,晚上
351,2022-07-03,冰咖啡,饮品,40,4,160,现金,午夜
352,2022-07-03,咖喱土豆球,快餐,20,11,220,现金,傍晚
353,2022-07-03,咖喱土豆球,快餐,20,13,260,现金,晚上
354,2022-07-03,脆球点心,快餐,20,8,160,在线支付,早晨
355,2022-07-03,法兰基卷,快餐,50,7,350,在线支付,晚上
356,2022-07-03,瓦达汉堡,快餐,20,8,160,在线支付,早晨
357,2022-07-03,新鲜甘蔗汁,饮品,25,11,275,在线支付,傍晚
358,2022-07-03,瓦达汉堡,快餐,20,13,260,在线支付,午夜
359,2022-07-03,法兰基卷,快餐,50,11,550,在线支付,午夜
360,2022-07-03,新鲜甘蔗汁,饮品,25,4,100,现金,傍晚
361,2022-07-03,冰咖啡,饮品,40,11,440,现金,早晨
362,2022-07-03,脆球点心,快餐,20,8,160,在线支付,晚上
363,2022-07-03,咖喱土豆球,快餐,20,6,120,现金,晚上
364,2022-07-03,冰咖啡,饮品,40,8,320,在线支付,晚上
365,2022-07-03,脆球点心,快餐,20,11,220,现金,午夜
366,2022-07-03,冰咖啡,饮品,40,14,560,在线支付,晚上
367,2022-07-03,冰咖啡,饮品,40,10,400,现金,早晨
368,2022-07-03,瓦达汉堡,快餐,20,10,200,在线支付,午夜
369,2022-07-03,法兰基卷,快餐,50,7,350,在线支付,晚上
370,2022-07-03,招牌三明治,快餐,60,12,720,在线支付,晚上
371,2022-07-03,脆球点心,快餐,20,12,240,在线支付,晚上
372,2022-07-03,新鲜甘蔗汁,饮品,25,11,275,在线支付,傍晚
373,2022-07-03,瓦达汉堡,快餐,20,6,120,现金,晚上
374,2022-07-03,法兰基卷,快餐,50,12,600,现金,下午
375,2022-07-03,咖喱土豆球,快餐,20,4,80,在线支付,傍晚
376,2022-07-03,瓦达汉堡,快餐,20,10,200,现金,下午
377,2022-07-03,脆球点心,快餐,20,10,200,现金,晚上
378,2022-07-03,法兰基卷,快餐,50,9,450,在线支付,下午
379,2022-07-03,招牌三明治,快餐,60,1,60,现金,午夜
380,2022-07-03,招牌三明治,快餐,60,2,120,在线支付,午夜
381,2022-07-03,脆球点心,快餐,20,9,180,在线支付,早晨
382,2022-07-03,新鲜甘蔗汁,饮品,25,4,100,现金,下午
383,2022-07-03,脆球点心,快餐,20,10,200,现金,早晨
384,2022-07-03,法兰基卷,快餐,50,10,500,现金,下午
385,2022-07-03,脆球点心,快餐,20,3,60,在线支付,下午
386,2022-07-03,招牌三明治,快餐,60,9,540,现金,下午
387,2022-07-03,新鲜甘蔗汁,饮品,25,1,25,在线支付,早晨
388,2022-07-03,瓦达汉堡,快餐,20,7,140,现金,早晨
389,2022-07-03,招牌三明治,快餐,60,8,480,在线支付,傍晚
390,2022-07-03,冰咖啡,饮品,40,8,320,在线支付,早晨
391,2022-07-03,新鲜甘蔗汁,饮品,25,5,125,现金,午夜
392,2022-07-03,新鲜甘蔗汁,饮品,25,11,275,现金,傍晚
393,2022-07-03,冰咖啡,饮品,40,9,360,现金,傍晚
394,2022-07-03,招牌三明治,快餐,60,11,660,现金,下午
395,2022-07-03,脆球点心,快餐,20,10,200,在线支付,午夜
396,2022-07-03,新鲜甘蔗汁,饮品,25,2,50,其他,午夜
397,2022-07-03,脆球点心,快餐,20,2,40,在线支付,晚上
398,2022-07-03,冰咖啡,饮品,40,8,320,现金,傍晚
399,2022-07-03,新鲜甘蔗汁,饮品,25,4,100,现金,晚上
400,2022-07-03,新鲜甘蔗汁,饮品,25,8,200,现金,早晨
401,2022-07-03,新鲜甘蔗汁,饮品,25,8,200,现金,傍晚
402,2022-07-03,法兰基卷,快餐,50,8,400,现金,午夜
403,2022-07-03,脆球点心,快餐,20,11,220,在线支付,午夜
404,2022-07-03,脆球点心,快餐,20,7,140,现金,早晨
405,2022-07-03,冰咖啡,饮品,40,6,240,在线支付,傍晚
406,2022-07-03,新鲜甘蔗汁,饮品,25,5,125,在线支付,晚上
407,2022-07-03,瓦达汉堡,快餐,20,15,300,在线支付,下午
408,2022-07-03,脆球点心,快餐,20,5,100,在线支付,早晨
409,2022-07-03,瓦达汉堡,快餐,20,7,140,现金,早晨
410,2022-07-03,冰咖啡,饮品,40,7,280,在线支付,晚上
411,2022-07-03,冰咖啡,饮品,40,10,400,现金,晚上
412,2022-07-03,冰咖啡,饮品,40,8,320,在线支付,下午
413,2022-07-03,冰咖啡,饮品,40,7,280,在线支付,傍晚
414,2022-07-03,脆球点心,快餐,20,10,200,在线支付,傍晚
415,2022-07-03,脆球点心,快餐,20,6,120,其他,晚上
416,2022-07-03,脆球点心,快餐,20,3,60,在线支付,早晨
417,2022-07-03,瓦达汉堡,快餐,20,6,120,其他,傍晚
418,2022-07-03,法兰基卷,快餐,50,15,750,在线支付,早晨
419,2022-07-03,咖喱土豆球,快餐,20,14,280,现金,下午
420,2022-07-03,招牌三明治,快餐,60,15,900,在线支付,早晨
421,2022-07-03,新鲜甘蔗汁,饮品,25,9,225,现金,晚上
422,2022-07-04,法兰基卷,快餐,50,10,500,在线支付,下午
423,2022-07-04,法兰基卷,快餐,50,2,100,其他,晚上
424,2022-07-04,脆球点心,快餐,20,9,180,现金,早晨
425,2022-07-04,脆球点心,快餐,20,10,200,现金,午夜
426,2022-07-04,瓦达汉堡,快餐,20,10,200,现金,早晨
427,2022-07-04,法兰基卷,快餐,50,7,350,在线支付,下午
428,2022-07-04,冰咖啡,饮品,40,7,280,现金,早晨
429,2022-07-04,冰咖啡,饮品,40,6,240,现金,早晨
430,2022-07-04,招牌三明治,快餐,60,12,720,在线支付,晚上
431,2022-07-04,冰咖啡,饮品,40,13,520,在线支付,午夜
432,2022-07-04,咖喱土豆球,快餐,20,10,200,在线支付,早晨
433,2022-07-04,新鲜甘蔗汁,饮品,25,12,300,在线支付,傍晚
434,2022-07-04,冰咖啡,饮品,40,6,240,现金,早晨
435,2022-07-04,冰咖啡,饮品,40,8,320,现金,晚上
436,2022-07-04,咖喱土豆球,快餐,20,7,140,现金,傍晚
437,2022-07-04,脆球点心,快餐,20,15,300,在线支付,早晨
438,2022-07-04,招牌三明治,快餐,60,11,660,在线支付,下午
439,2022-07-04,脆球点心,快餐,20,2,40,现金,下午
440,2022-07-04,咖喱土豆球,快餐,20,12,240,现金,午夜
441,2022-07-04,脆球点心,快餐,20,11,220,在线支付,下午
442,2022-07-04,法兰基卷,快餐,50,13,650,在线支付,傍晚
443,2022-07-04,新鲜甘蔗汁,饮品,25,2,50,在线支付,下午
444,2022-07-04,招牌三明治,快餐,60,12,720,在线支付,傍晚
445,2022-07-04,冰咖啡,饮品,40,9,360,在线支付,晚上
446,2022-07-04,新鲜甘蔗汁,饮品,25,13,325,在线支付,下午
447,2022-07-04,冰咖啡,饮品,40,8,320,在线支付,晚上
448,2022-07-04,法兰基卷,快餐,50,8,400,在线支付,傍晚
449,2022-07-04,瓦达汉堡,快餐,20,10,200,现金,早晨
450,2022-07-04,脆球点心,快餐,20,5,100,现金,晚上
451,2022-07-04,瓦达汉堡,快餐,20,13,260,现金,傍晚
452,2022-07-04,新鲜甘蔗汁,饮品,25,9,225,现金,午夜
453,2022-07-04,新鲜甘蔗汁,饮品,25,13,325,现金,晚上
454,2022-07-04,招牌三明治,快餐,60,14,840,在线支付,晚上
455,2022-07-04,法兰基卷,快餐,50,10,500,其他,傍晚
456,2022-07-04,咖喱土豆球,快餐,20,8,160,在线支付,傍晚
457,2022-07-04,冰咖啡,饮品,40,6,240,在线支付,早晨
458,2022-07-04,冰咖啡,饮品,40,1,40,现金,午夜
459,2022-07-04,咖喱土豆球,快餐,20,9,180,在线支付,下午
460,2022-07-04,法兰基卷,快餐,50,7,350,其他,午夜
461,2022-07-04,法兰基卷,快餐,50,8,400,在线支付,傍晚
462,2022-07-04,脆球点心,快餐,20,1,20,在线支付,午夜
463,2022-07-04,新鲜甘蔗汁,饮品,25,12,300,现金,傍晚
464,2022-07-04,法兰基卷,快餐,50,9,450,现金,傍晚
465,2022-07-04,瓦达汉堡,快餐,20,4,80,现金,傍晚
466,2022-07-04,咖喱土豆球,快餐,20,3,60,在线支付,午夜
467,2022-07-04,招牌三明治,快餐,60,5,300,现金,午夜
468,2022-07-04,新鲜甘蔗汁,饮品,25,8,200,其他,下午
469,2022-07-04,招牌三明治,快餐,60,9,540,在线支付,下午
470,2022-07-04,冰咖啡,饮品,40,1,40,现金,晚上
471,2022-07-04,咖喱土豆球,快餐,20,8,160,现金,下午
472,2022-07-04,瓦达汉堡,快餐,20,4,80,在线支付,晚上
473,2022-07-04,新鲜甘蔗汁,饮品,25,6,150,在线支付,晚上
474,2022-07-04,瓦达汉堡,快餐,20,9,180,现金,傍晚
475,2022-07-04,脆球点心,快餐,20,7,140,现金,下午
476,2022-07-04,脆球点心,快餐,20,1,20,在线支付,午夜
477,2022-07-04,冰咖啡,饮品,40,12,480,现金,下午
478,2022-07-04,脆球点心,快餐,20,8,160,在线支付,午夜
479,2022-07-04,脆球点心,快餐,20,5,100,现金,下午
480,2022-07-04,冰咖啡,饮品,40,5,200,在线支付,午夜
481,2022-07-04,招牌三明治,快餐,60,11,660,在线支付,下午
482,2022-07-04,法兰基卷,快餐,50,6,300,在线支付,晚上
483,2022-07-04,法兰基卷,快餐,50,8,400,在线支付,傍晚
484,2022-07-04,新鲜甘蔗汁,饮品,25,13,325,现金,下午
485,2022-07-04,法兰基卷,快餐,50,6,300,现金,早晨
486,2022-07-04,瓦达汉堡,快餐,20,6,120,在线支付,傍晚
487,2022-07-04,新鲜甘蔗汁,饮品,25,5,125,其他,下午
488,2022-07-04,新鲜甘蔗汁,饮品,25,1,25,在线支付,下午
489,2022-07-04,咖喱土豆球,快餐,20,8,160,在线支付,午夜
490,2022-07-04,法兰基卷,快餐,50,14,700,现金,早晨
491,2022-07-04,咖喱土豆球,快餐,20,9,180,现金,下午
492,2022-07-04,咖喱土豆球,快餐,20,15,300,现金,傍晚
493,2022-07-04,招牌三明治,快餐,60,3,180,在线支付,午夜
494,2022-07-04,脆球点心,快餐,20,7,140,现金,晚上
495,2022-07-04,招牌三明治,快餐,60,6,360,在线支付,傍晚
496,2022-07-04,瓦达汉堡,快餐,20,4,80,在线支付,傍晚
497,2022-07-04,法兰基卷,快餐,50,7,350,现金,早晨
498,2022-07-04,法兰基卷,快餐,50,3,150,其他,傍晚
499,2022-07-04,瓦达汉堡,快餐,20,12,240,在线支付,下午
500,2022-07-04,冰咖啡,饮品,40,2,80,现金,晚上
501,2022-07-04,招牌三明治,快餐,60,5,300,其他,早晨
502,2022-07-04,法兰基卷,快餐,50,5,250,在线支付,下午
503,2022-07-04,冰咖啡,饮品,40,10,400,其他,下午
504,2022-07-04,冰咖啡,饮品,40,11,440,在线支付,午夜
505,2022-07-04,脆球点心,快餐,20,6,120,在线支付,早晨
506,2022-07-04,咖喱土豆球,快餐,20,4,80,现金,早晨
507,2022-07-04,新鲜甘蔗汁,饮品,25,8,200,在线支付,早晨
508,2022-07-04,咖喱土豆球,快餐,20,9,180,现金,傍晚
509,2022-07-04,脆球点心,快餐,20,9,180,其他,下午
510,2022-07-04,冰咖啡,饮品,40,14,560,在线支付,早晨
511,2022-07-04,招牌三明治,快餐,60,2,120,在线支付,傍晚
512,2022-07-04,招牌三明治,快餐,60,1,60,现金,早晨
513,2022-07-04,瓦达汉堡,快餐,20,8,160,现金,午夜
514,2022-07-04,新鲜甘蔗汁,饮品,25,5,125,在线支付,午夜
515,2022-07-04,咖喱土豆球,快餐,20,8,160,其他,午夜
516,2022-07-04,脆球点心,快餐,20,5,100,在线支付,早晨
517,2022-07-04,冰咖啡,饮品,40,2,80,在线支付,晚上
518,2022-07-04,瓦达汉堡,快餐,20,4,80,在线支付,下午
519,2022-07-04,脆球点心,快餐,20,10,200,在线支付,午夜
520,2022-07-04,咖喱土豆球,快餐,20,10,200,在线支付,早晨
521,2022-07-04,招牌三明治,快餐,60,1,60,现金,早晨
522,2022-07-04,咖喱土豆球,快餐,20,1,20,现金,下午
523,2022-07-04,招牌三明治,快餐,60,13,780,现金,下午
524,2022-07-04,法兰基卷,快餐,50,5,250,在线支付,傍晚
525,2022-07-04,冰咖啡,饮品,40,8,320,现金,晚上
526,2022-07-04,招牌三明治,快餐,60,10,600,在线支付,早晨
527,2022-07-04,新鲜甘蔗汁,饮品,25,3,75,在线支付,傍晚
528,2022-07-04,新鲜甘蔗汁,饮品,25,6,150,现金,晚上
529,2022-07-04,新鲜甘蔗汁,饮品,25,15,375,在线支付,早晨
530,2022-07-04,瓦达汉堡,快餐,20,10,200,其他,傍晚
531,2022-07-04,招牌三明治,快餐,60,6,360,现金,傍晚
532,2022-07-04,咖喱土豆球,快餐,20,11,220,在线支付,午夜
533,2022-07-04,冰咖啡,饮品,40,12,480,在线支付,傍晚
534,2022-07-04,招牌三明治,快餐,60,11,660,现金,晚上
535,2022-07-04,瓦达汉堡,快餐,20,11,220,现金,午夜
536,2022-07-04,招牌三明治,快餐,60,8,480,其他,午夜
537,2022-07-04,新鲜甘蔗汁,饮品,25,15,375,其他,下午
538,2022-07-04,招牌三明治,快餐,60,7,420,现金,下午
539,2022-07-04,瓦达汉堡,快餐,20,13,260,在线支付,早晨
540,2022-07-04,新鲜甘蔗汁,饮品,25,8,200,现金,午夜
541,2022-07-04,冰咖啡,饮品,40,8,320,在线支付,傍晚
542,2022-07-04,法兰基卷,快餐,50,6,300,现金,早晨
543,2022-07-04,脆球点心,快餐,20,4,80,现金,晚上
544,2022-07-04,法兰基卷,快餐,50,15,750,在线支付,傍晚
545,2022-07-04,招牌三明治,快餐,60,14,840,现金,早晨
546,2022-07-04,咖喱土豆球,快餐,20,8,160,在线支付,早晨
547,2022-07-04,新鲜甘蔗汁,饮品,25,13,325,其他,午夜
548,2022-07-04,脆球点心,快餐,20,11,220,在线支付,午夜
549,2022-07-04,新鲜甘蔗汁,饮品,25,9,225,现金,下午
550,2022-07-04,法兰基卷,快餐,50,7,350,其他,下午
551,2022-07-04,瓦达汉堡,快餐,20,6,120,在线支付,晚上
552,2022-07-04,冰咖啡,饮品,40,8,320,在线支付,傍晚
553,2022-07-04,瓦达汉堡,快餐,20,15,300,在线支付,下午
554,2022-07-04,招牌三明治,快餐,60,10,600,在线支付,午夜
555,2022-07-04,咖喱土豆球,快餐,20,15,300,在线支付,午夜
556,2022-07-04,冰咖啡,饮品,40,8,320,在线支付,早晨
557,2022-07-04,招牌三明治,快餐,60,12,720,其他,早晨
558,2022-07-04,法兰基卷,快餐,50,5,250,其他,早晨
559,2022-07-05,新鲜甘蔗汁,饮品,25,6,150,在线支付,下午
560,2022-07-05,咖喱土豆球,快餐,20,4,80,在线支付,晚上
561,2022-07-05,法兰基卷,快餐,50,14,700,在线支付,晚上
562,2022-07-05,法兰基卷,快餐,50,6,300,在线支付,下午
563,2022-07-05,脆球点心,快餐,20,8,160,现金,傍晚
564,2022-07-05,咖喱土豆球,快餐,20,13,260,在线支付,傍晚
565,2022-07-05,瓦达汉堡,快餐,20,1,20,现金,晚上
566,2022-07-05,冰咖啡,饮品,40,10,400,在线支付,午夜
567,2022-07-05,冰咖啡,饮品,40,15,600,在线支付,傍晚
568,2022-07-05,法兰基卷,快餐,50,11,550,现金,午夜
569,2022-07-05,脆球点心,快餐,20,9,180,在线支付,傍晚
570,2022-07-05,招牌三明治,快餐,60,10,600,现金,傍晚
571,2022-07-05,冰咖啡,饮品,40,10,400,现金,下午
572,2022-07-05,法兰基卷,快餐,50,3,150,现金,午夜
573,2022-07-05,新鲜甘蔗汁,饮品,25,7,175,现金,晚上
574,2022-07-05,脆球点心,快餐,20,5,100,在线支付,早晨
575,2022-07-05,咖喱土豆球,快餐,20,1,20,在线支付,午夜
576,2022-07-05,脆球点心,快餐,20,8,160,在线支付,下午
577,2022-07-05,脆球点心,快餐,20,14,280,在线支付,下午
578,2022-07-05,招牌三明治,快餐,60,3,180,在线支付,下午
579,2022-07-05,脆球点心,快餐,20,15,300,现金,早晨
580,2022-07-05,招牌三明治,快餐,60,13,780,现金,晚上
581,2022-07-05,脆球点心,快餐,20,12,240,现金,晚上
582,2022-07-05,瓦达汉堡,快餐,20,11,220,在线支付,傍晚
583,2022-07-05,招牌三明治,快餐,60,7,420,现金,午夜
584,2022-07-05,招牌三明治,快餐,60,8,480,现金,午夜
585,2022-07-05,法兰基卷,快餐,50,1,50,现金,下午
586,2022-07-05,瓦达汉堡,快餐,20,14,280,其他,早晨
587,2022-07-05,冰咖啡,饮品,40,7,280,现金,早晨
588,2022-07-05,冰咖啡,饮品,40,9,360,在线支付,下午
589,2022-07-05,冰咖啡,饮品,40,15,600,在线支付,晚上
590,2022-07-05,脆球点心,快餐,20,10,200,其他,下午
591,2022-07-05,招牌三明治,快餐,60,8,480,在线支付,晚上
592,2022-07-05,新鲜甘蔗汁,饮品,25,9,225,其他,傍晚
593,2022-07-05,冰咖啡,饮品,40,10,400,在线支付,下午
594,2022-07-05,新鲜甘蔗汁,饮品,25,13,325,现金,早晨
595,2022-07-05,瓦达汉堡,快餐,20,1,20,现金,下午
596,2022-07-05,瓦达汉堡,快餐,20,6,120,现金,早晨
597,2022-07-05,新鲜甘蔗汁,饮品,25,15,375,在线支付,午夜
598,2022-07-05,招牌三明治,快餐,60,6,360,在线支付,午夜
599,2022-07-05,冰咖啡,饮品,40,2,80,现金,下午
600,2022-07-05,法兰基卷,快餐,50,5,250,在线支付,下午
601,2022-07-05,脆球点心,快餐,20,3,60,在线支付,下午
602,2022-07-05,瓦达汉堡,快餐,20,5,100,现金,下午
603,2022-07-05,脆球点心,快餐,20,4,80,在线支付,晚上
604,2022-07-05,法兰基卷,快餐,50,2,100,现金,傍晚
605,2022-07-05,招牌三明治,快餐,60,7,420,在线支付,晚上
606,2022-07-05,招牌三明治,快餐,60,2,120,现金,下午
607,2022-07-05,咖喱土豆球,快餐,20,3,60,其他,午夜
608,2022-07-05,咖喱土豆球,快餐,20,8,160,现金,傍晚
609,2022-07-05,新鲜甘蔗汁,饮品,25,6,150,其他,晚上
610,2022-07-05,法兰基卷,快餐,50,10,500,在线支付,傍晚
611,2022-07-05,法兰基卷,快餐,50,1,50,现金,下午
612,2022-07-05,咖喱土豆球,快餐,20,4,80,在线支付,早晨
613,2022-07-05,咖喱土豆球,快餐,20,4,80,在线支付,傍晚
614,2022-07-05,咖喱土豆球,快餐,20,14,280,在线支付,晚上
615,2022-07-05,冰咖啡,饮品,40,10,400,在线支付,早晨
616,2022-07-05,冰咖啡,饮品,40,12,480,现金,晚上
617,2022-07-05,冰咖啡,饮品,40,9,360,现金,下午
618,2022-07-05,冰咖啡,饮品,40,13,520,其他,午夜
619,2022-07-05,法兰基卷,快餐,50,9,450,在线支付,傍晚
620,2022-07-05,冰咖啡,饮品,40,5,200,现金,傍晚
621,2022-07-05,法兰基卷,快餐,50,10,500,在线支付,早晨
622,2022-07-05,咖喱土豆球,快餐,20,10,200,在线支付,晚上
623,2022-07-05,法兰基卷,快餐,50,3,150,现金,晚上
624,2022-07-05,新鲜甘蔗汁,饮品,25,15,375,现金,晚上
625,2022-07-05,脆球点心,快餐,20,1,20,在线支付,下午
626,2022-07-05,招牌三明治,快餐,60,3,180,在线支付,午夜
627,2022-07-05,咖喱土豆球,快餐,20,7,140,在线支付,晚上
628,2022-07-05,冰咖啡,饮品,40,5,200,在线支付,早晨
629,2022-07-05,脆球点心,快餐,20,14,280,在线支付,下午
630,2022-07-05,法兰基卷,快餐,50,7,350,现金,早晨
631,2022-07-05,瓦达汉堡,快餐,20,14,280,现金,午夜
632,2022-07-05,瓦达汉堡,快餐,20,13,260,现金,下午
633,2022-07-05,招牌三明治,快餐,60,8,480,在线支付,晚上
634,2022-07-05,咖喱土豆球,快餐,20,8,160,在线支付,晚上
635,2022-07-05,瓦达汉堡,快餐,20,10,200,现金,傍晚
636,2022-07-05,脆球点心,快餐,20,5,100,其他,午夜
637,2022-07-05,新鲜甘蔗汁,饮品,25,8,200,在线支付,早晨
638,2022-07-05,脆球点心,快餐,20,10,200,在线支付,早晨
639,2022-07-05,咖喱土豆球,快餐,20,5,100,现金,傍晚
640,2022-07-05,冰咖啡,饮品,40,9,360,其他,午夜
641,2022-07-05,冰咖啡,饮品,40,5,200,其他,下午
642,2022-07-05,冰咖啡,饮品,40,7,280,现金,早晨
643,2022-07-05,新鲜甘蔗汁,饮品,25,3,75,现金,晚上
644,2022-07-05,冰咖啡,饮品,40,3,120,现金,傍晚
645,2022-07-05,瓦达汉堡,快餐,20,12,240,现金,下午
646,2022-07-05,脆球点心,快餐,20,14,280,现金,晚上
647,2022-07-05,脆球点心,快餐,20,9,180,现金,下午
648,2022-07-05,新鲜甘蔗汁,饮品,25,10,250,现金,傍晚
649,2022-07-05,新鲜甘蔗汁,饮品,25,6,150,在线支付,午夜
650,2022-07-05,新鲜甘蔗汁,饮品,25,7,175,在线支付,午夜
651,2022-07-05,瓦达汉堡,快餐,20,11,220,现金,晚上
652,2022-07-05,咖喱土豆球,快餐,20,14,280,在线支付,午夜
653,2022-07-05,脆球点心,快餐,20,12,240,现金,晚上
654,2022-07-05,新鲜甘蔗汁,饮品,25,8,200,其他,傍晚
655,2022-07-05,咖喱土豆球,快餐,20,9,180,在线支付,傍晚
656,2022-07-05,法兰基卷,快餐,50,12,600,在线支付,下午
657,2022-07-05,招牌三明治,快餐,60,13,780,现金,早晨
658,2022-07-05,脆球点心,快餐,20,15,300,现金,晚上
659,2022-07-05,新鲜甘蔗汁,饮品,25,8,200,现金,午夜
660,2022-07-05,法兰基卷,快餐,50,8,400,现金,傍晚
661,2022-07-05,新鲜甘蔗汁,饮品,25,3,75,在线支付,早晨
662,2022-07-05,咖喱土豆球,快餐,20,8,160,在线支付,下午
663,2022-07-05,冰咖啡,饮品,40,13,520,其他,傍晚
664,2022-07-05,脆球点心,快餐,20,15,300,现金,傍晚
665,2022-07-05,招牌三明治,快餐,60,5,300,现金,晚上
666,2022-07-05,新鲜甘蔗汁,饮品,25,3,75,现金,早晨
667,2022-07-05,脆球点心,快餐,20,1,20,在线支付,下午
668,2022-07-05,新鲜甘蔗汁,饮品,25,13,325,现金,早晨
669,2022-07-05,瓦达汉堡,快餐,20,11,220,现金,午夜
670,2022-07-05,咖喱土豆球,快餐,20,4,80,在线支付,下午
671,2022-07-05,瓦达汉堡,快餐,20,6,120,现金,晚上
672,2022-07-05,招牌三明治,快餐,60,1,60,在线支付,午夜
673,2022-07-05,瓦达汉堡,快餐,20,5,100,现金,早晨
674,2022-07-05,咖喱土豆球,快餐,20,6,120,在线支付,午夜
675,2022-07-05,新鲜甘蔗汁,饮品,25,7,175,现金,下午
676,2022-07-05,冰咖啡,饮品,40,3,120,在线支付,晚上
677,2022-07-05,新鲜甘蔗汁,饮品,25,2,50,在线支付,下午
678,2022-07-05,脆球点心,快餐,20,10,200,在线支付,傍晚
679,2022-07-05,冰咖啡,饮品,40,15,600,在线支付,早晨
680,2022-07-05,新鲜甘蔗汁,饮品,25,4,100,现金,下午
681,2022-07-05,瓦达汉堡,快餐,20,13,260,其他,傍晚
682,2022-07-05,脆球点心,快餐,20,2,40,现金,早晨
683,2022-07-05,脆球点心,快餐,20,8,160,现金,早晨
684,2022-07-05,新鲜甘蔗汁,饮品,25,7,175,在线支付,傍晚
685,2022-07-05,咖喱土豆球,快餐,20,15,300,在线支付,早晨
686,2022-07-05,瓦达汉堡,快餐,20,10,200,在线支付,下午
687,2022-07-05,法兰基卷,快餐,50,4,200,其他,午夜
688,2022-07-05,咖喱土豆球,快餐,20,11,220,现金,傍晚
689,2022-07-05,冰咖啡,饮品,40,8,320,在线支付,早晨
690,2022-07-05,瓦达汉堡,快餐,20,15,300,其他,傍晚
691,2022-07-05,招牌三明治,快餐,60,11,660,现金,下午
692,2022-07-05,新鲜甘蔗汁,饮品,25,4,100,在线支付,傍晚
693,2022-07-05,咖喱土豆球,快餐,20,6,120,现金,傍晚
694,2022-07-05,新鲜甘蔗汁,饮品,25,6,150,在线支付,午夜
695,2022-07-05,招牌三明治,快餐,60,1,60,现金,下午
696,2022-07-05,冰咖啡,饮品,40,6,240,在线支付,午夜
697,2022-07-05,新鲜甘蔗汁,饮品,25,5,125,现金,早晨
698,2022-07-05,脆球点心,快餐,20,5,100,在线支付,晚上
699,2022-07-05,法兰基卷,快餐,50,6,300,现金,下午
700,2022-07-05,咖喱土豆球,快餐,20,5,100,在线支付,傍晚
701,2022-07-05,新鲜甘蔗汁,饮品,25,7,175,其他,午夜
702,2022-07-05,招牌三明治,快餐,60,8,480,现金,晚上
703,2022-07-05,冰咖啡,饮品,40,9,360,现金,晚上
704,2022-07-05,冰咖啡,饮品,40,8,320,现金,傍晚
705,2022-07-05,冰咖啡,饮品,40,8,320,现金,傍晚
706,2022-07-05,招牌三明治,快餐,60,6,360,现金,午夜
707,2022-07-05,招牌三明治,快餐,60,7,420,其他,傍晚
708,2022-07-05,招牌三明治,快餐,60,7,420,现金,早晨
709,2022-07-05,冰咖啡,饮品,40,8,320,其他,傍晚
710,2022-07-05,招牌三明治,快餐,60,7,420,在线支付,晚上
711,2022-07-05,咖喱土豆球,快餐,20,6,120,在线支付,午夜
712,2022-07-05,新鲜甘蔗汁,饮品,25,15,375,在线支付,傍晚
713,2022-07-05,新鲜甘蔗汁,饮品,25,14,350,其他,午夜
714,2022-07-05,瓦达汉堡,快餐,20,12,240,在线支付,晚上
715,2022-07-05,咖喱土豆球,快餐,20,10,200,在线支付,晚上
716,2022-07-06,脆球点心,快餐,20,9,180,在线支付,早晨
717,2022-07-06,冰咖啡,饮品,40,5,200,现金,下午
718,2022-07-06,法兰基卷,快餐,50,9,450,现金,午夜
719,2022-07-06,法兰基卷,快餐,50,10,500,现金,下午
720,2022-07-06,冰咖啡,饮品,40,13,520,在线支付,傍晚
721,2022-07-06,新鲜甘蔗汁,饮品,25,6,150,其他,傍晚
722,2022-07-06,瓦达汉堡,快餐,20,7,140,现金,早晨
723,2022-07-06,瓦达汉堡,快餐,20,11,220,在线支付,早晨
724,2022-07-06,新鲜甘蔗汁,饮品,25,1,25,在线支付,下午
725,2022-07-06,招牌三明治,快餐,60,2,120,现金,早晨
726,2022-07-06,瓦达汉堡,快餐,20,3,60,现金,傍晚
727,2022-07-06,招牌三明治,快餐,60,3,180,在线支付,早晨
728,2022-07-06,脆球点心,快餐,20,12,240,现金,晚上
729,2022-07-06,法兰基卷,快餐,50,9,450,现金,傍晚
730,2022-07-06,脆球点心,快餐,20,9,180,在线支付,傍晚
731,2022-07-06,新鲜甘蔗汁,饮品,25,12,300,其他,下午
732,2022-07-06,咖喱土豆球,快餐,20,5,100,在线支付,傍晚
733,2022-07-06,新鲜甘蔗汁,饮品,25,10,250,现金,傍晚
734,2022-07-06,法兰基卷,快餐,50,2,100,在线支付,傍晚
735,2022-07-06,招牌三明治,快餐,60,7,420,现金,傍晚
736,2022-07-06,脆球点心,快餐,20,1,20,现金,晚上
737,2022-07-06,咖喱土豆球,快餐,20,11,220,现金,下午
738,2022-07-06,冰咖啡,饮品,40,11,440,其他,午夜
739,2022-07-06,法兰基卷,快餐,50,2,100,现金,晚上
740,2022-07-06,瓦达汉堡,快餐,20,5,100,在线支付,下午
741,2022-07-06,冰咖啡,饮品,40,15,600,在线支付,下午
742,2022-07-06,招牌三明治,快餐,60,7,420,在线支付,晚上
743,2022-07-06,新鲜甘蔗汁,饮品,25,11,275,现金,午夜
744,2022-07-06,法兰基卷,快餐,50,7,350,现金,晚上
745,2022-07-06,脆球点心,快餐,20,14,280,在线支付,午夜
746,2022-07-06,冰咖啡,饮品,40,6,240,现金,傍晚
747,2022-07-06,冰咖啡,饮品,40,9,360,现金,下午
748,2022-07-06,冰咖啡,饮品,40,15,600,在线支付,下午
749,2022-07-06,法兰基卷,快餐,50,1,50,其他,傍晚
750,2022-07-06,瓦达汉堡,快餐,20,7,140,在线支付,晚上
751,2022-07-06,脆球点心,快餐,20,7,140,在线支付,晚上
752,2022-07-06,咖喱土豆球,快餐,20,7,140,其他,傍晚
753,2022-07-06,咖喱土豆球,快餐,20,3,60,现金,下午
754,2022-07-06,瓦达汉堡,快餐,20,11,220,现金,午夜
755,2022-07-06,法兰基卷,快餐,50,8,400,在线支付,下午
756,2022-07-06,法兰基卷,快餐,50,4,200,其他,午夜
757,2022-07-06,法兰基卷,快餐,50,6,300,在线支付,晚上
758,2022-07-06,法兰基卷,快餐,50,10,500,现金,晚上
759,2022-07-06,瓦达汉堡,快餐,20,14,280,在线支付,晚上
760,2022-07-06,咖喱土豆球,快餐,20,3,60,在线支付,早晨
761,2022-07-06,冰咖啡,饮品,40,7,280,现金,下午
762,2022-07-06,法兰基卷,快餐,50,2,100,其他,下午
763,2022-07-06,冰咖啡,饮品,40,10,400,现金,早晨
764,2022-07-06,咖喱土豆球,快餐,20,3,60,在线支付,午夜
765,2022-07-06,脆球点心,快餐,20,6,120,在线支付,早晨
766,2022-07-06,法兰基卷,快餐,50,8,400,在线支付,傍晚
767,2022-07-06,冰咖啡,饮品,40,5,200,在线支付,午夜
768,2022-07-06,新鲜甘蔗汁,饮品,25,5,125,在线支付,晚上
769,2022-07-06,招牌三明治,快餐,60,10,600,在线支付,早晨
770,2022-07-06,招牌三明治,快餐,60,2,120,现金,午夜
771,2022-07-06,冰咖啡,饮品,40,10,400,现金,下午
772,2022-07-06,冰咖啡,饮品,40,3,120,在线支付,早晨
773,2022-07-06,冰咖啡,饮品,40,9,360,现金,午夜
774,2022-07-06,新鲜甘蔗汁,饮品,25,3,75,在线支付,下午
775,2022-07-06,法兰基卷,快餐,50,7,350,现金,傍晚
776,2022-07-06,咖喱土豆球,快餐,20,12,240,在线支付,下午
777,2022-07-06,冰咖啡,饮品,40,9,360,在线支付,下午
778,2022-07-06,招牌三明治,快餐,60,12,720,现金,下午
779,2022-07-06,法兰基卷,快餐,50,10,500,其他,晚上
780,2022-07-06,法兰基卷,快餐,50,12,600,在线支付,晚上
781,2022-07-06,法兰基卷,快餐,50,7,350,在线支付,早晨
782,2022-07-06,法兰基卷,快餐,50,4,200,在线支付,下午
783,2022-07-06,脆球点心,快餐,20,9,180,现金,下午
784,2022-07-06,冰咖啡,饮品,40,2,80,在线支付,晚上
785,2022-07-06,瓦达汉堡,快餐,20,15,300,现金,下午
786,2022-07-06,招牌三明治,快餐,60,15,900,现金,早晨
787,2022-07-06,冰咖啡,饮品,40,7,280,在线支付,早晨
788,2022-07-06,脆球点心,快餐,20,10,200,现金,早晨
789,2022-07-06,新鲜甘蔗汁,饮品,25,9,225,在线支付,午夜
790,2022-07-06,法兰基卷,快餐,50,13,650,现金,晚上
791,2022-07-06,招牌三明治,快餐,60,2,120,现金,早晨
792,2022-07-06,瓦达汉堡,快餐,20,13,260,其他,早晨
793,2022-07-06,瓦达汉堡,快餐,20,9,180,现金,傍晚
794,2022-07-06,新鲜甘蔗汁,饮品,25,15,375,现金,早晨
795,2022-07-06,冰咖啡,饮品,40,11,440,在线支付,下午
796,2022-07-06,法兰基卷,快餐,50,3,150,在线支付,晚上
797,2022-07-06,咖喱土豆球,快餐,20,15,300,在线支付,傍晚
798,2022-07-06,法兰基卷,快餐,50,7,350,现金,下午
799,2022-07-06,瓦达汉堡,快餐,20,3,60,在线支付,下午
800,2022-07-06,咖喱土豆球,快餐,20,15,300,现金,早晨
801,2022-07-06,招牌三明治,快餐,60,15,900,在线支付,早晨
802,2022-07-06,招牌三明治,快餐,60,15,900,在线支付,傍晚
803,2022-07-06,咖喱土豆球,快餐,20,11,220,现金,晚上
804,2022-07-06,瓦达汉堡,快餐,20,6,120,现金,晚上
805,2022-07-06,瓦达汉堡,快餐,20,5,100,现金,傍晚
806,2022-07-06,瓦达汉堡,快餐,20,13,260,其他,早晨
807,2022-07-06,冰咖啡,饮品,40,10,400,在线支付,午夜
808,2022-07-06,招牌三明治,快餐,60,5,300,在线支付,傍晚
809,2022-07-06,法兰基卷,快餐,50,7,350,现金,午夜
810,2022-07-06,法兰基卷,快餐,50,11,550,在线支付,晚上
811,2022-07-06,脆球点心,快餐,20,15,300,现金,晚上
812,2022-07-06,脆球点心,快餐,20,15,300,在线支付,傍晚
813,2022-07-06,咖喱土豆球,快餐,20,10,200,在线支付,早晨
814,2022-07-06,脆球点心,快餐,20,1,20,在线支付,下午
815,2022-07-06,新鲜甘蔗汁,饮品,25,5,125,在线支付,晚上
816,2022-07-06,脆球点心,快餐,20,7,140,在线支付,早晨
817,2022-07-06,招牌三明治,快餐,60,3,180,在线支付,晚上
818,2022-07-06,招牌三明治,快餐,60,15,900,现金,傍晚
819,2022-07-06,招牌三明治,快餐,60,7,420,现金,早晨
820,2022-07-06,冰咖啡,饮品,40,11,440,现金,傍晚
821,2022-07-06,法兰基卷,快餐,50,12,600,在线支付,午夜
822,2022-07-06,瓦达汉堡,快餐,20,5,100,现金,午夜
823,2022-07-06,瓦达汉堡,快餐,20,3,60,在线支付,午夜
824,2022-07-06,冰咖啡,饮品,40,1,40,在线支付,早晨
825,2022-07-06,冰咖啡,饮品,40,6,240,在线支付,晚上
826,2022-07-06,新鲜甘蔗汁,饮品,25,7,175,现金,晚上
827,2022-07-06,脆球点心,快餐,20,3,60,在线支付,晚上
828,2022-07-06,冰咖啡,饮品,40,14,560,其他,午夜
829,2022-07-06,冰咖啡,饮品,40,9,360,现金,午夜
830,2022-07-06,咖喱土豆球,快餐,20,9,180,在线支付,早晨
831,2022-07-06,脆球点心,快餐,20,9,180,现金,晚上
832,2022-07-06,招牌三明治,快餐,60,1,60,现金,晚上
833,2022-07-06,招牌三明治,快餐,60,2,120,在线支付,傍晚
834,2022-07-06,脆球点心,快餐,20,13,260,现金,晚上
835,2022-07-06,咖喱土豆球,快餐,20,9,180,现金,晚上
836,2022-07-06,冰咖啡,饮品,40,11,440,现金,午夜
837,2022-07-06,脆球点心,快餐,20,12,240,在线支付,晚上
838,2022-07-06,脆球点心,快餐,20,9,180,在线支付,早晨
839,2022-07-06,招牌三明治,快餐,60,6,360,现金,晚上
840,2022-07-06,招牌三明治,快餐,60,2,120,现金,下午
841,2022-07-06,法兰基卷,快餐,50,8,400,在线支付,早晨
842,2022-07-06,招牌三明治,快餐,60,8,480,在线支付,午夜
843,2022-07-06,脆球点心,快餐,20,9,180,现金,下午
844,2022-07-06,新鲜甘蔗汁,饮品,25,12,300,现金,午夜
845,2022-07-06,冰咖啡,饮品,40,12,480,在线支付,晚上
846,2022-07-06,新鲜甘蔗汁,饮品,25,12,300,在线支付,晚上
847,2022-07-06,冰咖啡,饮品,40,7,280,现金,傍晚
848,2022-07-06,冰咖啡,饮品,40,7,280,现金,早晨
849,2022-07-06,新鲜甘蔗汁,饮品,25,8,200,在线支付,傍晚
850,2022-07-06,法兰基卷,快餐,50,8,400,现金,午夜
851,2022-07-06,瓦达汉堡,快餐,20,7,140,在线支付,午夜
852,2022-07-06,脆球点心,快餐,20,10,200,现金,下午
853,2022-07-06,脆球点心,快餐,20,2,40,现金,傍晚
854,2022-07-07,法兰基卷,快餐,50,8,400,其他,傍晚
855,2022-07-07,冰咖啡,饮品,40,5,200,在线支付,午夜
856,2022-07-07,新鲜甘蔗汁,饮品,25,7,175,在线支付,晚上
857,2022-07-07,招牌三明治,快餐,60,9,540,现金,晚上
858,2022-07-07,新鲜甘蔗汁,饮品,25,8,200,在线支付,傍晚
859,2022-07-07,新鲜甘蔗汁,饮品,25,4,100,现金,傍晚
860,2022-07-07,新鲜甘蔗汁,饮品,25,9,225,在线支付,早晨
861,2022-07-07,脆球点心,快餐,20,1,20,其他,下午
862,2022-07-07,瓦达汉堡,快餐,20,9,180,在线支付,早晨
863,2022-07-07,脆球点心,快餐,20,7,140,在线支付,午夜
864,2022-07-07,新鲜甘蔗汁,饮品,25,7,175,在线支付,午夜
865,2022-07-07,招牌三明治,快餐,60,9,540,现金,傍晚
866,2022-07-07,新鲜甘蔗汁,饮品,25,8,200,在线支付,傍晚
867,2022-07-07,冰咖啡,饮品,40,5,200,现金,早晨
868,2022-07-07,瓦达汉堡,快餐,20,12,240,在线支付,晚上
869,2022-07-07,冰咖啡,饮品,40,12,480,现金,傍晚
870,2022-07-07,咖喱土豆球,快餐,20,15,300,现金,傍晚
871,2022-07-07,法兰基卷,快餐,50,2,100,现金,傍晚
872,2022-07-07,脆球点心,快餐,20,13,260,其他,晚上
873,2022-07-07,法兰基卷,快餐,50,5,250,现金,晚上
874,2022-07-07,瓦达汉堡,快餐,20,1,20,现金,晚上
875,2022-07-07,新鲜甘蔗汁,饮品,25,7,175,在线支付,晚上
876,2022-07-07,脆球点心,快餐,20,15,300,在线支付,晚上
877,2022-07-07,冰咖啡,饮品,40,2,80,在线支付,晚上
878,2022-07-07,脆球点心,快餐,20,5,100,其他,午夜
879,2022-07-07,冰咖啡,饮品,40,6,240,现金,午夜
880,2022-07-07,瓦达汉堡,快餐,20,6,120,在线支付,午夜
881,2022-07-07,冰咖啡,饮品,40,9,360,现金,下午
882,2022-07-07,冰咖啡,饮品,40,5,200,在线支付,下午
883,2022-07-07,法兰基卷,快餐,50,6,300,在线支付,下午
884,2022-07-07,瓦达汉堡,快餐,20,10,200,在线支付,早晨
885,2022-07-07,新鲜甘蔗汁,饮品,25,15,375,在线支付,晚上
886,2022-07-07,瓦达汉堡,快餐,20,7,140,在线支付,傍晚
887,2022-07-07,法兰基卷,快餐,50,10,500,在线支付,晚上
888,2022-07-07,招牌三明治,快餐,60,9,540,在线支付,晚上
889,2022-07-07,咖喱土豆球,快餐,20,8,160,在线支付,午夜
890,2022-07-07,瓦达汉堡,快餐,20,14,280,其他,晚上
891,2022-07-07,新鲜甘蔗汁,饮品,25,8,200,现金,午夜
892,2022-07-07,咖喱土豆球,快餐,20,15,300,现金,下午
893,2022-07-07,冰咖啡,饮品,40,6,240,在线支付,傍晚
894,2022-07-07,咖喱土豆球,快餐,20,13,260,现金,傍晚
895,2022-07-07,招牌三明治,快餐,60,15,900,现金,傍晚
896,2022-07-07,冰咖啡,饮品,40,15,600,在线支付,早晨
897,2022-07-07,冰咖啡,饮品,40,15,600,在线支付,晚上
898,2022-07-07,咖喱土豆球,快餐,20,1,20,在线支付,下午
899,2022-07-07,脆球点心,快餐,20,12,240,现金,傍晚
900,2022-07-07,咖喱土豆球,快餐,20,8,160,其他,午夜
901,2022-07-07,新鲜甘蔗汁,饮品,25,12,300,在线支付,晚上
902,2022-07-07,脆球点心,快餐,20,5,100,现金,早晨
903,2022-07-07,脆球点心,快餐,20,10,200,现金,傍晚
904,2022-07-07,法兰基卷,快餐,50,9,450,在线支付,午夜
905,2022-07-07,法兰基卷,快餐,50,8,400,现金,下午
906,2022-07-07,新鲜甘蔗汁,饮品,25,11,275,在线支付,午夜
907,2022-07-07,法兰基卷,快餐,50,5,250,现金,下午
908,2022-07-07,咖喱土豆球,快餐,20,12,240,在线支付,午夜
909,2022-07-07,新鲜甘蔗汁,饮品,25,15,375,在线支付,早晨
910,2022-07-07,瓦达汉堡,快餐,20,6,120,现金,早晨
911,2022-07-07,脆球点心,快餐,20,12,240,现金,午夜
912,2022-07-07,瓦达汉堡,快餐,20,10,200,在线支付,早晨
913,2022-07-07,脆球点心,快餐,20,2,40,在线支付,傍晚
914,2022-07-07,新鲜甘蔗汁,饮品,25,6,150,其他,晚上
915,2022-07-07,咖喱土豆球,快餐,20,8,160,在线支付,下午
916,2022-07-07,法兰基卷,快餐,50,5,250,现金,早晨
917,2022-07-07,冰咖啡,饮品,40,13,520,在线支付,午夜
918,2022-07-07,咖喱土豆球,快餐,20,10,200,在线支付,午夜
919,2022-07-07,瓦达汉堡,快餐,20,6,120,其他,下午
920,2022-07-07,新鲜甘蔗汁,饮品,25,7,175,其他,晚上
921,2022-07-07,新鲜甘蔗汁,饮品,25,6,150,现金,晚上
922,2022-07-07,法兰基卷,快餐,50,1,50,在线支付,下午
923,2022-07-07,新鲜甘蔗汁,饮品,25,3,75,在线支付,傍晚
924,2022-07-07,法兰基卷,快餐,50,4,200,在线支付,午夜
925,2022-07-07,招牌三明治,快餐,60,8,480,在线支付,傍晚
926,2022-07-07,法兰基卷,快餐,50,15,750,其他,早晨
927,2022-07-07,脆球点心,快餐,20,9,180,在线支付,傍晚
928,2022-07-07,咖喱土豆球,快餐,20,4,80,在线支付,午夜
929,2022-07-07,瓦达汉堡,快餐,20,8,160,在线支付,下午
930,2022-07-07,咖喱土豆球,快餐,20,8,160,其他,早晨
931,2022-07-07,新鲜甘蔗汁,饮品,25,5,125,其他,晚上
932,2022-07-07,咖喱土豆球,快餐,20,12,240,其他,午夜
933,2022-07-07,法兰基卷,快餐,50,5,250,现金,傍晚
934,2022-07-07,咖喱土豆球,快餐,20,9,180,现金,午夜
935,2022-07-07,冰咖啡,饮品,40,9,360,现金,午夜
936,2022-07-07,咖喱土豆球,快餐,20,4,80,现金,晚上
937,2022-07-07,瓦达汉堡,快餐,20,1,20,现金,早晨
938,2022-07-07,冰咖啡,饮品,40,7,280,其他,早晨
939,2022-07-07,瓦达汉堡,快餐,20,7,140,在线支付,下午
940,2022-07-07,脆球点心,快餐,20,4,80,在线支付,午夜
941,2022-07-07,新鲜甘蔗汁,饮品,25,5,125,在线支付,午夜
942,2022-07-07,法兰基卷,快餐,50,15,750,在线支付,下午
943,2022-07-07,冰咖啡,饮品,40,13,520,现金,早晨
944,2022-07-07,新鲜甘蔗汁,饮品,25,6,150,其他,晚上
945,2022-07-07,咖喱土豆球,快餐,20,10,200,现金,早晨
946,2022-07-07,瓦达汉堡,快餐,20,8,160,在线支付,晚上
947,2022-07-07,脆球点心,快餐,20,6,120,在线支付,午夜
948,2022-07-07,脆球点心,快餐,20,6,120,在线支付,早晨
949,2022-07-07,瓦达汉堡,快餐,20,2,40,在线支付,傍晚
950,2022-07-07,冰咖啡,饮品,40,5,200,在线支付,早晨
951,2022-07-07,招牌三明治,快餐,60,12,720,其他,傍晚
952,2022-07-07,脆球点心,快餐,20,7,140,现金,午夜
953,2022-07-07,咖喱土豆球,快餐,20,10,200,其他,早晨
954,2022-07-07,冰咖啡,饮品,40,11,440,在线支付,早晨
955,2022-07-07,脆球点心,快餐,20,6,120,在线支付,下午
956,2022-07-07,新鲜甘蔗汁,饮品,25,4,100,现金,下午
957,2022-07-07,新鲜甘蔗汁,饮品,25,15,375,其他,晚上
958,2022-07-07,新鲜甘蔗汁,饮品,25,13,325,在线支付,早晨
959,2022-07-07,招牌三明治,快餐,60,5,300,现金,晚上
960,2022-07-07,法兰基卷,快餐,50,8,400,在线支付,午夜
961,2022-07-07,新鲜甘蔗汁,饮品,25,6,150,现金,午夜
962,2022-07-07,新鲜甘蔗汁,饮品,25,5,125,现金,午夜
963,2022-07-07,法兰基卷,快餐,50,7,350,现金,下午
964,2022-07-07,新鲜甘蔗汁,饮品,25,3,75,现金,晚上
965,2022-07-07,脆球点心,快餐,20,7,140,现金,午夜
966,2022-07-07,咖喱土豆球,快餐,20,12,240,现金,早晨
967,2022-07-07,瓦达汉堡,快餐,20,15,300,在线支付,下午
968,2022-07-07,瓦达汉堡,快餐,20,11,220,现金,午夜
969,2022-07-07,咖喱土豆球,快餐,20,15,300,现金,早晨
970,2022-07-07,新鲜甘蔗汁,饮品,25,1,25,其他,晚上
971,2022-07-07,脆球点心,快餐,20,5,100,在线支付,下午
972,2022-07-07,招牌三明治,快餐,60,15,900,现金,傍晚
973,2022-07-07,瓦达汉堡,快餐,20,9,180,现金,早晨
974,2022-07-07,脆球点心,快餐,20,7,140,现金,傍晚
975,2022-07-07,冰咖啡,饮品,40,14,560,现金,早晨
976,2022-07-07,招牌三明治,快餐,60,6,360,现金,早晨
977,2022-07-07,冰咖啡,饮品,40,6,240,现金,晚上
978,2022-07-07,新鲜甘蔗汁,饮品,25,15,375,现金,下午
979,2022-07-08,冰咖啡,饮品,40,15,600,在线支付,晚上
980,2022-07-08,冰咖啡,饮品,40,8,320,现金,晚上
981,2022-07-08,瓦达汉堡,快餐,20,11,220,现金,傍晚
982,2022-07-08,瓦达汉堡,快餐,20,5,100,现金,傍晚
983,2022-07-08,脆球点心,快餐,20,12,240,现金,早晨
984,2022-07-08,咖喱土豆球,快餐,20,5,100,在线支付,早晨
985,2022-07-08,瓦达汉堡,快餐,20,2,40,其他,下午
986,2022-07-08,咖喱土豆球,快餐,20,13,260,在线支付,傍晚
987,2022-07-08,脆球点心,快餐,20,14,280,现金,下午
988,2022-07-08,招牌三明治,快餐,60,9,540,在线支付,晚上
989,2022-07-08,新鲜甘蔗汁,饮品,25,10,250,现金,午夜
990,2022-07-08,冰咖啡,饮品,40,1,40,在线支付,午夜
991,2022-07-08,冰咖啡,饮品,40,9,360,现金,晚上
992,2022-07-08,脆球点心,快餐,20,10,200,在线支付,下午
993,2022-07-08,招牌三明治,快餐,60,1,60,现金,早晨
994,2022-07-08,咖喱土豆球,快餐,20,4,80,现金,晚上
995,2022-07-08,瓦达汉堡,快餐,20,5,100,现金,傍晚
996,2022-07-08,脆球点心,快餐,20,10,200,在线支付,午夜
997,2022-07-08,脆球点心,快餐,20,9,180,现金,下午
998,2022-07-08,咖喱土豆球,快餐,20,3,60,现金,午夜
999,2022-07-08,新鲜甘蔗汁,饮品,25,6,150,其他,午夜
1000,2022-07-08,咖喱土豆球,快餐,20,10,200,现金,早晨
1001,2022-07-08,法兰基卷,快餐,50,11,550,其他,晚上
1002,2022-07-08,瓦达汉堡,快餐,20,1,20,在线支付,午夜
1003,2022-07-08,瓦达汉堡,快餐,20,12,240,在线支付,晚上
1004,2022-07-08,招牌三明治,快餐,60,7,420,在线支付,下午
1005,2022-07-08,冰咖啡,饮品,40,6,240,现金,午夜
1006,2022-07-08,脆球点心,快餐,20,8,160,现金,下午
1007,2022-07-08,新鲜甘蔗汁,饮品,25,12,300,在线支付,傍晚
1008,2022-07-08,冰咖啡,饮品,40,8,320,在线支付,晚上
1009,2022-07-08,法兰基卷,快餐,50,4,200,在线支付,午夜
1010,2022-07-08,招牌三明治,快餐,60,2,120,现金,午夜
1011,2022-07-08,瓦达汉堡,快餐,20,15,300,现金,晚上
1012,2022-07-08,瓦达汉堡,快餐,20,9,180,在线支付,傍晚
1013,2022-07-08,法兰基卷,快餐,50,5,250,现金,早晨
1014,2022-07-08,法兰基卷,快餐,50,7,350,在线支付,午夜
1015,2022-07-08,新鲜甘蔗汁,饮品,25,5,125,在线支付,晚上
1016,2022-07-08,咖喱土豆球,快餐,20,8,160,现金,傍晚
1017,2022-07-08,瓦达汉堡,快餐,20,4,80,在线支付,傍晚
1018,2022-07-08,咖喱土豆球,快餐,20,15,300,现金,傍晚
1019,2022-07-08,新鲜甘蔗汁,饮品,25,13,325,在线支付,午夜
1020,2022-07-08,脆球点心,快餐,20,10,200,现金,下午
1021,2022-07-08,招牌三明治,快餐,60,11,660,在线支付,早晨
1022,2022-07-08,冰咖啡,饮品,40,14,560,现金,早晨
1023,2022-07-08,瓦达汉堡,快餐,20,10,200,其他,早晨
1024,2022-07-08,脆球点心,快餐,20,11,220,在线支付,早晨
1025,2022-07-08,咖喱土豆球,快餐,20,8,160,现金,午夜
1026,2022-07-08,瓦达汉堡,快餐,20,6,120,在线支付,傍晚
1027,2022-07-08,咖喱土豆球,快餐,20,6,120,现金,下午
1028,2022-07-08,咖喱土豆球,快餐,20,1,20,现金,傍晚
1029,2022-07-08,冰咖啡,饮品,40,13,520,现金,傍晚
1030,2022-07-08,瓦达汉堡,快餐,20,12,240,其他,午夜
1031,2022-07-08,瓦达汉堡,快餐,20,2,40,现金,晚上
1032,2022-07-08,瓦达汉堡,快餐,20,4,80,现金,晚上
1033,2022-07-08,脆球点心,快餐,20,11,220,现金,下午
1034,2022-07-08,新鲜甘蔗汁,饮品,25,9,225,其他,早晨
1035,2022-07-08,瓦达汉堡,快餐,20,7,140,现金,下午
1036,2022-07-08,新鲜甘蔗汁,饮品,25,1,25,在线支付,晚上
1037,2022-07-08,新鲜甘蔗汁,饮品,25,6,150,其他,午夜
1038,2022-07-08,新鲜甘蔗汁,饮品,25,1,25,现金,傍晚
1039,2022-07-08,脆球点心,快餐,20,10,200,在线支付,下午
1040,2022-07-08,新鲜甘蔗汁,饮品,25,9,225,其他,傍晚
1041,2022-07-08,脆球点心,快餐,20,12,240,在线支付,下午
1042,2022-07-08,法兰基卷,快餐,50,10,500,在线支付,傍晚
1043,2022-07-08,新鲜甘蔗汁,饮品,25,3,75,现金,下午
1044,2022-07-08,招牌三明治,快餐,60,8,480,在线支付,傍晚
1045,2022-07-08,瓦达汉堡,快餐,20,8,160,现金,下午
1046,2022-07-08,瓦达汉堡,快餐,20,12,240,现金,下午
1047,2022-07-08,新鲜甘蔗汁,饮品,25,7,175,在线支付,傍晚
1048,2022-07-08,脆球点心,快餐,20,15,300,现金,早晨
1049,2022-07-08,新鲜甘蔗汁,饮品,25,4,100,现金,傍晚
1050,2022-07-08,招牌三明治,快餐,60,8,480,在线支付,下午
1051,2022-07-08,冰咖啡,饮品,40,15,600,现金,下午
1052,2022-07-08,冰咖啡,饮品,40,9,360,现金,傍晚
1053,2022-07-08,瓦达汉堡,快餐,20,13,260,现金,傍晚
1054,2022-07-08,新鲜甘蔗汁,饮品,25,3,75,在线支付,晚上
1055,2022-07-08,冰咖啡,饮品,40,3,120,其他,早晨
1056,2022-07-08,咖喱土豆球,快餐,20,12,240,现金,晚上
1057,2022-07-08,瓦达汉堡,快餐,20,3,60,在线支付,午夜
1058,2022-07-08,咖喱土豆球,快餐,20,6,120,现金,早晨
1059,2022-07-08,冰咖啡,饮品,40,8,320,现金,午夜
1060,2022-07-08,脆球点心,快餐,20,10,200,现金,早晨
1061,2022-07-08,脆球点心,快餐,20,3,60,其他,早晨
1062,2022-07-08,瓦达汉堡,快餐,20,9,180,现金,傍晚
1063,2022-07-08,脆球点心,快餐,20,11,220,现金,下午
1064,2022-07-08,咖喱土豆球,快餐,20,6,120,现金,午夜
1065,2022-07-08,法兰基卷,快餐,50,6,300,在线支付,午夜
1066,2022-07-08,招牌三明治,快餐,60,3,180,在线支付,午夜
1067,2022-07-08,招牌三明治,快餐,60,2,120,其他,晚上
1068,2022-07-08,新鲜甘蔗汁,饮品,25,4,100,现金,傍晚
1069,2022-07-08,瓦达汉堡,快餐,20,7,140,在线支付,早晨
1070,2022-07-08,冰咖啡,饮品,40,14,560,在线支付,早晨
1071,2022-07-08,咖喱土豆球,快餐,20,9,180,其他,午夜
1072,2022-07-08,招牌三明治,快餐,60,4,240,其他,早晨
1073,2022-07-08,新鲜甘蔗汁,饮品,25,9,225,其他,晚上
1074,2022-07-08,招牌三明治,快餐,60,5,300,现金,午夜
1075,2022-07-08,新鲜甘蔗汁,饮品,25,10,250,其他,早晨
1076,2022-07-08,新鲜甘蔗汁,饮品,25,14,350,现金,早晨
1077,2022-07-08,新鲜甘蔗汁,饮品,25,15,375,现金,傍晚
1078,2022-07-08,咖喱土豆球,快餐,20,5,100,在线支付,傍晚
1079,2022-07-08,咖喱土豆球,快餐,20,10,200,在线支付,下午
1080,2022-07-08,新鲜甘蔗汁,饮品,25,9,225,现金,晚上
1081,2022-07-08,瓦达汉堡,快餐,20,11,220,现金,晚上
1082,2022-07-08,脆球点心,快餐,20,15,300,现金,午夜
1083,2022-07-08,脆球点心,快餐,20,8,160,现金,傍晚
1084,2022-07-08,瓦达汉堡,快餐,20,14,280,在线支付,晚上
1085,2022-07-08,冰咖啡,饮品,40,11,440,现金,早晨
1086,2022-07-08,法兰基卷,快餐,50,7,350,现金,下午
1087,2022-07-08,新鲜甘蔗汁,饮品,25,10,250,其他,午夜
1088,2022-07-08,脆球点心,快餐,20,11,220,现金,傍晚
1089,2022-07-08,冰咖啡,饮品,40,1,40,在线支付,午夜
1090,2022-07-08,法兰基卷,快餐,50,13,650,在线支付,晚上
1091,2022-07-09,瓦达汉堡,快餐,20,9,180,现金,下午
1092,2022-07-09,冰咖啡,饮品,40,7,280,其他,午夜
1093,2022-07-09,招牌三明治,快餐,60,6,360,在线支付,下午
1094,2022-07-09,脆球点心,快餐,20,9,180,现金,午夜
1095,2022-07-09,招牌三明治,快餐,60,4,240,现金,傍晚
1096,2022-07-09,咖喱土豆球,快餐,20,4,80,现金,午夜
1097,2022-07-09,招牌三明治,快餐,60,6,360,在线支付,午夜
1098,2022-07-09,新鲜甘蔗汁,饮品,25,9,225,在线支付,晚上
1099,2022-07-09,法兰基卷,快餐,50,8,400,在线支付,下午
1100,2022-07-09,瓦达汉堡,快餐,20,1,20,在线支付,早晨
1101,2022-07-09,冰咖啡,饮品,40,13,520,现金,早晨
1102,2022-07-09,冰咖啡,饮品,40,14,560,现金,傍晚
1103,2022-07-09,瓦达汉堡,快餐,20,2,40,现金,傍晚
1104,2022-07-09,咖喱土豆球,快餐,20,15,300,在线支付,晚上
1105,2022-07-09,法兰基卷,快餐,50,9,450,其他,早晨
1106,2022-07-09,冰咖啡,饮品,40,4,160,现金,晚上
1107,2022-07-09,法兰基卷,快餐,50,5,250,现金,下午
1108,2022-07-09,咖喱土豆球,快餐,20,9,180,在线支付,下午
1109,2022-07-09,新鲜甘蔗汁,饮品,25,13,325,在线支付,晚上
1110,2022-07-09,咖喱土豆球,快餐,20,6,120,现金,傍晚
1111,2022-07-09,冰咖啡,饮品,40,6,240,其他,午夜
1112,2022-07-09,瓦达汉堡,快餐,20,10,200,在线支付,下午
1113,2022-07-09,招牌三明治,快餐,60,13,780,现金,早晨
1114,2022-07-09,法兰基卷,快餐,50,1,50,现金,午夜
1115,2022-07-09,法兰基卷,快餐,50,3,150,现金,晚上
1116,2022-07-09,瓦达汉堡,快餐,20,6,120,现金,晚上
1117,2022-07-09,咖喱土豆球,快餐,20,7,140,现金,晚上
1118,2022-07-09,咖喱土豆球,快餐,20,14,280,现金,午夜
1119,2022-07-09,咖喱土豆球,快餐,20,8,160,现金,早晨
1120,2022-07-09,新鲜甘蔗汁,饮品,25,13,325,现金,傍晚
1121,2022-07-09,脆球点心,快餐,20,5,100,在线支付,下午
1122,2022-07-09,瓦达汉堡,快餐,20,14,280,在线支付,午夜
1123,2022-07-09,新鲜甘蔗汁,饮品,25,8,200,现金,午夜
1124,2022-07-09,咖喱土豆球,快餐,20,9,180,在线支付,晚上
1125,2022-07-09,法兰基卷,快餐,50,4,200,在线支付,早晨
1126,2022-07-09,新鲜甘蔗汁,饮品,25,8,200,在线支付,早晨
1127,2022-07-09,新鲜甘蔗汁,饮品,25,6,150,在线支付,早晨
1128,2022-07-09,咖喱土豆球,快餐,20,5,100,现金,下午
1129,2022-07-09,法兰基卷,快餐,50,9,450,在线支付,早晨
1130,2022-07-09,瓦达汉堡,快餐,20,13,260,在线支付,早晨
1131,2022-07-09,新鲜甘蔗汁,饮品,25,1,25,现金,晚上
1132,2022-07-09,瓦达汉堡,快餐,20,11,220,在线支付,傍晚
1133,2022-07-09,咖喱土豆球,快餐,20,6,120,在线支付,早晨
1134,2022-07-09,瓦达汉堡,快餐,20,9,180,在线支付,下午
1135,2022-07-09,法兰基卷,快餐,50,1,50,现金,早晨
1136,2022-07-09,招牌三明治,快餐,60,4,240,其他,傍晚
1137,2022-07-09,招牌三明治,快餐,60,1,60,在线支付,下午
1138,2022-07-09,脆球点心,快餐,20,9,180,在线支付,下午
1139,2022-07-09,新鲜甘蔗汁,饮品,25,8,200,在线支付,下午
1140,2022-07-09,冰咖啡,饮品,40,3,120,其他,傍晚
1141,2022-07-09,瓦达汉堡,快餐,20,12,240,在线支付,下午
1142,2022-07-09,脆球点心,快餐,20,2,40,在线支付,下午
1143,2022-07-09,脆球点心,快餐,20,13,260,在线支付,晚上
1144,2022-07-09,脆球点心,快餐,20,11,220,现金,下午
1145,2022-07-09,脆球点心,快餐,20,11,220,在线支付,傍晚
1146,2022-07-09,法兰基卷,快餐,50,8,400,现金,傍晚
1147,2022-07-09,招牌三明治,快餐,60,11,660,其他,早晨
1148,2022-07-09,冰咖啡,饮品,40,7,280,现金,午夜
1149,2022-07-09,瓦达汉堡,快餐,20,5,100,现金,午夜
1150,2022-07-09,招牌三明治,快餐,60,10,600,在线支付,早晨
1151,2022-07-09,新鲜甘蔗汁,饮品,25,4,100,在线支付,午夜
1152,2022-07-09,新鲜甘蔗汁,饮品,25,15,375,现金,下午
1153,2022-07-09,冰咖啡,饮品,40,11,440,在线支付,傍晚
1154,2022-07-09,瓦达汉堡,快餐,20,12,240,在线支付,下午
1155,2022-07-09,法兰基卷,快餐,50,1,50,其他,午夜
1156,2022-07-09,新鲜甘蔗汁,饮品,25,7,175,现金,下午
1157,2022-07-09,瓦达汉堡,快餐,20,15,300,现金,傍晚
1158,2022-07-09,新鲜甘蔗汁,饮品,25,8,200,现金,下午
1159,2022-07-09,新鲜甘蔗汁,饮品,25,5,125,现金,下午
1160,2022-07-09,冰咖啡,饮品,40,5,200,现金,傍晚
1161,2022-07-09,瓦达汉堡,快餐,20,15,300,现金,午夜
1162,2022-07-09,法兰基卷,快餐,50,1,50,在线支付,午夜
1163,2022-07-09,新鲜甘蔗汁,饮品,25,7,175,在线支付,下午
1164,2022-07-09,招牌三明治,快餐,60,15,900,在线支付,晚上
1165,2022-07-09,新鲜甘蔗汁,饮品,25,4,100,现金,午夜
1166,2022-07-09,招牌三明治,快餐,60,6,360,现金,傍晚
1167,2022-07-09,法兰基卷,快餐,50,2,100,现金,早晨
1168,2022-07-09,冰咖啡,饮品,40,9,360,在线支付,午夜
1169,2022-07-09,法兰基卷,快餐,50,8,400,在线支付,下午
1170,2022-07-09,脆球点心,快餐,20,6,120,在线支付,傍晚
1171,2022-07-09,脆球点心,快餐,20,2,40,在线支付,下午
1172,2022-07-09,脆球点心,快餐,20,10,200,在线支付,下午
1173,2022-07-09,脆球点心,快餐,20,3,60,在线支付,午夜
1174,2022-07-09,新鲜甘蔗汁,饮品,25,12,300,现金,早晨
1175,2022-07-09,招牌三明治,快餐,60,15,900,在线支付,傍晚
1176,2022-07-09,瓦达汉堡,快餐,20,10,200,在线支付,下午
1177,2022-07-09,脆球点心,快餐,20,9,180,现金,午夜
1178,2022-07-09,瓦达汉堡,快餐,20,1,20,在线支付,晚上
1179,2022-07-09,瓦达汉堡,快餐,20,8,160,现金,早晨
1180,2022-07-09,脆球点心,快餐,20,6,120,在线支付,下午
1181,2022-07-09,招牌三明治,快餐,60,3,180,在线支付,傍晚
1182,2022-07-09,瓦达汉堡,快餐,20,14,280,现金,下午
1183,2022-07-09,冰咖啡,饮品,40,5,200,其他,下午
1184,2022-07-09,脆球点心,快餐,20,13,260,在线支付,早晨
1185,2022-07-09,冰咖啡,饮品,40,4,160,在线支付,下午
1186,2022-07-09,招牌三明治,快餐,60,13,780,在线支付,晚上
1187,2022-07-09,法兰基卷,快餐,50,14,700,现金,早晨
1188,2022-07-09,新鲜甘蔗汁,饮品,25,13,325,现金,午夜
1189,2022-07-09,脆球点心,快餐,20,1,20,现金,傍晚
1190,2022-07-09,瓦达汉堡,快餐,20,1,20,现金,午夜
1191,2022-07-09,冰咖啡,饮品,40,9,360,现金,下午
1192,2022-07-09,法兰基卷,快餐,50,9,450,在线支付,午夜
1193,2022-07-09,脆球点心,快餐,20,5,100,在线支付,午夜
1194,2022-07-09,招牌三明治,快餐,60,11,660,其他,早晨
1195,2022-07-09,冰咖啡,饮品,40,5,200,现金,下午
1196,2022-07-09,新鲜甘蔗汁,饮品,25,13,325,现金,下午
1197,2022-07-09,冰咖啡,饮品,40,7,280,现金,晚上
1198,2022-07-09,脆球点心,快餐,20,1,20,在线支付,早晨
1199,2022-07-09,冰咖啡,饮品,40,11,440,现金,午夜
1200,2022-07-09,法兰基卷,快餐,50,1,50,现金,下午
1201,2022-07-09,脆球点心,快餐,20,15,300,在线支付,傍晚
1202,2022-07-09,咖喱土豆球,快餐,20,3,60,在线支付,晚上
1203,2022-07-09,新鲜甘蔗汁,饮品,25,12,300,现金,午夜
1204,2022-07-09,瓦达汉堡,快餐,20,9,180,现金,下午
1205,2022-07-09,冰咖啡,饮品,40,8,320,在线支付,早晨
1206,2022-07-09,脆球点心,快餐,20,15,300,在线支付,晚上
1207,2022-07-09,冰咖啡,饮品,40,13,520,现金,早晨
1208,2022-07-09,脆球点心,快餐,20,11,220,在线支付,午夜
1209,2022-07-09,法兰基卷,快餐,50,13,650,现金,晚上
1210,2022-07-09,新鲜甘蔗汁,饮品,25,4,100,在线支付,午夜
1211,2022-07-09,新鲜甘蔗汁,饮品,25,12,300,在线支付,午夜
1212,2022-07-09,招牌三明治,快餐,60,12,720,其他,傍晚
1213,2022-07-09,瓦达汉堡,快餐,20,11,220,现金,下午
1214,2022-07-09,冰咖啡,饮品,40,10,400,在线支付,晚上
1215,2022-07-09,法兰基卷,快餐,50,7,350,现金,下午
1216,2022-07-09,瓦达汉堡,快餐,20,10,200,现金,晚上
1217,2022-07-09,招牌三明治,快餐,60,7,420,其他,早晨
1218,2022-07-09,新鲜甘蔗汁,饮品,25,5,125,现金,傍晚
1219,2022-07-09,法兰基卷,快餐,50,4,200,现金,晚上
1220,2022-07-09,招牌三明治,快餐,60,9,540,在线支付,下午
1221,2022-07-09,法兰基卷,快餐,50,5,250,在线支付,早晨
1222,2022-07-09,脆球点心,快餐,20,7,140,现金,下午
1223,2022-07-09,新鲜甘蔗汁,饮品,25,5,125,现金,午夜
1224,2022-07-09,招牌三明治,快餐,60,1,60,现金,午夜
1225,2022-07-09,脆球点心,快餐,20,15,300,现金,晚上
1226,2022-07-09,新鲜甘蔗汁,饮品,25,12,300,现金,早晨
1227,2022-07-09,新鲜甘蔗汁,饮品,25,7,175,现金,下午
1228,2022-07-09,瓦达汉堡,快餐,20,9,180,现金,早晨
1229,2022-07-09,法兰基卷,快餐,50,15,750,现金,傍晚
1230,2022-07-09,咖喱土豆球,快餐,20,14,280,在线支付,早晨
1231,2022-07-09,招牌三明治,快餐,60,1,60,现金,午夜
1232,2022-07-09,新鲜甘蔗汁,饮品,25,4,100,现金,晚上
1233,2022-07-09,脆球点心,快餐,20,7,140,现金,午夜
1234,2022-07-10,新鲜甘蔗汁,饮品,25,10,250,现金,午夜
1235,2022-07-10,咖喱土豆球,快餐,20,8,160,现金,午夜
1236,2022-07-10,新鲜甘蔗汁,饮品,25,7,175,在线支付,早晨
1237,2022-07-10,冰咖啡,饮品,40,3,120,现金,早晨
1238,2022-07-10,咖喱土豆球,快餐,20,1,20,在线支付,晚上
1239,2022-07-10,咖喱土豆球,快餐,20,2,40,在线支付,下午
1240,2022-07-10,招牌三明治,快餐,60,8,480,现金,午夜
1241,2022-07-10,咖喱土豆球,快餐,20,5,100,在线支付,下午
1242,2022-07-10,冰咖啡,饮品,40,1,40,现金,傍晚
1243,2022-07-10,新鲜甘蔗汁,饮品,25,15,375,在线支付,傍晚
1244,2022-07-10,咖喱土豆球,快餐,20,9,180,现金,傍晚
1245,2022-07-10,咖喱土豆球,快餐,20,5,100,现金,下午
1246,2022-07-10,冰咖啡,饮品,40,6,240,现金,午夜
1247,2022-07-10,瓦达汉堡,快餐,20,13,260,在线支付,傍晚
1248,2022-07-10,招牌三明治,快餐,60,7,420,在线支付,晚上
1249,2022-07-10,瓦达汉堡,快餐,20,11,220,现金,傍晚
1250,2022-07-10,招牌三明治,快餐,60,15,900,在线支付,早晨
1251,2022-07-10,新鲜甘蔗汁,饮品,25,12,300,现金,晚上
1252,2022-07-10,脆球点心,快餐,20,1,20,在线支付,午夜
1253,2022-07-10,新鲜甘蔗汁,饮品,25,8,200,现金,下午
1254,2022-07-10,脆球点心,快餐,20,9,180,在线支付,早晨
1255,2022-07-10,法兰基卷,快餐,50,7,350,现金,傍晚
1256,2022-07-10,咖喱土豆球,快餐,20,10,200,其他,傍晚
1257,2022-07-10,招牌三明治,快餐,60,11,660,现金,早晨
1258,2022-07-10,瓦达汉堡,快餐,20,10,200,现金,晚上
1259,2022-07-10,法兰基卷,快餐,50,9,450,现金,傍晚
1260,2022-07-10,新鲜甘蔗汁,饮品,25,11,275,在线支付,傍晚
1261,2022-07-10,脆球点心,快餐,20,7,140,在线支付,傍晚
1262,2022-07-10,新鲜甘蔗汁,饮品,25,6,150,现金,晚上
1263,2022-07-10,新鲜甘蔗汁,饮品,25,11,275,在线支付,下午
1264,2022-07-10,咖喱土豆球,快餐,20,7,140,在线支付,下午
1265,2022-07-10,脆球点心,快餐,20,8,160,现金,傍晚
1266,2022-07-10,咖喱土豆球,快餐,20,5,100,现金,下午
1267,2022-07-10,新鲜甘蔗汁,饮品,25,4,100,现金,早晨
1268,2022-07-10,咖喱土豆球,快餐,20,8,160,其他,早晨
1269,2022-07-10,冰咖啡,饮品,40,13,520,在线支付,下午
1270,2022-07-10,新鲜甘蔗汁,饮品,25,6,150,其他,午夜
1271,2022-07-10,招牌三明治,快餐,60,11,660,现金,早晨
1272,2022-07-10,脆球点心,快餐,20,6,120,在线支付,下午
1273,2022-07-10,招牌三明治,快餐,60,9,540,现金,早晨
1274,2022-07-10,脆球点心,快餐,20,3,60,在线支付,傍晚
1275,2022-07-10,法兰基卷,快餐,50,9,450,在线支付,午夜
1276,2022-07-10,冰咖啡,饮品,40,13,520,现金,晚上
1277,2022-07-10,招牌三明治,快餐,60,1,60,现金,午夜
1278,2022-07-10,招牌三明治,快餐,60,3,180,其他,晚上
1279,2022-07-10,新鲜甘蔗汁,饮品,25,5,125,现金,晚上
1280,2022-07-10,新鲜甘蔗汁,饮品,25,9,225,其他,午夜
1281,2022-07-10,法兰基卷,快餐,50,15,750,现金,下午
1282,2022-07-10,瓦达汉堡,快餐,20,12,240,在线支付,早晨
1283,2022-07-10,招牌三明治,快餐,60,5,300,其他,午夜
1284,2022-07-10,新鲜甘蔗汁,饮品,25,14,350,在线支付,晚上
1285,2022-07-10,瓦达汉堡,快餐,20,15,300,现金,傍晚
1286,2022-07-10,瓦达汉堡,快餐,20,5,100,现金,早晨
1287,2022-07-10,法兰基卷,快餐,50,7,350,现金,下午
1288,2022-07-10,脆球点心,快餐,20,6,120,在线支付,早晨
1289,2022-07-10,新鲜甘蔗汁,饮品,25,9,225,现金,下午
1290,2022-07-10,新鲜甘蔗汁,饮品,25,10,250,在线支付,傍晚
1291,2022-07-10,新鲜甘蔗汁,饮品,25,4,100,现金,傍晚
1292,2022-07-10,招牌三明治,快餐,60,10,600,现金,傍晚
1293,2022-07-10,冰咖啡,饮品,40,1,40,现金,晚上
1294,2022-07-10,脆球点心,快餐,20,7,140,在线支付,早晨
1295,2022-07-10,脆球点心,快餐,20,10,200,在线支付,下午
1296,2022-07-10,法兰基卷,快餐,50,3,150,现金,下午
1297,2022-07-10,法兰基卷,快餐,50,6,300,现金,早晨
1298,2022-07-10,冰咖啡,饮品,40,4,160,在线支付,早晨
1299,2022-07-10,法兰基卷,快餐,50,10,500,其他,晚上
1300,2022-07-10,瓦达汉堡,快餐,20,3,60,现金,晚上
1301,2022-07-10,咖喱土豆球,快餐,20,15,300,现金,早晨
1302,2022-07-10,瓦达汉堡,快餐,20,11,220,现金,下午
1303,2022-07-10,咖喱土豆球,快餐,20,8,160,在线支付,下午
1304,2022-07-10,冰咖啡,饮品,40,12,480,现金,午夜
1305,2022-07-10,咖喱土豆球,快餐,20,15,300,在线支付,下午
1306,2022-07-10,招牌三明治,快餐,60,2,120,在线支付,傍晚
1307,2022-07-10,法兰基卷,快餐,50,10,500,在线支付,晚上
1308,2022-07-10,新鲜甘蔗汁,饮品,25,8,200,在线支付,早晨
1309,2022-07-10,招牌三明治,快餐,60,14,840,在线支付,下午
1310,2022-07-10,瓦达汉堡,快餐,20,6,120,在线支付,早晨
1311,2022-07-10,瓦达汉堡,快餐,20,4,80,在线支付,午夜
1312,2022-07-10,招牌三明治,快餐,60,1,60,在线支付,傍晚
1313,2022-07-10,冰咖啡,饮品,40,4,160,在线支付,下午
1314,2022-07-10,招牌三明治,快餐,60,10,600,在线支付,下午
1315,2022-07-10,脆球点心,快餐,20,15,300,现金,傍晚
1316,2022-07-10,法兰基卷,快餐,50,9,450,现金,晚上
1317,2022-07-10,冰咖啡,饮品,40,14,560,在线支付,下午
1318,2022-07-10,招牌三明治,快餐,60,6,360,现金,早晨
1319,2022-07-10,咖喱土豆球,快餐,20,11,220,现金,傍晚
1320,2022-07-10,冰咖啡,饮品,40,12,480,在线支付,午夜
1321,2022-07-10,冰咖啡,饮品,40,11,440,现金,下午
1322,2022-07-10,冰咖啡,饮品,40,4,160,其他,傍晚
1323,2022-07-10,冰咖啡,饮品,40,5,200,现金,早晨
1324,2022-07-10,冰咖啡,饮品,40,4,160,在线支付,早晨
1325,2022-07-10,脆球点心,快餐,20,1,20,现金,下午
1326,2022-07-10,瓦达汉堡,快餐,20,3,60,现金,下午
1327,2022-07-10,法兰基卷,快餐,50,14,700,现金,下午
1328,2022-07-10,法兰基卷,快餐,50,14,700,在线支付,下午
1329,2022-07-10,新鲜甘蔗汁,饮品,25,3,75,现金,午夜
1330,2022-07-10,法兰基卷,快餐,50,9,450,在线支付,晚上
1331,2022-07-10,冰咖啡,饮品,40,7,280,现金,午夜
1332,2022-07-10,冰咖啡,饮品,40,4,160,在线支付,下午
1333,2022-07-10,法兰基卷,快餐,50,13,650,其他,早晨
1334,2022-07-10,法兰基卷,快餐,50,3,150,现金,晚上
1335,2022-07-10,新鲜甘蔗汁,饮品,25,4,100,在线支付,下午
1336,2022-07-10,新鲜甘蔗汁,饮品,25,12,300,现金,傍晚
1337,2022-07-10,瓦达汉堡,快餐,20,6,120,在线支付,早晨
1338,2022-07-10,瓦达汉堡,快餐,20,10,200,现金,傍晚
1339,2022-07-10,法兰基卷,快餐,50,11,550,现金,下午
1340,2022-07-10,咖喱土豆球,快餐,20,5,100,现金,傍晚
1341,2022-07-10,冰咖啡,饮品,40,10,400,现金,早晨
1342,2022-07-10,咖喱土豆球,快餐,20,8,160,现金,傍晚
1343,2022-07-10,法兰基卷,快餐,50,15,750,在线支付,午夜
1344,2022-07-10,瓦达汉堡,快餐,20,13,260,现金,晚上
1345,2022-07-10,法兰基卷,快餐,50,13,650,其他,午夜
1346,2022-07-10,法兰基卷,快餐,50,15,750,现金,早晨
1347,2022-07-10,招牌三明治,快餐,60,6,360,现金,傍晚
1348,2022-07-10,脆球点心,快餐,20,15,300,现金,晚上
1349,2022-07-10,瓦达汉堡,快餐,20,7,140,在线支付,早晨
1350,2022-07-10,冰咖啡,饮品,40,7,280,现金,晚上
1351,2022-07-10,冰咖啡,饮品,40,6,240,现金,晚上
1352,2022-07-10,冰咖啡,饮品,40,11,440,现金,午夜
1353,2022-07-10,冰咖啡,饮品,40,7,280,其他,早晨
1354,2022-07-10,招牌三明治,快餐,60,9,540,在线支付,晚上
1355,2022-07-10,招牌三明治,快餐,60,9,540,现金,傍晚
1356,2022-07-10,法兰基卷,快餐,50,9,450,现金,午夜
1357,2022-07-10,新鲜甘蔗汁,饮品,25,8,200,在线支付,傍晚
1358,2022-07-10,招牌三明治,快餐,60,15,900,在线支付,下午
1359,2022-07-10,法兰基卷,快餐,50,8,400,现金,午夜
1360,2022-07-10,新鲜甘蔗汁,饮品,25,9,225,现金,晚上
1361,2022-07-10,招牌三明治,快餐,60,2,120,在线支付,早晨
1362,2022-07-10,脆球点心,快餐,20,6,120,现金,傍晚
1363,2022-07-10,新鲜甘蔗汁,饮品,25,1,25,在线支付,晚上
1364,2022-07-10,冰咖啡,饮品,40,4,160,在线支付,晚上
1365,2022-07-10,瓦达汉堡,快餐,20,14,280,现金,下午
1366,2022-07-10,新鲜甘蔗汁,饮品,25,11,275,在线支付,晚上
1367,2022-07-10,脆球点心,快餐,20,10,200,在线支付,早晨
1368,2022-07-10,新鲜甘蔗汁,饮品,25,8,200,现金,傍晚
1369,2022-07-10,冰咖啡,饮品,40,7,280,现金,傍晚
1370,2022-07-10,瓦达汉堡,快餐,20,5,100,在线支付,午夜
1371,2022-07-10,新鲜甘蔗汁,饮品,25,15,375,现金,傍晚
1372,2022-07-10,脆球点心,快餐,20,10,200,在线支付,傍晚
1373,2022-07-10,瓦达汉堡,快餐,20,9,180,现金,早晨
1374,2022-07-10,新鲜甘蔗汁,饮品,25,12,300,在线支付,午夜
1375,2022-07-10,新鲜甘蔗汁,饮品,25,7,175,现金,下午
1376,2022-07-10,法兰基卷,快餐,50,6,300,现金,晚上
1377,2022-07-10,冰咖啡,饮品,40,11,440,在线支付,午夜
1378,2022-07-10,新鲜甘蔗汁,饮品,25,2,50,在线支付,午夜
1379,2022-07-11,冰咖啡,饮品,40,9,360,在线支付,午夜
1380,2022-07-11,咖喱土豆球,快餐,20,14,280,在线支付,下午
1381,2022-07-11,瓦达汉堡,快餐,20,15,300,在线支付,下午
1382,2022-07-11,瓦达汉堡,快餐,20,6,120,现金,下午
1383,2022-07-11,冰咖啡,饮品,40,6,240,现金,傍晚
1384,2022-07-11,咖喱土豆球,快餐,20,12,240,现金,晚上
1385,2022-07-11,招牌三明治,快餐,60,15,900,现金,早晨
1386,2022-07-11,脆球点心,快餐,20,3,60,现金,午夜
1387,2022-07-11,法兰基卷,快餐,50,15,750,现金,傍晚
1388,2022-07-11,冰咖啡,饮品,40,11,440,现金,傍晚
1389,2022-07-11,脆球点心,快餐,20,12,240,在线支付,傍晚
1390,2022-07-11,新鲜甘蔗汁,饮品,25,7,175,在线支付,午夜
1391,2022-07-11,招牌三明治,快餐,60,8,480,现金,下午
1392,2022-07-11,招牌三明治,快餐,60,13,780,现金,下午
1393,2022-07-11,咖喱土豆球,快餐,20,10,200,在线支付,傍晚
1394,2022-07-11,冰咖啡,饮品,40,9,360,在线支付,早晨
1395,2022-07-11,瓦达汉堡,快餐,20,15,300,现金,晚上
1396,2022-07-11,法兰基卷,快餐,50,15,750,现金,早晨
1397,2022-07-11,新鲜甘蔗汁,饮品,25,15,375,现金,下午
1398,2022-07-11,瓦达汉堡,快餐,20,10,200,在线支付,下午
1399,2022-07-11,瓦达汉堡,快餐,20,11,220,现金,午夜
1400,2022-07-11,瓦达汉堡,快餐,20,4,80,在线支付,下午
1401,2022-07-11,招牌三明治,快餐,60,11,660,现金,午夜
1402,2022-07-11,冰咖啡,饮品,40,7,280,其他,晚上
1403,2022-07-11,脆球点心,快餐,20,11,220,现金,晚上
1404,2022-07-11,冰咖啡,饮品,40,12,480,其他,早晨
1405,2022-07-11,冰咖啡,饮品,40,5,200,在线支付,下午
1406,2022-07-11,脆球点心,快餐,20,15,300,现金,下午
1407,2022-07-11,瓦达汉堡,快餐,20,3,60,现金,晚上
1408,2022-07-11,脆球点心,快餐,20,10,200,现金,下午
1409,2022-07-11,咖喱土豆球,快餐,20,7,140,在线支付,晚上
1410,2022-07-11,招牌三明治,快餐,60,8,480,其他,傍晚
1411,2022-07-11,瓦达汉堡,快餐,20,2,40,在线支付,晚上
1412,2022-07-11,咖喱土豆球,快餐,20,12,240,在线支付,下午
1413,2022-07-11,瓦达汉堡,快餐,20,9,180,在线支付,早晨
1414,2022-07-11,瓦达汉堡,快餐,20,1,20,现金,晚上
1415,2022-07-11,新鲜甘蔗汁,饮品,25,9,225,在线支付,下午
1416,2022-07-11,咖喱土豆球,快餐,20,7,140,现金,傍晚
1417,2022-07-11,脆球点心,快餐,20,11,220,现金,下午
1418,2022-07-11,脆球点心,快餐,20,5,100,现金,早晨
1419,2022-07-11,法兰基卷,快餐,50,5,250,其他,傍晚
1420,2022-07-11,新鲜甘蔗汁,饮品,25,13,325,在线支付,傍晚
1421,2022-07-11,冰咖啡,饮品,40,8,320,现金,午夜
1422,2022-07-11,新鲜甘蔗汁,饮品,25,11,275,其他,早晨
1423,2022-07-11,法兰基卷,快餐,50,3,150,在线支付,下午
1424,2022-07-11,新鲜甘蔗汁,饮品,25,6,150,在线支付,午夜
1425,2022-07-11,新鲜甘蔗汁,饮品,25,1,25,现金,晚上
1426,2022-07-11,新鲜甘蔗汁,饮品,25,8,200,在线支付,下午
1427,2022-07-11,新鲜甘蔗汁,饮品,25,8,200,在线支付,晚上
1428,2022-07-11,脆球点心,快餐,20,15,300,现金,下午
1429,2022-07-11,招牌三明治,快餐,60,8,480,在线支付,下午
1430,2022-07-11,瓦达汉堡,快餐,20,10,200,现金,午夜
1431,2022-07-11,冰咖啡,饮品,40,4,160,其他,早晨
1432,2022-07-11,冰咖啡,饮品,40,9,360,在线支付,午夜
1433,2022-07-11,冰咖啡,饮品,40,8,320,在线支付,晚上
1434,2022-07-11,招牌三明治,快餐,60,2,120,在线支付,傍晚
1435,2022-07-11,咖喱土豆球,快餐,20,10,200,现金,午夜
1436,2022-07-11,法兰基卷,快餐,50,1,50,现金,午夜
1437,2022-07-11,脆球点心,快餐,20,3,60,现金,早晨
1438,2022-07-11,冰咖啡,饮品,40,10,400,在线支付,傍晚
1439,2022-07-11,新鲜甘蔗汁,饮品,25,12,300,现金,早晨
1440,2022-07-11,瓦达汉堡,快餐,20,15,300,现金,傍晚
1441,2022-07-11,冰咖啡,饮品,40,11,440,在线支付,下午
1442,2022-07-11,冰咖啡,饮品,40,13,520,其他,早晨
1443,2022-07-11,脆球点心,快餐,20,6,120,现金,下午
1444,2022-07-11,招牌三明治,快餐,60,5,300,现金,下午
1445,2022-07-11,新鲜甘蔗汁,饮品,25,7,175,现金,傍晚
1446,2022-07-11,瓦达汉堡,快餐,20,9,180,现金,晚上
1447,2022-07-11,脆球点心,快餐,20,6,120,在线支付,傍晚
1448,2022-07-11,新鲜甘蔗汁,饮品,25,11,275,现金,晚上
1449,2022-07-11,新鲜甘蔗汁,饮品,25,6,150,现金,午夜
1450,2022-07-11,咖喱土豆球,快餐,20,15,300,现金,下午
1451,2022-07-11,新鲜甘蔗汁,饮品,25,9,225,现金,下午
1452,2022-07-11,招牌三明治,快餐,60,7,420,现金,下午
1453,2022-07-11,招牌三明治,快餐,60,4,240,现金,晚上
1454,2022-07-11,招牌三明治,快餐,60,15,900,现金,傍晚
1455,2022-07-11,瓦达汉堡,快餐,20,11,220,其他,午夜
1456,2022-07-11,新鲜甘蔗汁,饮品,25,6,150,现金,傍晚
1457,2022-07-11,脆球点心,快餐,20,5,100,现金,晚上
1458,2022-07-11,法兰基卷,快餐,50,13,650,现金,傍晚
1459,2022-07-11,新鲜甘蔗汁,饮品,25,12,300,在线支付,午夜
1460,2022-07-11,新鲜甘蔗汁,饮品,25,8,200,现金,晚上
1461,2022-07-11,瓦达汉堡,快餐,20,9,180,现金,早晨
1462,2022-07-11,咖喱土豆球,快餐,20,15,300,现金,傍晚
1463,2022-07-11,咖喱土豆球,快餐,20,12,240,在线支付,晚上
1464,2022-07-11,新鲜甘蔗汁,饮品,25,11,275,现金,傍晚
1465,2022-07-11,冰咖啡,饮品,40,5,200,现金,早晨
1466,2022-07-11,法兰基卷,快餐,50,15,750,在线支付,下午
1467,2022-07-11,脆球点心,快餐,20,9,180,在线支付,午夜
1468,2022-07-11,瓦达汉堡,快餐,20,12,240,在线支付,午夜
1469,2022-07-11,冰咖啡,饮品,40,8,320,现金,傍晚
1470,2022-07-11,招牌三明治,快餐,60,9,540,现金,晚上
1471,2022-07-11,招牌三明治,快餐,60,9,540,现金,傍晚
1472,2022-07-11,法兰基卷,快餐,50,7,350,现金,早晨
1473,2022-07-11,冰咖啡,饮品,40,6,240,现金,下午
1474,2022-07-11,瓦达汉堡,快餐,20,2,40,现金,傍晚
1475,2022-07-11,法兰基卷,快餐,50,14,700,其他,午夜
1476,2022-07-11,瓦达汉堡,快餐,20,2,40,现金,早晨
1477,2022-07-11,法兰基卷,快餐,50,10,500,在线支付,傍晚
1478,2022-07-11,新鲜甘蔗汁,饮品,25,3,75,在线支付,午夜
1479,2022-07-11,冰咖啡,饮品,40,4,160,在线支付,下午
1480,2022-07-11,法兰基卷,快餐,50,12,600,现金,早晨
1481,2022-07-11,冰咖啡,饮品,40,5,200,在线支付,午夜
1482,2022-07-11,咖喱土豆球,快餐,20,10,200,现金,晚上
1483,2022-07-11,法兰基卷,快餐,50,12,600,现金,晚上
1484,2022-07-11,脆球点心,快餐,20,15,300,在线支付,下午
1485,2022-07-11,冰咖啡,饮品,40,6,240,在线支付,傍晚
1486,2022-07-12,新鲜甘蔗汁,饮品,25,7,175,在线支付,下午
1487,2022-07-12,咖喱土豆球,快餐,20,6,120,其他,晚上
1488,2022-07-12,冰咖啡,饮品,40,6,240,现金,下午
1489,2022-07-12,瓦达汉堡,快餐,20,8,160,在线支付,早晨
1490,2022-07-12,脆球点心,快餐,20,10,200,在线支付,午夜
1491,2022-07-12,咖喱土豆球,快餐,20,9,180,现金,午夜
1492,2022-07-12,脆球点心,快餐,20,2,40,在线支付,下午
1493,2022-07-12,咖喱土豆球,快餐,20,12,240,在线支付,早晨
1494,2022-07-12,冰咖啡,饮品,40,4,160,其他,早晨
1495,2022-07-12,新鲜甘蔗汁,饮品,25,15,375,在线支付,早晨
1496,2022-07-12,新鲜甘蔗汁,饮品,25,6,150,现金,下午
1497,2022-07-12,瓦达汉堡,快餐,20,4,80,现金,早晨
1498,2022-07-12,瓦达汉堡,快餐,20,1,20,在线支付,下午
1499,2022-07-12,新鲜甘蔗汁,饮品,25,10,250,在线支付,早晨
1500,2022-07-12,冰咖啡,饮品,40,5,200,现金,晚上
1501,2022-07-12,咖喱土豆球,快餐,20,15,300,其他,下午
1502,2022-07-12,法兰基卷,快餐,50,5,250,现金,晚上
1503,2022-07-12,招牌三明治,快餐,60,15,900,在线支付,晚上
1504,2022-07-12,脆球点心,快餐,20,3,60,在线支付,早晨
1505,2022-07-12,冰咖啡,饮品,40,5,200,现金,晚上
1506,2022-07-12,瓦达汉堡,快餐,20,5,100,现金,傍晚
1507,2022-07-12,新鲜甘蔗汁,饮品,25,4,100,在线支付,早晨
1508,2022-07-12,咖喱土豆球,快餐,20,2,40,现金,晚上
1509,2022-07-12,冰咖啡,饮品,40,7,280,现金,傍晚
1510,2022-07-12,招牌三明治,快餐,60,14,840,现金,下午
1511,2022-07-12,法兰基卷,快餐,50,4,200,现金,下午
1512,2022-07-12,脆球点心,快餐,20,5,100,在线支付,晚上
1513,2022-07-12,招牌三明治,快餐,60,8,480,现金,下午
1514,2022-07-12,法兰基卷,快餐,50,11,550,在线支付,早晨
1515,2022-07-12,冰咖啡,饮品,40,9,360,在线支付,傍晚
1516,2022-07-12,脆球点心,快餐,20,5,100,在线支付,傍晚
1517,2022-07-12,冰咖啡,饮品,40,4,160,现金,晚上
1518,2022-07-12,瓦达汉堡,快餐,20,14,280,现金,早晨
1519,2022-07-12,冰咖啡,饮品,40,1,40,在线支付,下午
1520,2022-07-12,瓦达汉堡,快餐,20,7,140,现金,午夜
1521,2022-07-12,咖喱土豆球,快餐,20,3,60,现金,傍晚
1522,2022-07-12,新鲜甘蔗汁,饮品,25,12,300,现金,午夜
1523,2022-07-12,法兰基卷,快餐,50,4,200,在线支付,傍晚
1524,2022-07-12,脆球点心,快餐,20,15,300,在线支付,晚上
1525,2022-07-12,瓦达汉堡,快餐,20,4,80,在线支付,早晨
1526,2022-07-12,冰咖啡,饮品,40,2,80,其他,早晨
1527,2022-07-12,瓦达汉堡,快餐,20,7,140,在线支付,午夜
1528,2022-07-12,脆球点心,快餐,20,5,100,在线支付,早晨
1529,2022-07-12,招牌三明治,快餐,60,9,540,在线支付,傍晚
1530,2022-07-12,法兰基卷,快餐,50,4,200,现金,午夜
1531,2022-07-12,冰咖啡,饮品,40,1,40,现金,午夜
1532,2022-07-12,瓦达汉堡,快餐,20,10,200,在线支付,下午
1533,2022-07-12,瓦达汉堡,快餐,20,3,60,现金,傍晚
1534,2022-07-12,法兰基卷,快餐,50,11,550,在线支付,下午
1535,2022-07-12,招牌三明治,快餐,60,14,840,在线支付,早晨
1536,2022-07-12,法兰基卷,快餐,50,2,100,现金,傍晚
1537,2022-07-12,咖喱土豆球,快餐,20,9,180,现金,早晨
1538,2022-07-12,脆球点心,快餐,20,5,100,现金,午夜
1539,2022-07-12,新鲜甘蔗汁,饮品,25,2,50,现金,午夜
1540,2022-07-12,法兰基卷,快餐,50,5,250,在线支付,午夜
1541,2022-07-12,法兰基卷,快餐,50,11,550,现金,晚上
1542,2022-07-12,咖喱土豆球,快餐,20,14,280,其他,午夜
1543,2022-07-12,法兰基卷,快餐,50,15,750,在线支付,早晨
1544,2022-07-12,冰咖啡,饮品,40,5,200,现金,早晨
1545,2022-07-12,冰咖啡,饮品,40,4,160,现金,午夜
1546,2022-07-12,咖喱土豆球,快餐,20,15,300,在线支付,早晨
1547,2022-07-12,冰咖啡,饮品,40,12,480,现金,下午
1548,2022-07-12,招牌三明治,快餐,60,8,480,现金,下午
1549,2022-07-12,招牌三明治,快餐,60,6,360,现金,下午
1550,2022-07-12,瓦达汉堡,快餐,20,5,100,在线支付,午夜
1551,2022-07-12,法兰基卷,快餐,50,14,700,在线支付,晚上
1552,2022-07-12,新鲜甘蔗汁,饮品,25,11,275,现金,下午
1553,2022-07-12,瓦达汉堡,快餐,20,8,160,其他,晚上
1554,2022-07-12,新鲜甘蔗汁,饮品,25,9,225,在线支付,晚上
1555,2022-07-12,冰咖啡,饮品,40,2,80,现金,下午
1556,2022-07-12,瓦达汉堡,快餐,20,14,280,其他,下午
1557,2022-07-12,脆球点心,快餐,20,8,160,其他,下午
1558,2022-07-12,法兰基卷,快餐,50,7,350,现金,晚上
1559,2022-07-12,法兰基卷,快餐,50,7,350,现金,下午
1560,2022-07-12,新鲜甘蔗汁,饮品,25,5,125,其他,下午
1561,2022-07-12,瓦达汉堡,快餐,20,13,260,在线支付,晚上
1562,2022-07-12,冰咖啡,饮品,40,5,200,现金,早晨
1563,2022-07-12,咖喱土豆球,快餐,20,8,160,在线支付,早晨
1564,2022-07-12,法兰基卷,快餐,50,5,250,现金,午夜
1565,2022-07-12,瓦达汉堡,快餐,20,5,100,在线支付,下午
1566,2022-07-12,冰咖啡,饮品,40,8,320,现金,下午
1567,2022-07-12,脆球点心,快餐,20,7,140,现金,早晨
1568,2022-07-12,咖喱土豆球,快餐,20,10,200,现金,下午
1569,2022-07-12,法兰基卷,快餐,50,11,550,现金,晚上
1570,2022-07-12,新鲜甘蔗汁,饮品,25,7,175,现金,下午
1571,2022-07-12,招牌三明治,快餐,60,15,900,现金,傍晚
1572,2022-07-12,咖喱土豆球,快餐,20,4,80,在线支付,晚上
1573,2022-07-12,新鲜甘蔗汁,饮品,25,7,175,现金,午夜
1574,2022-07-12,法兰基卷,快餐,50,7,350,在线支付,午夜
1575,2022-07-12,瓦达汉堡,快餐,20,7,140,在线支付,午夜
1576,2022-07-12,冰咖啡,饮品,40,7,280,在线支付,傍晚
1577,2022-07-12,瓦达汉堡,快餐,20,11,220,现金,午夜
1578,2022-07-12,法兰基卷,快餐,50,7,350,其他,下午
1579,2022-07-12,脆球点心,快餐,20,11,220,在线支付,午夜
1580,2022-07-12,咖喱土豆球,快餐,20,10,200,在线支付,晚上
1581,2022-07-12,新鲜甘蔗汁,饮品,25,12,300,现金,早晨
1582,2022-07-12,冰咖啡,饮品,40,9,360,在线支付,傍晚
1583,2022-07-12,冰咖啡,饮品,40,7,280,在线支付,下午
1584,2022-07-12,法兰基卷,快餐,50,7,350,在线支付,早晨
1585,2022-07-12,瓦达汉堡,快餐,20,11,220,在线支付,下午
1586,2022-07-12,冰咖啡,饮品,40,13,520,现金,早晨
1587,2022-07-12,瓦达汉堡,快餐,20,6,120,现金,傍晚
1588,2022-07-12,法兰基卷,快餐,50,2,100,在线支付,早晨
1589,2022-07-12,咖喱土豆球,快餐,20,4,80,其他,午夜
1590,2022-07-12,瓦达汉堡,快餐,20,1,20,现金,傍晚
1591,2022-07-12,瓦达汉堡,快餐,20,10,200,现金,下午
1592,2022-07-12,新鲜甘蔗汁,饮品,25,9,225,现金,午夜
1593,2022-07-12,脆球点心,快餐,20,12,240,现金,早晨
1594,2022-07-12,脆球点心,快餐,20,13,260,在线支付,下午
1595,2022-07-12,脆球点心,快餐,20,6,120,现金,午夜
1596,2022-07-12,新鲜甘蔗汁,饮品,25,9,225,现金,午夜
1597,2022-07-12,咖喱土豆球,快餐,20,12,240,在线支付,下午
1598,2022-07-12,脆球点心,快餐,20,15,300,现金,傍晚
1599,2022-07-12,脆球点心,快餐,20,1,20,现金,午夜
1600,2022-07-12,法兰基卷,快餐,50,7,350,现金,傍晚
1601,2022-07-12,瓦达汉堡,快餐,20,15,300,其他,傍晚
1602,2022-07-12,瓦达汉堡,快餐,20,13,260,现金,午夜
1603,2022-07-12,招牌三明治,快餐,60,7,420,现金,午夜
1604,2022-07-12,瓦达汉堡,快餐,20,7,140,在线支付,下午
1605,2022-07-12,脆球点心,快餐,20,15,300,在线支付,傍晚
1606,2022-07-12,新鲜甘蔗汁,饮品,25,8,200,现金,下午
1607,2022-07-12,脆球点心,快餐,20,8,160,现金,晚上
1608,2022-07-12,冰咖啡,饮品,40,14,560,现金,下午
1609,2022-07-12,招牌三明治,快餐,60,10,600,现金,傍晚
1610,2022-07-12,招牌三明治,快餐,60,9,540,现金,晚上
1611,2022-07-12,招牌三明治,快餐,60,6,360,现金,下午
1612,2022-07-12,脆球点心,快餐,20,6,120,在线支付,早晨
1613,2022-07-12,脆球点心,快餐,20,1,20,现金,午夜
1614,2022-07-12,脆球点心,快餐,20,15,300,在线支付,晚上
1615,2022-07-12,瓦达汉堡,快餐,20,9,180,现金,早晨
1616,2022-07-12,新鲜甘蔗汁,饮品,25,9,225,现金,午夜
1617,2022-07-12,脆球点心,快餐,20,8,160,现金,傍晚
1618,2022-07-12,脆球点心,快餐,20,1,20,其他,晚上
1619,2022-07-13,咖喱土豆球,快餐,20,9,180,在线支付,午夜
1620,2022-07-13,招牌三明治,快餐,60,8,480,在线支付,傍晚
1621,2022-07-13,法兰基卷,快餐,50,4,200,现金,午夜
1622,2022-07-13,法兰基卷,快餐,50,11,550,现金,下午
1623,2022-07-13,冰咖啡,饮品,40,3,120,现金,晚上
1624,2022-07-13,冰咖啡,饮品,40,11,440,在线支付,傍晚
1625,2022-07-13,冰咖啡,饮品,40,2,80,在线支付,傍晚
1626,2022-07-13,咖喱土豆球,快餐,20,2,40,现金,傍晚
1627,2022-07-13,脆球点心,快餐,20,3,60,在线支付,早晨
1628,2022-07-13,新鲜甘蔗汁,饮品,25,2,50,在线支付,早晨
1629,2022-07-13,法兰基卷,快餐,50,8,400,现金,傍晚
1630,2022-07-13,脆球点心,快餐,20,15,300,现金,早晨
1631,2022-07-13,脆球点心,快餐,20,11,220,现金,下午
1632,2022-07-13,法兰基卷,快餐,50,9,450,现金,晚上
1633,2022-07-13,新鲜甘蔗汁,饮品,25,11,275,在线支付,午夜
1634,2022-07-13,冰咖啡,饮品,40,6,240,现金,早晨
1635,2022-07-13,新鲜甘蔗汁,饮品,25,6,150,其他,晚上
1636,2022-07-13,冰咖啡,饮品,40,12,480,在线支付,午夜
1637,2022-07-13,新鲜甘蔗汁,饮品,25,2,50,在线支付,晚上
1638,2022-07-13,法兰基卷,快餐,50,11,550,现金,晚上
1639,2022-07-13,招牌三明治,快餐,60,10,600,现金,晚上
1640,2022-07-13,瓦达汉堡,快餐,20,9,180,现金,晚上
1641,2022-07-13,招牌三明治,快餐,60,9,540,在线支付,下午
1642,2022-07-13,冰咖啡,饮品,40,8,320,其他,下午
1643,2022-07-13,瓦达汉堡,快餐,20,2,40,其他,早晨
1644,2022-07-13,咖喱土豆球,快餐,20,14,280,其他,早晨
1645,2022-07-13,咖喱土豆球,快餐,20,14,280,在线支付,午夜
1646,2022-07-13,新鲜甘蔗汁,饮品,25,2,50,现金,早晨
1647,2022-07-13,新鲜甘蔗汁,饮品,25,7,175,现金,早晨
1648,2022-07-13,脆球点心,快餐,20,11,220,在线支付,晚上
1649,2022-07-13,冰咖啡,饮品,40,7,280,现金,午夜
1650,2022-07-13,冰咖啡,饮品,40,8,320,现金,午夜
1651,2022-07-13,脆球点心,快餐,20,10,200,现金,傍晚
1652,2022-07-13,咖喱土豆球,快餐,20,9,180,在线支付,早晨
1653,2022-07-13,新鲜甘蔗汁,饮品,25,11,275,现金,晚上
1654,2022-07-13,冰咖啡,饮品,40,10,400,现金,傍晚
1655,2022-07-13,脆球点心,快餐,20,11,220,在线支付,午夜
1656,2022-07-13,瓦达汉堡,快餐,20,9,180,在线支付,早晨
1657,2022-07-13,脆球点心,快餐,20,5,100,现金,下午
1658,2022-07-13,法兰基卷,快餐,50,12,600,在线支付,午夜
1659,2022-07-13,脆球点心,快餐,20,6,120,在线支付,午夜
1660,2022-07-13,新鲜甘蔗汁,饮品,25,3,75,在线支付,早晨
1661,2022-07-13,咖喱土豆球,快餐,20,14,280,现金,下午
1662,2022-07-13,新鲜甘蔗汁,饮品,25,3,75,现金,傍晚
1663,2022-07-13,新鲜甘蔗汁,饮品,25,3,75,现金,午夜
1664,2022-07-13,新鲜甘蔗汁,饮品,25,10,250,在线支付,早晨
1665,2022-07-13,脆球点心,快餐,20,15,300,现金,下午
1666,2022-07-13,冰咖啡,饮品,40,8,320,其他,午夜
1667,2022-07-13,新鲜甘蔗汁,饮品,25,12,300,其他,晚上
1668,2022-07-13,脆球点心,快餐,20,9,180,在线支付,晚上
1669,2022-07-13,新鲜甘蔗汁,饮品,25,9,225,现金,早晨
1670,2022-07-13,脆球点心,快餐,20,8,160,在线支付,晚上
1671,2022-07-13,瓦达汉堡,快餐,20,11,220,在线支付,晚上
1672,2022-07-13,新鲜甘蔗汁,饮品,25,1,25,现金,傍晚
1673,2022-07-13,脆球点心,快餐,20,3,60,在线支付,早晨
1674,2022-07-13,瓦达汉堡,快餐,20,4,80,其他,傍晚
1675,2022-07-13,新鲜甘蔗汁,饮品,25,5,125,现金,早晨
1676,2022-07-13,冰咖啡,饮品,40,7,280,现金,午夜
1677,2022-07-13,咖喱土豆球,快餐,20,5,100,其他,下午
1678,2022-07-13,法兰基卷,快餐,50,5,250,在线支付,午夜
1679,2022-07-13,冰咖啡,饮品,40,2,80,现金,晚上
1680,2022-07-13,瓦达汉堡,快餐,20,10,200,现金,傍晚
1681,2022-07-13,冰咖啡,饮品,40,9,360,现金,早晨
1682,2022-07-13,法兰基卷,快餐,50,9,450,现金,晚上
1683,2022-07-13,冰咖啡,饮品,40,13,520,在线支付,晚上
1684,2022-07-13,咖喱土豆球,快餐,20,8,160,其他,晚上
1685,2022-07-13,瓦达汉堡,快餐,20,6,120,在线支付,晚上
1686,2022-07-13,招牌三明治,快餐,60,8,480,其他,晚上
1687,2022-07-13,瓦达汉堡,快餐,20,10,200,在线支付,傍晚
1688,2022-07-13,法兰基卷,快餐,50,1,50,现金,晚上
1689,2022-07-13,法兰基卷,快餐,50,1,50,在线支付,午夜
1690,2022-07-13,冰咖啡,饮品,40,1,40,在线支付,早晨
1691,2022-07-13,脆球点心,快餐,20,10,200,在线支付,下午
1692,2022-07-13,招牌三明治,快餐,60,3,180,在线支付,傍晚
1693,2022-07-13,咖喱土豆球,快餐,20,8,160,在线支付,午夜
1694,2022-07-13,脆球点心,快餐,20,2,40,在线支付,早晨
1695,2022-07-13,法兰基卷,快餐,50,4,200,在线支付,早晨
1696,2022-07-13,招牌三明治,快餐,60,7,420,在线支付,晚上
1697,2022-07-13,咖喱土豆球,快餐,20,7,140,现金,早晨
1698,2022-07-13,脆球点心,快餐,20,11,220,现金,傍晚
1699,2022-07-13,咖喱土豆球,快餐,20,6,120,现金,晚上
1700,2022-07-13,脆球点心,快餐,20,9,180,在线支付,早晨
1701,2022-07-13,冰咖啡,饮品,40,5,200,在线支付,傍晚
1702,2022-07-13,法兰基卷,快餐,50,15,750,在线支付,傍晚
1703,2022-07-13,法兰基卷,快餐,50,2,100,现金,晚上
1704,2022-07-13,招牌三明治,快餐,60,15,900,现金,傍晚
1705,2022-07-13,脆球点心,快餐,20,8,160,现金,午夜
1706,2022-07-13,冰咖啡,饮品,40,2,80,其他,午夜
1707,2022-07-13,瓦达汉堡,快餐,20,7,140,现金,晚上
1708,2022-07-13,新鲜甘蔗汁,饮品,25,11,275,现金,午夜
1709,2022-07-13,脆球点心,快餐,20,8,160,在线支付,午夜
1710,2022-07-13,招牌三明治,快餐,60,9,540,在线支付,晚上
1711,2022-07-13,新鲜甘蔗汁,饮品,25,15,375,现金,下午
1712,2022-07-13,新鲜甘蔗汁,饮品,25,15,375,在线支付,早晨
1713,2022-07-13,冰咖啡,饮品,40,5,200,其他,晚上
1714,2022-07-13,法兰基卷,快餐,50,11,550,现金,午夜
1715,2022-07-13,招牌三明治,快餐,60,8,480,在线支付,下午
1716,2022-07-13,冰咖啡,饮品,40,12,480,现金,下午
1717,2022-07-13,咖喱土豆球,快餐,20,15,300,在线支付,早晨
1718,2022-07-13,新鲜甘蔗汁,饮品,25,5,125,现金,傍晚
1719,2022-07-13,法兰基卷,快餐,50,5,250,现金,午夜
1720,2022-07-13,冰咖啡,饮品,40,6,240,现金,傍晚
1721,2022-07-13,瓦达汉堡,快餐,20,11,220,现金,早晨
1722,2022-07-13,招牌三明治,快餐,60,11,660,在线支付,晚上
1723,2022-07-13,招牌三明治,快餐,60,11,660,现金,午夜
1724,2022-07-13,咖喱土豆球,快餐,20,7,140,现金,早晨
1725,2022-07-13,瓦达汉堡,快餐,20,11,220,现金,晚上
1726,2022-07-13,脆球点心,快餐,20,5,100,现金,晚上
1727,2022-07-13,法兰基卷,快餐,50,9,450,在线支付,早晨
1728,2022-07-13,新鲜甘蔗汁,饮品,25,8,200,在线支付,傍晚
1729,2022-07-13,脆球点心,快餐,20,9,180,现金,傍晚
1730,2022-07-13,新鲜甘蔗汁,饮品,25,13,325,现金,下午
1731,2022-07-13,招牌三明治,快餐,60,14,840,现金,早晨
1732,2022-07-13,招牌三明治,快餐,60,9,540,现金,傍晚
1733,2022-07-13,招牌三明治,快餐,60,5,300,在线支付,下午
1734,2022-07-13,招牌三明治,快餐,60,9,540,现金,午夜
1735,2022-07-13,脆球点心,快餐,20,10,200,在线支付,午夜
1736,2022-07-13,瓦达汉堡,快餐,20,6,120,现金,早晨
1737,2022-07-13,瓦达汉堡,快餐,20,1,20,其他,晚上
1738,2022-07-13,冰咖啡,饮品,40,2,80,在线支付,傍晚
1739,2022-07-13,冰咖啡,饮品,40,8,320,在线支付,晚上
1740,2022-07-13,脆球点心,快餐,20,6,120,其他,晚上
1741,2022-07-13,冰咖啡,饮品,40,11,440,在线支付,晚上
1742,2022-07-13,新鲜甘蔗汁,饮品,25,12,300,现金,午夜
1743,2022-07-13,招牌三明治,快餐,60,13,780,在线支付,晚上
1744,2022-07-13,瓦达汉堡,快餐,20,3,60,现金,下午
1745,2022-07-13,法兰基卷,快餐,50,8,400,现金,早晨
1746,2022-07-13,冰咖啡,饮品,40,7,280,在线支付,傍晚
1747,2022-07-13,脆球点心,快餐,20,15,300,现金,早晨
1748,2022-07-13,新鲜甘蔗汁,饮品,25,9,225,在线支付,早晨
1749,2022-07-13,招牌三明治,快餐,60,11,660,在线支付,午夜
1750,2022-07-13,新鲜甘蔗汁,饮品,25,1,25,在线支付,下午
1751,2022-07-13,咖喱土豆球,快餐,20,10,200,现金,晚上
1752,2022-07-13,法兰基卷,快餐,50,5,250,在线支付,午夜
1753,2022-07-14,新鲜甘蔗汁,饮品,25,5,125,在线支付,下午
1754,2022-07-14,新鲜甘蔗汁,饮品,25,11,275,在线支付,早晨
1755,2022-07-14,冰咖啡,饮品,40,8,320,现金,午夜
1756,2022-07-14,新鲜甘蔗汁,饮品,25,12,300,现金,晚上
1757,2022-07-14,法兰基卷,快餐,50,5,250,在线支付,下午
1758,2022-07-14,咖喱土豆球,快餐,20,8,160,现金,早晨
1759,2022-07-14,咖喱土豆球,快餐,20,15,300,其他,早晨
1760,2022-07-14,法兰基卷,快餐,50,4,200,在线支付,早晨
1761,2022-07-14,新鲜甘蔗汁,饮品,25,1,25,现金,早晨
1762,2022-07-14,新鲜甘蔗汁,饮品,25,5,125,现金,傍晚
1763,2022-07-14,招牌三明治,快餐,60,8,480,现金,下午
1764,2022-07-14,瓦达汉堡,快餐,20,10,200,在线支付,午夜
1765,2022-07-14,瓦达汉堡,快餐,20,7,140,在线支付,傍晚
1766,2022-07-14,法兰基卷,快餐,50,5,250,现金,晚上
1767,2022-07-14,招牌三明治,快餐,60,9,540,现金,傍晚
1768,2022-07-14,新鲜甘蔗汁,饮品,25,6,150,现金,傍晚
1769,2022-07-14,瓦达汉堡,快餐,20,11,220,在线支付,晚上
1770,2022-07-14,瓦达汉堡,快餐,20,10,200,现金,早晨
1771,2022-07-14,招牌三明治,快餐,60,7,420,现金,午夜
1772,2022-07-14,瓦达汉堡,快餐,20,4,80,现金,下午
1773,2022-07-14,招牌三明治,快餐,60,13,780,现金,下午
1774,2022-07-14,冰咖啡,饮品,40,1,40,在线支付,傍晚
1775,2022-07-14,咖喱土豆球,快餐,20,5,100,在线支付,早晨
1776,2022-07-14,新鲜甘蔗汁,饮品,25,1,25,在线支付,午夜
1777,2022-07-14,新鲜甘蔗汁,饮品,25,7,175,其他,下午
1778,2022-07-14,脆球点心,快餐,20,12,240,现金,午夜
1779,2022-07-14,招牌三明治,快餐,60,5,300,现金,晚上
1780,2022-07-14,新鲜甘蔗汁,饮品,25,15,375,其他,下午
1781,2022-07-14,招牌三明治,快餐,60,6,360,现金,傍晚
1782,2022-07-14,法兰基卷,快餐,50,10,500,现金,晚上
1783,2022-07-14,新鲜甘蔗汁,饮品,25,7,175,其他,下午
1784,2022-07-14,冰咖啡,饮品,40,15,600,在线支付,傍晚
1785,2022-07-14,冰咖啡,饮品,40,10,400,其他,傍晚
1786,2022-07-14,新鲜甘蔗汁,饮品,25,12,300,在线支付,傍晚
1787,2022-07-14,脆球点心,快餐,20,14,280,在线支付,早晨
1788,2022-07-14,咖喱土豆球,快餐,20,9,180,在线支付,午夜
1789,2022-07-14,新鲜甘蔗汁,饮品,25,7,175,现金,晚上
1790,2022-07-14,脆球点心,快餐,20,6,120,现金,傍晚
1791,2022-07-14,新鲜甘蔗汁,饮品,25,1,25,现金,晚上
1792,2022-07-14,咖喱土豆球,快餐,20,9,180,在线支付,午夜
1793,2022-07-14,招牌三明治,快餐,60,5,300,在线支付,早晨
1794,2022-07-14,脆球点心,快餐,20,8,160,现金,晚上
1795,2022-07-14,招牌三明治,快餐,60,5,300,现金,晚上
1796,2022-07-14,招牌三明治,快餐,60,7,420,在线支付,傍晚
1797,2022-07-14,法兰基卷,快餐,50,9,450,现金,午夜
1798,2022-07-14,新鲜甘蔗汁,饮品,25,2,50,在线支付,傍晚
1799,2022-07-14,脆球点心,快餐,20,8,160,在线支付,傍晚
1800,2022-07-14,法兰基卷,快餐,50,7,350,现金,晚上
1801,2022-07-14,招牌三明治,快餐,60,2,120,在线支付,早晨
1802,2022-07-14,瓦达汉堡,快餐,20,4,80,现金,下午
1803,2022-07-14,新鲜甘蔗汁,饮品,25,4,100,现金,早晨
1804,2022-07-14,法兰基卷,快餐,50,8,400,在线支付,早晨
1805,2022-07-14,脆球点心,快餐,20,7,140,在线支付,午夜
1806,2022-07-14,瓦达汉堡,快餐,20,14,280,现金,下午
1807,2022-07-14,脆球点心,快餐,20,9,180,现金,晚上
1808,2022-07-14,新鲜甘蔗汁,饮品,25,10,250,在线支付,下午
1809,2022-07-14,瓦达汉堡,快餐,20,7,140,现金,下午
1810,2022-07-14,脆球点心,快餐,20,11,220,现金,午夜
1811,2022-07-14,新鲜甘蔗汁,饮品,25,6,150,现金,下午
1812,2022-07-14,冰咖啡,饮品,40,6,240,现金,早晨
1813,2022-07-14,冰咖啡,饮品,40,12,480,其他,下午
1814,2022-07-14,新鲜甘蔗汁,饮品,25,9,225,在线支付,下午
1815,2022-07-14,咖喱土豆球,快餐,20,5,100,现金,早晨
1816,2022-07-14,咖喱土豆球,快餐,20,5,100,现金,午夜
1817,2022-07-14,法兰基卷,快餐,50,3,150,在线支付,傍晚
1818,2022-07-14,冰咖啡,饮品,40,10,400,现金,下午
1819,2022-07-14,新鲜甘蔗汁,饮品,25,11,275,其他,午夜
1820,2022-07-14,冰咖啡,饮品,40,10,400,在线支付,下午
1821,2022-07-14,冰咖啡,饮品,40,5,200,现金,午夜
1822,2022-07-14,冰咖啡,饮品,40,11,440,现金,下午
1823,2022-07-14,脆球点心,快餐,20,15,300,现金,早晨
1824,2022-07-14,瓦达汉堡,快餐,20,11,220,现金,早晨
1825,2022-07-14,瓦达汉堡,快餐,20,11,220,现金,午夜
1826,2022-07-14,冰咖啡,饮品,40,2,80,在线支付,午夜
1827,2022-07-14,咖喱土豆球,快餐,20,5,100,现金,午夜
1828,2022-07-14,冰咖啡,饮品,40,2,80,现金,早晨
1829,2022-07-14,瓦达汉堡,快餐,20,11,220,现金,早晨
1830,2022-07-14,法兰基卷,快餐,50,6,300,在线支付,傍晚
1831,2022-07-14,冰咖啡,饮品,40,6,240,现金,傍晚
1832,2022-07-14,法兰基卷,快餐,50,9,450,现金,晚上
1833,2022-07-14,冰咖啡,饮品,40,9,360,其他,早晨
1834,2022-07-14,新鲜甘蔗汁,饮品,25,10,250,在线支付,晚上
1835,2022-07-14,招牌三明治,快餐,60,8,480,现金,晚上
1836,2022-07-14,瓦达汉堡,快餐,20,9,180,在线支付,午夜
1837,2022-07-14,瓦达汉堡,快餐,20,3,60,现金,早晨
1838,2022-07-14,冰咖啡,饮品,40,11,440,现金,晚上
1839,2022-07-14,招牌三明治,快餐,60,12,720,其他,傍晚
1840,2022-07-14,新鲜甘蔗汁,饮品,25,6,150,在线支付,早晨
1841,2022-07-14,瓦达汉堡,快餐,20,4,80,在线支付,晚上
1842,2022-07-14,瓦达汉堡,快餐,20,11,220,在线支付,傍晚
1843,2022-07-14,法兰基卷,快餐,50,6,300,在线支付,早晨
1844,2022-07-14,瓦达汉堡,快餐,20,12,240,现金,傍晚
1845,2022-07-14,脆球点心,快餐,20,15,300,现金,早晨
1846,2022-07-14,咖喱土豆球,快餐,20,8,160,现金,晚上
1847,2022-07-14,冰咖啡,饮品,40,8,320,在线支付,晚上
1848,2022-07-14,咖喱土豆球,快餐,20,1,20,现金,晚上
1849,2022-07-14,脆球点心,快餐,20,7,140,在线支付,午夜
1850,2022-07-14,法兰基卷,快餐,50,3,150,在线支付,晚上
1851,2022-07-14,法兰基卷,快餐,50,13,650,其他,午夜
1852,2022-07-14,冰咖啡,饮品,40,4,160,现金,下午
1853,2022-07-14,新鲜甘蔗汁,饮品,25,3,75,现金,早晨
1854,2022-07-14,法兰基卷,快餐,50,7,350,在线支付,午夜
1855,2022-07-14,瓦达汉堡,快餐,20,9,180,现金,下午
1856,2022-07-14,新鲜甘蔗汁,饮品,25,13,325,在线支付,傍晚
1857,2022-07-14,瓦达汉堡,快餐,20,4,80,在线支付,晚上
1858,2022-07-14,瓦达汉堡,快餐,20,11,220,在线支付,下午
1859,2022-07-14,新鲜甘蔗汁,饮品,25,12,300,现金,傍晚
1860,2022-07-14,法兰基卷,快餐,50,8,400,现金,傍晚
1861,2022-07-14,法兰基卷,快餐,50,4,200,现金,早晨
1862,2022-07-14,冰咖啡,饮品,40,15,600,现金,午夜
1863,2022-07-14,招牌三明治,快餐,60,7,420,在线支付,午夜
1864,2022-07-14,招牌三明治,快餐,60,14,840,现金,晚上
1865,2022-07-14,瓦达汉堡,快餐,20,8,160,其他,下午
1866,2022-07-14,咖喱土豆球,快餐,20,2,40,现金,午夜
1867,2022-07-14,冰咖啡,饮品,40,9,360,现金,下午
1868,2022-07-14,瓦达汉堡,快餐,20,11,220,现金,晚上
1869,2022-07-14,瓦达汉堡,快餐,20,1,20,现金,傍晚
1870,2022-07-14,咖喱土豆球,快餐,20,8,160,在线支付,晚上
1871,2022-07-14,冰咖啡,饮品,40,4,160,现金,下午
1872,2022-07-14,招牌三明治,快餐,60,13,780,现金,下午
1873,2022-07-14,瓦达汉堡,快餐,20,15,300,现金,晚上
1874,2022-07-14,瓦达汉堡,快餐,20,13,260,在线支付,下午
1875,2022-07-14,瓦达汉堡,快餐,20,9,180,在线支付,下午
1876,2022-07-14,脆球点心,快餐,20,12,240,在线支付,傍晚
1877,2022-07-14,招牌三明治,快餐,60,9,540,在线支付,午夜
1878,2022-07-14,招牌三明治,快餐,60,6,360,在线支付,傍晚
1879,2022-07-14,脆球点心,快餐,20,5,100,在线支付,下午
1880,2022-07-14,法兰基卷,快餐,50,6,300,现金,早晨
1881,2022-07-14,招牌三明治,快餐,60,10,600,现金,傍晚
1882,2022-07-14,招牌三明治,快餐,60,9,540,在线支付,早晨
1883,2022-07-14,新鲜甘蔗汁,饮品,25,9,225,现金,午夜
1884,2022-07-14,冰咖啡,饮品,40,10,400,现金,晚上
1885,2022-07-14,咖喱土豆球,快餐,20,11,220,现金,晚上
1886,2022-07-14,瓦达汉堡,快餐,20,14,280,现金,下午
1887,2022-07-14,法兰基卷,快餐,50,12,600,在线支付,晚上
1888,2022-07-14,瓦达汉堡,快餐,20,3,60,现金,早晨
1889,2022-07-14,冰咖啡,饮品,40,3,120,在线支付,傍晚
1890,2022-07-14,咖喱土豆球,快餐,20,7,140,现金,傍晚
1891,2022-07-14,招牌三明治,快餐,60,10,600,现金,午夜
1892,2022-07-14,招牌三明治,快餐,60,9,540,现金,早晨
1893,2022-07-14,招牌三明治,快餐,60,8,480,在线支付,晚上
1894,2022-07-15,冰咖啡,饮品,40,2,80,在线支付,晚上
1895,2022-07-15,冰咖啡,饮品,40,13,520,在线支付,晚上
1896,2022-07-15,瓦达汉堡,快餐,20,7,140,在线支付,下午
1897,2022-07-15,法兰基卷,快餐,50,1,50,现金,下午
1898,2022-07-15,新鲜甘蔗汁,饮品,25,11,275,在线支付,傍晚
1899,2022-07-15,咖喱土豆球,快餐,20,5,100,现金,早晨
1900,2022-07-15,新鲜甘蔗汁,饮品,25,12,300,在线支付,午夜
1901,2022-07-15,冰咖啡,饮品,40,10,400,现金,午夜
1902,2022-07-15,脆球点心,快餐,20,15,300,现金,早晨
1903,2022-07-15,招牌三明治,快餐,60,6,360,现金,晚上
1904,2022-07-15,脆球点心,快餐,20,7,140,现金,晚上
1905,2022-07-15,冰咖啡,饮品,40,13,520,在线支付,午夜
1906,2022-07-15,脆球点心,快餐,20,10,200,在线支付,晚上
1907,2022-07-15,法兰基卷,快餐,50,10,500,其他,晚上
1908,2022-07-15,咖喱土豆球,快餐,20,9,180,在线支付,傍晚
1909,2022-07-15,招牌三明治,快餐,60,9,540,现金,晚上
1910,2022-07-15,招牌三明治,快餐,60,4,240,现金,晚上
1911,2022-07-15,冰咖啡,饮品,40,8,320,其他,傍晚
1912,2022-07-15,法兰基卷,快餐,50,7,350,在线支付,下午
1913,2022-07-15,法兰基卷,快餐,50,1,50,现金,下午
1914,2022-07-15,冰咖啡,饮品,40,9,360,现金,午夜
1915,2022-07-15,脆球点心,快餐,20,9,180,其他,午夜
1916,2022-07-15,咖喱土豆球,快餐,20,11,220,在线支付,下午
1917,2022-07-15,新鲜甘蔗汁,饮品,25,2,50,在线支付,傍晚
1918,2022-07-15,招牌三明治,快餐,60,3,180,在线支付,傍晚
1919,2022-07-15,冰咖啡,饮品,40,9,360,现金,晚上
1920,2022-07-15,招牌三明治,快餐,60,10,600,在线支付,下午
1921,2022-07-15,瓦达汉堡,快餐,20,12,240,现金,午夜
1922,2022-07-15,招牌三明治,快餐,60,8,480,现金,晚上
1923,2022-07-15,新鲜甘蔗汁,饮品,25,13,325,在线支付,早晨
1924,2022-07-15,招牌三明治,快餐,60,13,780,其他,早晨
1925,2022-07-15,冰咖啡,饮品,40,7,280,其他,晚上
1926,2022-07-15,冰咖啡,饮品,40,6,240,在线支付,晚上
1927,2022-07-15,法兰基卷,快餐,50,10,500,在线支付,晚上
1928,2022-07-15,咖喱土豆球,快餐,20,3,60,现金,早晨
1929,2022-07-15,冰咖啡,饮品,40,3,120,在线支付,下午
1930,2022-07-15,冰咖啡,饮品,40,5,200,在线支付,早晨
1931,2022-07-15,招牌三明治,快餐,60,8,480,现金,傍晚
1932,2022-07-15,新鲜甘蔗汁,饮品,25,2,50,现金,午夜
1933,2022-07-15,法兰基卷,快餐,50,11,550,现金,午夜
1934,2022-07-15,新鲜甘蔗汁,饮品,25,2,50,现金,午夜
1935,2022-07-15,新鲜甘蔗汁,饮品,25,12,300,在线支付,傍晚
1936,2022-07-15,瓦达汉堡,快餐,20,10,200,现金,早晨
1937,2022-07-15,瓦达汉堡,快餐,20,14,280,在线支付,晚上
1938,2022-07-15,冰咖啡,饮品,40,6,240,其他,下午
1939,2022-07-15,新鲜甘蔗汁,饮品,25,4,100,在线支付,早晨
1940,2022-07-15,法兰基卷,快餐,50,9,450,在线支付,下午
1941,2022-07-15,招牌三明治,快餐,60,7,420,在线支付,傍晚
1942,2022-07-15,脆球点心,快餐,20,9,180,在线支付,午夜
1943,2022-07-15,招牌三明治,快餐,60,10,600,在线支付,午夜
1944,2022-07-15,招牌三明治,快餐,60,6,360,在线支付,下午
1945,2022-07-15,脆球点心,快餐,20,10,200,在线支付,晚上
1946,2022-07-15,法兰基卷,快餐,50,5,250,现金,早晨
1947,2022-07-15,法兰基卷,快餐,50,7,350,其他,午夜
1948,2022-07-15,冰咖啡,饮品,40,12,480,现金,傍晚
1949,2022-07-15,法兰基卷,快餐,50,6,300,在线支付,早晨
1950,2022-07-15,冰咖啡,饮品,40,3,120,在线支付,晚上
1951,2022-07-15,法兰基卷,快餐,50,12,600,现金,午夜
1952,2022-07-15,招牌三明治,快餐,60,11,660,在线支付,午夜
1953,2022-07-15,脆球点心,快餐,20,2,40,现金,下午
1954,2022-07-15,冰咖啡,饮品,40,9,360,在线支付,午夜
1955,2022-07-15,瓦达汉堡,快餐,20,9,180,现金,傍晚
1956,2022-07-15,咖喱土豆球,快餐,20,8,160,现金,傍晚
1957,2022-07-15,脆球点心,快餐,20,3,60,在线支付,下午
1958,2022-07-15,脆球点心,快餐,20,8,160,现金,午夜
1959,2022-07-15,冰咖啡,饮品,40,8,320,在线支付,下午
1960,2022-07-15,脆球点心,快餐,20,10,200,现金,晚上
1961,2022-07-15,冰咖啡,饮品,40,8,320,在线支付,晚上
1962,2022-07-15,咖喱土豆球,快餐,20,13,260,现金,傍晚
1963,2022-07-15,冰咖啡,饮品,40,9,360,现金,下午
1964,2022-07-15,新鲜甘蔗汁,饮品,25,6,150,现金,午夜
1965,2022-07-15,招牌三明治,快餐,60,5,300,在线支付,午夜
1966,2022-07-15,咖喱土豆球,快餐,20,7,140,在线支付,下午
1967,2022-07-15,新鲜甘蔗汁,饮品,25,12,300,现金,下午
1968,2022-07-15,冰咖啡,饮品,40,7,280,现金,下午
1969,2022-07-15,新鲜甘蔗汁,饮品,25,3,75,现金,下午
1970,2022-07-15,冰咖啡,饮品,40,9,360,在线支付,午夜
1971,2022-07-15,法兰基卷,快餐,50,8,400,其他,晚上
1972,2022-07-15,瓦达汉堡,快餐,20,5,100,现金,傍晚
1973,2022-07-15,冰咖啡,饮品,40,3,120,在线支付,晚上
1974,2022-07-15,瓦达汉堡,快餐,20,6,120,现金,早晨
1975,2022-07-15,瓦达汉堡,快餐,20,8,160,现金,下午
1976,2022-07-15,咖喱土豆球,快餐,20,15,300,现金,傍晚
1977,2022-07-15,脆球点心,快餐,20,2,40,在线支付,午夜
1978,2022-07-15,冰咖啡,饮品,40,11,440,在线支付,晚上
1979,2022-07-15,脆球点心,快餐,20,5,100,现金,午夜
1980,2022-07-15,咖喱土豆球,快餐,20,15,300,现金,傍晚
1981,2022-07-15,脆球点心,快餐,20,10,200,在线支付,早晨
1982,2022-07-15,冰咖啡,饮品,40,10,400,现金,晚上
1983,2022-07-15,招牌三明治,快餐,60,14,840,现金,晚上
1984,2022-07-15,冰咖啡,饮品,40,10,400,在线支付,午夜
1985,2022-07-15,冰咖啡,饮品,40,5,200,在线支付,晚上
1986,2022-07-15,瓦达汉堡,快餐,20,11,220,现金,傍晚
1987,2022-07-15,招牌三明治,快餐,60,1,60,其他,下午
1988,2022-07-15,法兰基卷,快餐,50,15,750,现金,晚上
1989,2022-07-15,法兰基卷,快餐,50,13,650,现金,傍晚
1990,2022-07-15,冰咖啡,饮品,40,13,520,在线支付,早晨
1991,2022-07-15,咖喱土豆球,快餐,20,4,80,在线支付,午夜
1992,2022-07-15,招牌三明治,快餐,60,10,600,现金,晚上
1993,2022-07-15,新鲜甘蔗汁,饮品,25,12,300,在线支付,午夜
1994,2022-07-15,冰咖啡,饮品,40,14,560,在线支付,傍晚
1995,2022-07-15,法兰基卷,快餐,50,10,500,现金,早晨
1996,2022-07-15,招牌三明治,快餐,60,12,720,现金,傍晚
1997,2022-07-15,咖喱土豆球,快餐,20,5,100,在线支付,晚上
1998,2022-07-15,脆球点心,快餐,20,11,220,其他,下午
1999,2022-07-15,脆球点心,快餐,20,11,220,现金,午夜
2000,2022-07-15,冰咖啡,饮品,40,9,360,在线支付,午夜
2001,2022-07-15,法兰基卷,快餐,50,2,100,在线支付,晚上
2002,2022-07-15,新鲜甘蔗汁,饮品,25,12,300,在线支付,下午
2003,2022-07-15,冰咖啡,饮品,40,1,40,在线支付,傍晚
2004,2022-07-15,咖喱土豆球,快餐,20,6,120,在线支付,傍晚
2005,2022-07-15,脆球点心,快餐,20,15,300,现金,早晨
2006,2022-07-15,瓦达汉堡,快餐,20,5,100,现金,午夜
2007,2022-07-15,招牌三明治,快餐,60,7,420,现金,下午
2008,2022-07-15,招牌三明治,快餐,60,14,840,现金,傍晚
2009,2022-07-15,法兰基卷,快餐,50,10,500,现金,傍晚
2010,2022-07-15,招牌三明治,快餐,60,13,780,现金,傍晚
2011,2022-07-15,法兰基卷,快餐,50,7,350,现金,早晨
2012,2022-07-15,招牌三明治,快餐,60,13,780,现金,早晨
2013,2022-07-15,脆球点心,快餐,20,5,100,现金,下午
2014,2022-07-15,瓦达汉堡,快餐,20,10,200,在线支付,早晨
2015,2022-07-15,冰咖啡,饮品,40,10,400,现金,午夜
2016,2022-07-15,咖喱土豆球,快餐,20,12,240,现金,下午
2017,2022-07-15,法兰基卷,快餐,50,5,250,在线支付,晚上
2018,2022-07-15,新鲜甘蔗汁,饮品,25,12,300,现金,傍晚
2019,2022-07-15,瓦达汉堡,快餐,20,9,180,现金,下午
2020,2022-07-15,新鲜甘蔗汁,饮品,25,11,275,在线支付,下午
2021,2022-07-15,咖喱土豆球,快餐,20,2,40,在线支付,早晨
2022,2022-07-15,脆球点心,快餐,20,12,240,现金,晚上
2023,2022-07-15,瓦达汉堡,快餐,20,10,200,在线支付,晚上
2024,2022-07-15,冰咖啡,饮品,40,7,280,现金,傍晚
2025,2022-07-15,瓦达汉堡,快餐,20,1,20,现金,晚上
2026,2022-07-15,法兰基卷,快餐,50,4,200,现金,晚上
2027,2022-07-15,招牌三明治,快餐,60,11,660,现金,午夜
2028,2022-07-15,招牌三明治,快餐,60,10,600,在线支付,下午
2029,2022-07-15,新鲜甘蔗汁,饮品,25,10,250,现金,午夜
2030,2022-07-15,新鲜甘蔗汁,饮品,25,12,300,现金,傍晚
2031,2022-07-15,法兰基卷,快餐,50,11,550,现金,傍晚
2032,2022-07-15,咖喱土豆球,快餐,20,6,120,现金,晚上
2033,2022-07-15,冰咖啡,饮品,40,14,560,现金,午夜
2034,2022-07-16,瓦达汉堡,快餐,20,3,60,现金,晚上
2035,2022-07-16,冰咖啡,饮品,40,11,440,在线支付,下午
2036,2022-07-16,新鲜甘蔗汁,饮品,25,4,100,在线支付,晚上
2037,2022-07-16,瓦达汉堡,快餐,20,15,300,现金,午夜
2038,2022-07-16,瓦达汉堡,快餐,20,9,180,在线支付,午夜
2039,2022-07-16,新鲜甘蔗汁,饮品,25,9,225,其他,傍晚
2040,2022-07-16,新鲜甘蔗汁,饮品,25,10,250,现金,下午
2041,2022-07-16,招牌三明治,快餐,60,15,900,现金,午夜
2042,2022-07-16,冰咖啡,饮品,40,7,280,在线支付,早晨
2043,2022-07-16,新鲜甘蔗汁,饮品,25,11,275,其他,下午
2044,2022-07-16,法兰基卷,快餐,50,7,350,现金,午夜
2045,2022-07-16,脆球点心,快餐,20,2,40,现金,傍晚
2046,2022-07-16,瓦达汉堡,快餐,20,5,100,在线支付,傍晚
2047,2022-07-16,法兰基卷,快餐,50,15,750,现金,傍晚
2048,2022-07-16,咖喱土豆球,快餐,20,12,240,在线支付,早晨
2049,2022-07-16,新鲜甘蔗汁,饮品,25,13,325,现金,晚上
2050,2022-07-16,脆球点心,快餐,20,6,120,在线支付,傍晚
2051,2022-07-16,新鲜甘蔗汁,饮品,25,6,150,在线支付,晚上
2052,2022-07-16,新鲜甘蔗汁,饮品,25,10,250,现金,午夜
2053,2022-07-16,法兰基卷,快餐,50,7,350,在线支付,午夜
2054,2022-07-16,招牌三明治,快餐,60,6,360,现金,午夜
2055,2022-07-16,法兰基卷,快餐,50,9,450,其他,午夜
2056,2022-07-16,脆球点心,快餐,20,6,120,在线支付,早晨
2057,2022-07-16,瓦达汉堡,快餐,20,13,260,在线支付,下午
2058,2022-07-16,法兰基卷,快餐,50,8,400,其他,早晨
2059,2022-07-16,脆球点心,快餐,20,4,80,现金,晚上
2060,2022-07-16,新鲜甘蔗汁,饮品,25,1,25,现金,早晨
2061,2022-07-16,冰咖啡,饮品,40,1,40,现金,午夜
2062,2022-07-16,脆球点心,快餐,20,5,100,现金,下午
2063,2022-07-16,法兰基卷,快餐,50,7,350,在线支付,傍晚
2064,2022-07-16,脆球点心,快餐,20,4,80,现金,下午
2065,2022-07-16,瓦达汉堡,快餐,20,3,60,现金,午夜
2066,2022-07-16,新鲜甘蔗汁,饮品,25,6,150,在线支付,早晨
2067,2022-07-16,法兰基卷,快餐,50,1,50,在线支付,傍晚
2068,2022-07-16,招牌三明治,快餐,60,9,540,其他,早晨
2069,2022-07-16,脆球点心,快餐,20,10,200,现金,午夜
2070,2022-07-16,冰咖啡,饮品,40,7,280,现金,晚上
2071,2022-07-16,招牌三明治,快餐,60,5,300,现金,下午
2072,2022-07-16,新鲜甘蔗汁,饮品,25,9,225,在线支付,傍晚
2073,2022-07-16,新鲜甘蔗汁,饮品,25,7,175,在线支付,下午
2074,2022-07-16,法兰基卷,快餐,50,9,450,现金,下午
2075,2022-07-16,招牌三明治,快餐,60,1,60,在线支付,下午
2076,2022-07-16,招牌三明治,快餐,60,13,780,其他,午夜
2077,2022-07-16,招牌三明治,快餐,60,7,420,现金,晚上
2078,2022-07-16,冰咖啡,饮品,40,10,400,在线支付,下午
2079,2022-07-16,瓦达汉堡,快餐,20,15,300,现金,午夜
2080,2022-07-16,招牌三明治,快餐,60,9,540,现金,傍晚
2081,2022-07-16,咖喱土豆球,快餐,20,7,140,在线支付,午夜
2082,2022-07-16,咖喱土豆球,快餐,20,2,40,在线支付,晚上
2083,2022-07-16,冰咖啡,饮品,40,3,120,现金,早晨
2084,2022-07-16,脆球点心,快餐,20,12,240,在线支付,傍晚
2085,2022-07-16,瓦达汉堡,快餐,20,10,200,现金,下午
2086,2022-07-16,咖喱土豆球,快餐,20,11,220,其他,晚上
2087,2022-07-16,脆球点心,快餐,20,13,260,现金,午夜
2088,2022-07-16,新鲜甘蔗汁,饮品,25,6,150,现金,下午
2089,2022-07-16,脆球点心,快餐,20,15,300,其他,午夜
2090,2022-07-16,新鲜甘蔗汁,饮品,25,10,250,在线支付,午夜
2091,2022-07-16,瓦达汉堡,快餐,20,11,220,现金,晚上
2092,2022-07-16,瓦达汉堡,快餐,20,3,60,在线支付,下午
2093,2022-07-16,招牌三明治,快餐,60,5,300,在线支付,午夜
2094,2022-07-16,冰咖啡,饮品,40,6,240,现金,晚上
2095,2022-07-16,脆球点心,快餐,20,11,220,现金,午夜
2096,2022-07-16,冰咖啡,饮品,40,9,360,现金,晚上
2097,2022-07-16,脆球点心,快餐,20,11,220,在线支付,晚上
2098,2022-07-16,法兰基卷,快餐,50,12,600,现金,傍晚
2099,2022-07-16,法兰基卷,快餐,50,5,250,在线支付,午夜
2100,2022-07-16,法兰基卷,快餐,50,1,50,现金,傍晚
2101,2022-07-16,脆球点心,快餐,20,3,60,在线支付,下午
2102,2022-07-16,脆球点心,快餐,20,6,120,在线支付,傍晚
2103,2022-07-16,法兰基卷,快餐,50,6,300,现金,下午
2104,2022-07-16,新鲜甘蔗汁,饮品,25,6,150,在线支付,午夜
2105,2022-07-16,招牌三明治,快餐,60,14,840,现金,早晨
2106,2022-07-16,咖喱土豆球,快餐,20,9,180,现金,午夜
2107,2022-07-16,法兰基卷,快餐,50,7,350,在线支付,早晨
2108,2022-07-16,招牌三明治,快餐,60,1,60,在线支付,下午
2109,2022-07-16,新鲜甘蔗汁,饮品,25,9,225,现金,下午
2110,2022-07-16,咖喱土豆球,快餐,20,8,160,在线支付,午夜
2111,2022-07-16,招牌三明治,快餐,60,9,540,在线支付,傍晚
2112,2022-07-16,瓦达汉堡,快餐,20,3,60,现金,午夜
2113,2022-07-16,瓦达汉堡,快餐,20,11,220,其他,下午
2114,2022-07-16,招牌三明治,快餐,60,8,480,现金,午夜
2115,2022-07-16,法兰基卷,快餐,50,10,500,现金,晚上
2116,2022-07-16,冰咖啡,饮品,40,11,440,现金,下午
2117,2022-07-16,冰咖啡,饮品,40,15,600,其他,傍晚
2118,2022-07-16,招牌三明治,快餐,60,2,120,现金,午夜
2119,2022-07-16,新鲜甘蔗汁,饮品,25,5,125,在线支付,傍晚
2120,2022-07-16,脆球点心,快餐,20,9,180,现金,晚上
2121,2022-07-16,招牌三明治,快餐,60,1,60,现金,早晨
2122,2022-07-16,冰咖啡,饮品,40,4,160,现金,午夜
2123,2022-07-16,法兰基卷,快餐,50,10,500,现金,傍晚
2124,2022-07-16,脆球点心,快餐,20,7,140,其他,晚上
2125,2022-07-16,脆球点心,快餐,20,8,160,现金,早晨
2126,2022-07-16,新鲜甘蔗汁,饮品,25,15,375,其他,早晨
2127,2022-07-16,脆球点心,快餐,20,11,220,现金,午夜
2128,2022-07-16,招牌三明治,快餐,60,13,780,现金,早晨
2129,2022-07-16,脆球点心,快餐,20,10,200,在线支付,晚上
2130,2022-07-16,法兰基卷,快餐,50,8,400,现金,下午
2131,2022-07-16,咖喱土豆球,快餐,20,1,20,现金,午夜
2132,2022-07-16,法兰基卷,快餐,50,1,50,现金,午夜
2133,2022-07-16,瓦达汉堡,快餐,20,6,120,其他,下午
2134,2022-07-16,招牌三明治,快餐,60,5,300,现金,午夜
2135,2022-07-16,新鲜甘蔗汁,饮品,25,13,325,其他,午夜
2136,2022-07-16,瓦达汉堡,快餐,20,12,240,现金,早晨
2137,2022-07-16,冰咖啡,饮品,40,11,440,在线支付,早晨
2138,2022-07-16,瓦达汉堡,快餐,20,9,180,在线支付,下午
2139,2022-07-16,咖喱土豆球,快餐,20,9,180,在线支付,傍晚
2140,2022-07-16,咖喱土豆球,快餐,20,7,140,现金,午夜
2141,2022-07-16,脆球点心,快餐,20,9,180,其他,晚上
2142,2022-07-16,咖喱土豆球,快餐,20,15,300,在线支付,下午
2143,2022-07-16,冰咖啡,饮品,40,1,40,现金,早晨
2144,2022-07-16,法兰基卷,快餐,50,3,150,现金,早晨
2145,2022-07-16,咖喱土豆球,快餐,20,8,160,现金,午夜
2146,2022-07-16,瓦达汉堡,快餐,20,8,160,在线支付,下午
2147,2022-07-16,新鲜甘蔗汁,饮品,25,15,375,现金,下午
2148,2022-07-16,脆球点心,快餐,20,14,280,现金,晚上
2149,2022-07-16,新鲜甘蔗汁,饮品,25,10,250,在线支付,下午
2150,2022-07-16,冰咖啡,饮品,40,3,120,现金,晚上
2151,2022-07-16,法兰基卷,快餐,50,8,400,现金,早晨
2152,2022-07-16,新鲜甘蔗汁,饮品,25,7,175,在线支付,早晨
2153,2022-07-16,咖喱土豆球,快餐,20,10,200,现金,早晨
2154,2022-07-16,咖喱土豆球,快餐,20,5,100,在线支付,午夜
2155,2022-07-16,咖喱土豆球,快餐,20,8,160,在线支付,晚上
2156,2022-07-16,新鲜甘蔗汁,饮品,25,7,175,在线支付,晚上
2157,2022-07-16,招牌三明治,快餐,60,15,900,现金,早晨
2158,2022-07-16,脆球点心,快餐,20,11,220,其他,早晨
2159,2022-07-16,冰咖啡,饮品,40,10,400,现金,早晨
2160,2022-07-16,咖喱土豆球,快餐,20,12,240,现金,下午
2161,2022-07-16,脆球点心,快餐,20,9,180,其他,早晨
2162,2022-07-16,瓦达汉堡,快餐,20,1,20,在线支付,早晨
2163,2022-07-16,新鲜甘蔗汁,饮品,25,9,225,现金,下午
2164,2022-07-16,法兰基卷,快餐,50,12,600,在线支付,下午
2165,2022-07-16,新鲜甘蔗汁,饮品,25,12,300,现金,傍晚
2166,2022-07-16,招牌三明治,快餐,60,4,240,现金,傍晚
2167,2022-07-16,法兰基卷,快餐,50,6,300,在线支付,午夜
2168,2022-07-16,法兰基卷,快餐,50,10,500,现金,早晨
2169,2022-07-16,法兰基卷,快餐,50,14,700,在线支付,午夜
2170,2022-07-16,瓦达汉堡,快餐,20,9,180,现金,晚上
2171,2022-07-16,咖喱土豆球,快餐,20,9,180,其他,下午
2172,2022-07-16,冰咖啡,饮品,40,15,600,现金,午夜
2173,2022-07-16,咖喱土豆球,快餐,20,10,200,现金,傍晚
2174,2022-07-16,冰咖啡,饮品,40,11,440,在线支付,早晨
2175,2022-07-16,咖喱土豆球,快餐,20,15,300,在线支付,傍晚
2176,2022-07-16,脆球点心,快餐,20,12,240,现金,傍晚
2177,2022-07-16,冰咖啡,饮品,40,15,600,在线支付,早晨
2178,2022-07-16,咖喱土豆球,快餐,20,14,280,在线支付,早晨
2179,2022-07-16,冰咖啡,饮品,40,10,400,在线支付,下午
2180,2022-07-16,招牌三明治,快餐,60,6,360,在线支付,晚上
2181,2022-07-16,脆球点心,快餐,20,12,240,现金,下午
2182,2022-07-16,冰咖啡,饮品,40,4,160,现金,下午
2183,2022-07-16,新鲜甘蔗汁,饮品,25,11,275,在线支付,午夜
2184,2022-07-16,瓦达汉堡,快餐,20,9,180,在线支付,早晨
2185,2022-07-16,脆球点心,快餐,20,9,180,现金,傍晚
2186,2022-07-16,咖喱土豆球,快餐,20,3,60,现金,傍晚
2187,2022-07-16,瓦达汉堡,快餐,20,10,200,在线支付,早晨
2188,2022-07-16,冰咖啡,饮品,40,8,320,其他,傍晚
2189,2022-07-17,新鲜甘蔗汁,饮品,25,12,300,在线支付,下午
2190,2022-07-17,法兰基卷,快餐,50,8,400,在线支付,午夜
2191,2022-07-17,冰咖啡,饮品,40,9,360,现金,下午
2192,2022-07-17,瓦达汉堡,快餐,20,8,160,在线支付,早晨
2193,2022-07-17,新鲜甘蔗汁,饮品,25,5,125,现金,傍晚
2194,2022-07-17,脆球点心,快餐,20,6,120,现金,午夜
2195,2022-07-17,脆球点心,快餐,20,7,140,现金,午夜
2196,2022-07-17,法兰基卷,快餐,50,2,100,在线支付,晚上
2197,2022-07-17,瓦达汉堡,快餐,20,9,180,现金,晚上
2198,2022-07-17,新鲜甘蔗汁,饮品,25,7,175,在线支付,傍晚
2199,2022-07-17,法兰基卷,快餐,50,15,750,在线支付,晚上
2200,2022-07-17,新鲜甘蔗汁,饮品,25,15,375,在线支付,早晨
2201,2022-07-17,冰咖啡,饮品,40,4,160,现金,早晨
2202,2022-07-17,法兰基卷,快餐,50,15,750,现金,早晨
2203,2022-07-17,招牌三明治,快餐,60,8,480,现金,晚上
2204,2022-07-17,瓦达汉堡,快餐,20,14,280,现金,早晨
2205,2022-07-17,咖喱土豆球,快餐,20,14,280,现金,下午
2206,2022-07-17,咖喱土豆球,快餐,20,1,20,现金,晚上
2207,2022-07-17,冰咖啡,饮品,40,15,600,现金,午夜
2208,2022-07-17,咖喱土豆球,快餐,20,9,180,其他,傍晚
2209,2022-07-17,脆球点心,快餐,20,7,140,其他,午夜
2210,2022-07-17,冰咖啡,饮品,40,6,240,在线支付,早晨
2211,2022-07-17,脆球点心,快餐,20,14,280,现金,午夜
2212,2022-07-17,脆球点心,快餐,20,5,100,其他,下午
2213,2022-07-17,冰咖啡,饮品,40,2,80,在线支付,下午
2214,2022-07-17,咖喱土豆球,快餐,20,7,140,在线支付,早晨
2215,2022-07-17,脆球点心,快餐,20,15,300,现金,午夜
2216,2022-07-17,法兰基卷,快餐,50,6,300,现金,午夜
2217,2022-07-17,法兰基卷,快餐,50,1,50,在线支付,早晨
2218,2022-07-17,脆球点心,快餐,20,15,300,在线支付,午夜
2219,2022-07-17,瓦达汉堡,快餐,20,14,280,在线支付,午夜
2220,2022-07-17,冰咖啡,饮品,40,6,240,现金,早晨
2221,2022-07-17,法兰基卷,快餐,50,10,500,在线支付,傍晚
2222,2022-07-17,冰咖啡,饮品,40,3,120,现金,早晨
2223,2022-07-17,新鲜甘蔗汁,饮品,25,15,375,现金,傍晚
2224,2022-07-17,脆球点心,快餐,20,12,240,现金,早晨
2225,2022-07-17,瓦达汉堡,快餐,20,13,260,在线支付,晚上
2226,2022-07-17,瓦达汉堡,快餐,20,10,200,其他,傍晚
2227,2022-07-17,新鲜甘蔗汁,饮品,25,8,200,在线支付,傍晚
2228,2022-07-17,招牌三明治,快餐,60,5,300,现金,傍晚
2229,2022-07-17,法兰基卷,快餐,50,9,450,其他,下午
2230,2022-07-17,新鲜甘蔗汁,饮品,25,9,225,现金,傍晚
2231,2022-07-17,瓦达汉堡,快餐,20,6,120,现金,傍晚
2232,2022-07-17,脆球点心,快餐,20,14,280,在线支付,早晨
2233,2022-07-17,法兰基卷,快餐,50,6,300,现金,早晨
2234,2022-07-17,脆球点心,快餐,20,6,120,其他,午夜
2235,2022-07-17,瓦达汉堡,快餐,20,1,20,现金,早晨
2236,2022-07-17,法兰基卷,快餐,50,3,150,在线支付,早晨
2237,2022-07-17,招牌三明治,快餐,60,12,720,在线支付,下午
2238,2022-07-17,咖喱土豆球,快餐,20,8,160,现金,下午
2239,2022-07-17,脆球点心,快餐,20,10,200,现金,下午
2240,2022-07-17,脆球点心,快餐,20,8,160,现金,午夜
2241,2022-07-17,脆球点心,快餐,20,5,100,在线支付,傍晚
2242,2022-07-17,招牌三明治,快餐,60,15,900,在线支付,下午
2243,2022-07-17,法兰基卷,快餐,50,4,200,现金,午夜
2244,2022-07-17,咖喱土豆球,快餐,20,7,140,现金,晚上
2245,2022-07-17,冰咖啡,饮品,40,5,200,在线支付,早晨
2246,2022-07-17,新鲜甘蔗汁,饮品,25,5,125,在线支付,傍晚
2247,2022-07-17,瓦达汉堡,快餐,20,6,120,在线支付,早晨
2248,2022-07-17,瓦达汉堡,快餐,20,3,60,现金,午夜
2249,2022-07-17,招牌三明治,快餐,60,2,120,在线支付,午夜
2250,2022-07-17,瓦达汉堡,快餐,20,5,100,现金,早晨
2251,2022-07-17,冰咖啡,饮品,40,13,520,在线支付,下午
2252,2022-07-17,咖喱土豆球,快餐,20,12,240,现金,午夜
2253,2022-07-17,招牌三明治,快餐,60,10,600,现金,午夜
2254,2022-07-17,脆球点心,快餐,20,10,200,在线支付,晚上
2255,2022-07-17,新鲜甘蔗汁,饮品,25,5,125,现金,晚上
2256,2022-07-17,招牌三明治,快餐,60,9,540,现金,晚上
2257,2022-07-17,瓦达汉堡,快餐,20,8,160,其他,下午
2258,2022-07-17,脆球点心,快餐,20,3,60,现金,午夜
2259,2022-07-17,冰咖啡,饮品,40,7,280,现金,早晨
2260,2022-07-17,咖喱土豆球,快餐,20,7,140,在线支付,傍晚
2261,2022-07-17,法兰基卷,快餐,50,9,450,在线支付,午夜
2262,2022-07-17,新鲜甘蔗汁,饮品,25,2,50,现金,晚上
2263,2022-07-17,新鲜甘蔗汁,饮品,25,7,175,现金,下午
2264,2022-07-17,脆球点心,快餐,20,7,140,现金,傍晚
2265,2022-07-17,冰咖啡,饮品,40,1,40,现金,晚上
2266,2022-07-17,法兰基卷,快餐,50,7,350,在线支付,早晨
2267,2022-07-17,瓦达汉堡,快餐,20,15,300,现金,下午
2268,2022-07-17,冰咖啡,饮品,40,11,440,其他,早晨
2269,2022-07-17,脆球点心,快餐,20,8,160,现金,下午
2270,2022-07-17,瓦达汉堡,快餐,20,14,280,现金,午夜
2271,2022-07-17,冰咖啡,饮品,40,10,400,现金,早晨
2272,2022-07-17,脆球点心,快餐,20,6,120,现金,傍晚
2273,2022-07-17,脆球点心,快餐,20,3,60,在线支付,傍晚
2274,2022-07-17,招牌三明治,快餐,60,14,840,在线支付,下午
2275,2022-07-17,脆球点心,快餐,20,1,20,现金,午夜
2276,2022-07-17,冰咖啡,饮品,40,12,480,在线支付,傍晚
2277,2022-07-17,招牌三明治,快餐,60,15,900,现金,下午
2278,2022-07-17,脆球点心,快餐,20,9,180,现金,傍晚
2279,2022-07-17,法兰基卷,快餐,50,3,150,在线支付,下午
2280,2022-07-17,脆球点心,快餐,20,12,240,其他,早晨
2281,2022-07-17,瓦达汉堡,快餐,20,6,120,在线支付,早晨
2282,2022-07-17,新鲜甘蔗汁,饮品,25,11,275,现金,午夜
2283,2022-07-17,咖喱土豆球,快餐,20,15,300,现金,晚上
2284,2022-07-17,新鲜甘蔗汁,饮品,25,12,300,现金,早晨
2285,2022-07-17,瓦达汉堡,快餐,20,9,180,现金,早晨
2286,2022-07-17,招牌三明治,快餐,60,15,900,现金,午夜
2287,2022-07-17,咖喱土豆球,快餐,20,14,280,在线支付,下午
2288,2022-07-17,招牌三明治,快餐,60,14,840,现金,下午
2289,2022-07-17,新鲜甘蔗汁,饮品,25,7,175,在线支付,早晨
2290,2022-07-17,冰咖啡,饮品,40,3,120,现金,傍晚
2291,2022-07-17,瓦达汉堡,快餐,20,4,80,现金,傍晚
2292,2022-07-17,法兰基卷,快餐,50,5,250,现金,下午
2293,2022-07-17,法兰基卷,快餐,50,3,150,现金,午夜
2294,2022-07-17,冰咖啡,饮品,40,3,120,在线支付,午夜
2295,2022-07-17,瓦达汉堡,快餐,20,11,220,在线支付,晚上
2296,2022-07-17,冰咖啡,饮品,40,4,160,在线支付,午夜
2297,2022-07-17,冰咖啡,饮品,40,10,400,其他,傍晚
2298,2022-07-17,咖喱土豆球,快餐,20,12,240,现金,早晨
2299,2022-07-17,脆球点心,快餐,20,9,180,现金,晚上
2300,2022-07-17,脆球点心,快餐,20,12,240,在线支付,午夜
2301,2022-07-17,脆球点心,快餐,20,4,80,现金,早晨
2302,2022-07-17,冰咖啡,饮品,40,8,320,现金,晚上
2303,2022-07-17,脆球点心,快餐,20,9,180,现金,傍晚
2304,2022-07-17,咖喱土豆球,快餐,20,13,260,现金,午夜
2305,2022-07-17,咖喱土豆球,快餐,20,7,140,现金,下午
2306,2022-07-17,冰咖啡,饮品,40,1,40,现金,下午
2307,2022-07-17,咖喱土豆球,快餐,20,10,200,现金,晚上
2308,2022-07-17,冰咖啡,饮品,40,12,480,在线支付,傍晚
2309,2022-07-17,咖喱土豆球,快餐,20,2,40,在线支付,早晨
2310,2022-07-17,瓦达汉堡,快餐,20,3,60,在线支付,下午
2311,2022-07-17,新鲜甘蔗汁,饮品,25,15,375,现金,午夜
2312,2022-07-17,脆球点心,快餐,20,12,240,现金,下午
2313,2022-07-18,瓦达汉堡,快餐,20,8,160,现金,晚上
2314,2022-07-18,咖喱土豆球,快餐,20,15,300,在线支付,午夜
2315,2022-07-18,冰咖啡,饮品,40,4,160,其他,晚上
2316,2022-07-18,新鲜甘蔗汁,饮品,25,3,75,现金,午夜
2317,2022-07-18,法兰基卷,快餐,50,7,350,现金,下午
2318,2022-07-18,瓦达汉堡,快餐,20,9,180,其他,晚上
2319,2022-07-18,招牌三明治,快餐,60,11,660,在线支付,下午
2320,2022-07-18,瓦达汉堡,快餐,20,11,220,现金,晚上
2321,2022-07-18,法兰基卷,快餐,50,11,550,现金,晚上
2322,2022-07-18,冰咖啡,饮品,40,6,240,在线支付,晚上
2323,2022-07-18,法兰基卷,快餐,50,5,250,其他,午夜
2324,2022-07-18,法兰基卷,快餐,50,15,750,其他,早晨
2325,2022-07-18,招牌三明治,快餐,60,13,780,现金,下午
2326,2022-07-18,新鲜甘蔗汁,饮品,25,10,250,在线支付,晚上
2327,2022-07-18,瓦达汉堡,快餐,20,7,140,现金,早晨
2328,2022-07-18,法兰基卷,快餐,50,14,700,现金,下午
2329,2022-07-18,法兰基卷,快餐,50,1,50,在线支付,早晨
2330,2022-07-18,招牌三明治,快餐,60,5,300,现金,午夜
2331,2022-07-18,招牌三明治,快餐,60,11,660,现金,早晨
2332,2022-07-18,招牌三明治,快餐,60,10,600,现金,早晨
2333,2022-07-18,冰咖啡,饮品,40,12,480,在线支付,下午
2334,2022-07-18,招牌三明治,快餐,60,14,840,现金,早晨
2335,2022-07-18,咖喱土豆球,快餐,20,5,100,其他,早晨
2336,2022-07-18,冰咖啡,饮品,40,5,200,在线支付,下午
2337,2022-07-18,新鲜甘蔗汁,饮品,25,8,200,现金,早晨
2338,2022-07-18,招牌三明治,快餐,60,4,240,现金,下午
2339,2022-07-18,脆球点心,快餐,20,5,100,现金,早晨
2340,2022-07-18,新鲜甘蔗汁,饮品,25,10,250,在线支付,傍晚
2341,2022-07-18,脆球点心,快餐,20,10,200,在线支付,下午
2342,2022-07-18,法兰基卷,快餐,50,10,500,现金,早晨
2343,2022-07-18,脆球点心,快餐,20,4,80,现金,午夜
2344,2022-07-18,冰咖啡,饮品,40,9,360,现金,早晨
2345,2022-07-18,法兰基卷,快餐,50,11,550,在线支付,晚上
2346,2022-07-18,冰咖啡,饮品,40,9,360,现金,晚上
2347,2022-07-18,新鲜甘蔗汁,饮品,25,11,275,在线支付,傍晚
2348,2022-07-18,瓦达汉堡,快餐,20,1,20,其他,下午
2349,2022-07-18,脆球点心,快餐,20,1,20,现金,午夜
2350,2022-07-18,新鲜甘蔗汁,饮品,25,5,125,在线支付,午夜
2351,2022-07-18,咖喱土豆球,快餐,20,15,300,在线支付,傍晚
2352,2022-07-18,新鲜甘蔗汁,饮品,25,8,200,现金,早晨
2353,2022-07-18,瓦达汉堡,快餐,20,13,260,现金,晚上
2354,2022-07-18,瓦达汉堡,快餐,20,2,40,现金,早晨
2355,2022-07-18,新鲜甘蔗汁,饮品,25,10,250,在线支付,傍晚
2356,2022-07-18,瓦达汉堡,快餐,20,10,200,现金,下午
2357,2022-07-18,招牌三明治,快餐,60,8,480,现金,早晨
2358,2022-07-18,瓦达汉堡,快餐,20,11,220,在线支付,午夜
2359,2022-07-18,新鲜甘蔗汁,饮品,25,5,125,现金,下午
2360,2022-07-18,招牌三明治,快餐,60,8,480,在线支付,午夜
2361,2022-07-18,脆球点心,快餐,20,8,160,在线支付,早晨
2362,2022-07-18,冰咖啡,饮品,40,15,600,其他,早晨
2363,2022-07-18,脆球点心,快餐,20,1,20,在线支付,午夜
2364,2022-07-18,新鲜甘蔗汁,饮品,25,3,75,现金,早晨
2365,2022-07-18,咖喱土豆球,快餐,20,5,100,在线支付,早晨
2366,2022-07-18,法兰基卷,快餐,50,6,300,在线支付,下午
2367,2022-07-18,脆球点心,快餐,20,15,300,现金,早晨
2368,2022-07-18,新鲜甘蔗汁,饮品,25,12,300,现金,晚上
2369,2022-07-18,冰咖啡,饮品,40,7,280,在线支付,午夜
2370,2022-07-18,咖喱土豆球,快餐,20,7,140,在线支付,晚上
2371,2022-07-18,脆球点心,快餐,20,1,20,现金,早晨
2372,2022-07-18,脆球点心,快餐,20,1,20,现金,傍晚
2373,2022-07-18,冰咖啡,饮品,40,13,520,在线支付,早晨
2374,2022-07-18,瓦达汉堡,快餐,20,13,260,在线支付,傍晚
2375,2022-07-18,冰咖啡,饮品,40,14,560,现金,傍晚
2376,2022-07-18,新鲜甘蔗汁,饮品,25,7,175,现金,傍晚
2377,2022-07-18,招牌三明治,快餐,60,6,360,现金,午夜
2378,2022-07-18,招牌三明治,快餐,60,9,540,现金,傍晚
2379,2022-07-18,招牌三明治,快餐,60,14,840,在线支付,午夜
2380,2022-07-18,新鲜甘蔗汁,饮品,25,10,250,现金,下午
2381,2022-07-18,瓦达汉堡,快餐,20,5,100,现金,早晨
2382,2022-07-18,新鲜甘蔗汁,饮品,25,5,125,现金,傍晚
2383,2022-07-18,冰咖啡,饮品,40,6,240,在线支付,早晨
2384,2022-07-18,冰咖啡,饮品,40,8,320,现金,下午
2385,2022-07-18,法兰基卷,快餐,50,3,150,现金,晚上
2386,2022-07-18,脆球点心,快餐,20,15,300,其他,午夜
2387,2022-07-18,咖喱土豆球,快餐,20,3,60,在线支付,午夜
2388,2022-07-18,法兰基卷,快餐,50,13,650,现金,晚上
2389,2022-07-18,冰咖啡,饮品,40,4,160,在线支付,傍晚
2390,2022-07-18,招牌三明治,快餐,60,14,840,现金,午夜
2391,2022-07-18,招牌三明治,快餐,60,10,600,现金,早晨
2392,2022-07-18,招牌三明治,快餐,60,5,300,其他,早晨
2393,2022-07-18,咖喱土豆球,快餐,20,3,60,现金,下午
2394,2022-07-18,法兰基卷,快餐,50,15,750,其他,早晨
2395,2022-07-18,脆球点心,快餐,20,8,160,现金,早晨
2396,2022-07-18,新鲜甘蔗汁,饮品,25,1,25,现金,午夜
2397,2022-07-18,脆球点心,快餐,20,15,300,现金,午夜
2398,2022-07-18,冰咖啡,饮品,40,10,400,现金,傍晚
2399,2022-07-18,法兰基卷,快餐,50,8,400,在线支付,晚上
2400,2022-07-18,法兰基卷,快餐,50,2,100,在线支付,傍晚
2401,2022-07-18,新鲜甘蔗汁,饮品,25,7,175,现金,早晨
2402,2022-07-18,招牌三明治,快餐,60,7,420,现金,晚上
2403,2022-07-18,新鲜甘蔗汁,饮品,25,11,275,现金,晚上
2404,2022-07-18,法兰基卷,快餐,50,4,200,在线支付,午夜
2405,2022-07-18,法兰基卷,快餐,50,7,350,在线支付,晚上
2406,2022-07-18,招牌三明治,快餐,60,10,600,其他,晚上
2407,2022-07-18,脆球点心,快餐,20,8,160,现金,晚上
2408,2022-07-18,脆球点心,快餐,20,15,300,在线支付,午夜
2409,2022-07-18,瓦达汉堡,快餐,20,2,40,在线支付,早晨
2410,2022-07-18,招牌三明治,快餐,60,6,360,现金,午夜
2411,2022-07-18,瓦达汉堡,快餐,20,5,100,在线支付,傍晚
2412,2022-07-18,招牌三明治,快餐,60,3,180,现金,早晨
2413,2022-07-18,新鲜甘蔗汁,饮品,25,10,250,现金,早晨
2414,2022-07-18,招牌三明治,快餐,60,13,780,现金,傍晚
2415,2022-07-18,新鲜甘蔗汁,饮品,25,1,25,现金,早晨
2416,2022-07-18,冰咖啡,饮品,40,14,560,在线支付,午夜
2417,2022-07-18,新鲜甘蔗汁,饮品,25,10,250,现金,下午
2418,2022-07-18,法兰基卷,快餐,50,10,500,其他,傍晚
2419,2022-07-18,瓦达汉堡,快餐,20,15,300,现金,早晨
2420,2022-07-18,咖喱土豆球,快餐,20,11,220,其他,下午
2421,2022-07-18,脆球点心,快餐,20,7,140,其他,早晨
2422,2022-07-18,冰咖啡,饮品,40,14,560,现金,午夜
2423,2022-07-18,冰咖啡,饮品,40,5,200,在线支付,晚上
2424,2022-07-18,脆球点心,快餐,20,8,160,在线支付,早晨
2425,2022-07-18,新鲜甘蔗汁,饮品,25,4,100,在线支付,下午
2426,2022-07-18,冰咖啡,饮品,40,3,120,现金,早晨
2427,2022-07-18,咖喱土豆球,快餐,20,6,120,现金,午夜
2428,2022-07-18,法兰基卷,快餐,50,1,50,现金,晚上
2429,2022-07-18,招牌三明治,快餐,60,6,360,在线支付,晚上
2430,2022-07-18,瓦达汉堡,快餐,20,3,60,其他,傍晚
2431,2022-07-18,瓦达汉堡,快餐,20,4,80,在线支付,午夜
2432,2022-07-18,新鲜甘蔗汁,饮品,25,8,200,其他,下午
2433,2022-07-18,咖喱土豆球,快餐,20,5,100,现金,早晨
2434,2022-07-18,法兰基卷,快餐,50,7,350,现金,早晨
2435,2022-07-18,冰咖啡,饮品,40,12,480,在线支付,下午
2436,2022-07-18,咖喱土豆球,快餐,20,4,80,在线支付,午夜
2437,2022-07-18,冰咖啡,饮品,40,13,520,在线支付,傍晚
2438,2022-07-18,瓦达汉堡,快餐,20,11,220,现金,下午
2439,2022-07-18,冰咖啡,饮品,40,8,320,现金,午夜
2440,2022-07-18,脆球点心,快餐,20,4,80,在线支付,早晨
2441,2022-07-18,冰咖啡,饮品,40,9,360,在线支付,傍晚
2442,2022-07-18,招牌三明治,快餐,60,8,480,现金,傍晚
2443,2022-07-18,咖喱土豆球,快餐,20,3,60,现金,午夜
2444,2022-07-18,新鲜甘蔗汁,饮品,25,3,75,在线支付,早晨
2445,2022-07-18,咖喱土豆球,快餐,20,8,160,在线支付,午夜
2446,2022-07-18,脆球点心,快餐,20,4,80,在线支付,傍晚
2447,2022-07-18,脆球点心,快餐,20,9,180,现金,晚上
2448,2022-07-18,新鲜甘蔗汁,饮品,25,1,25,在线支付,晚上
2449,2022-07-18,脆球点心,快餐,20,8,160,现金,傍晚
2450,2022-07-18,招牌三明治,快餐,60,15,900,在线支付,午夜
2451,2022-07-18,咖喱土豆球,快餐,20,4,80,在线支付,晚上
2452,2022-07-18,脆球点心,快餐,20,5,100,在线支付,下午
2453,2022-07-18,瓦达汉堡,快餐,20,9,180,现金,早晨
2454,2022-07-18,瓦达汉堡,快餐,20,1,20,在线支付,晚上
2455,2022-07-18,脆球点心,快餐,20,14,280,现金,傍晚
2456,2022-07-18,脆球点心,快餐,20,7,140,在线支付,傍晚
2457,2022-07-18,招牌三明治,快餐,60,4,240,在线支付,晚上
2458,2022-07-18,法兰基卷,快餐,50,11,550,在线支付,傍晚
2459,2022-07-18,新鲜甘蔗汁,饮品,25,3,75,现金,晚上
2460,2022-07-18,新鲜甘蔗汁,饮品,25,8,200,在线支付,午夜
2461,2022-07-18,脆球点心,快餐,20,7,140,现金,下午
2462,2022-07-18,新鲜甘蔗汁,饮品,25,8,200,现金,晚上
2463,2022-07-18,招牌三明治,快餐,60,6,360,在线支付,早晨
2464,2022-07-18,咖喱土豆球,快餐,20,11,220,其他,下午
2465,2022-07-19,新鲜甘蔗汁,饮品,25,1,25,其他,下午
2466,2022-07-19,瓦达汉堡,快餐,20,7,140,在线支付,下午
2467,2022-07-19,法兰基卷,快餐,50,1,50,现金,早晨
2468,2022-07-19,脆球点心,快餐,20,6,120,在线支付,早晨
2469,2022-07-19,新鲜甘蔗汁,饮品,25,15,375,在线支付,傍晚
2470,2022-07-19,冰咖啡,饮品,40,4,160,现金,早晨
2471,2022-07-19,招牌三明治,快餐,60,10,600,在线支付,早晨
2472,2022-07-19,法兰基卷,快餐,50,9,450,在线支付,下午
2473,2022-07-19,冰咖啡,饮品,40,1,40,现金,午夜
2474,2022-07-19,咖喱土豆球,快餐,20,10,200,现金,傍晚
2475,2022-07-19,招牌三明治,快餐,60,15,900,在线支付,晚上
2476,2022-07-19,瓦达汉堡,快餐,20,1,20,现金,下午
2477,2022-07-19,法兰基卷,快餐,50,6,300,在线支付,傍晚
2478,2022-07-19,冰咖啡,饮品,40,8,320,现金,傍晚
2479,2022-07-19,脆球点心,快餐,20,7,140,在线支付,傍晚
2480,2022-07-19,冰咖啡,饮品,40,4,160,在线支付,晚上
2481,2022-07-19,新鲜甘蔗汁,饮品,25,5,125,在线支付,晚上
2482,2022-07-19,脆球点心,快餐,20,11,220,现金,午夜
2483,2022-07-19,法兰基卷,快餐,50,11,550,现金,早晨
2484,2022-07-19,咖喱土豆球,快餐,20,15,300,现金,傍晚
2485,2022-07-19,咖喱土豆球,快餐,20,5,100,现金,傍晚
2486,2022-07-19,脆球点心,快餐,20,7,140,现金,下午
2487,2022-07-19,法兰基卷,快餐,50,15,750,现金,晚上
2488,2022-07-19,瓦达汉堡,快餐,20,9,180,其他,晚上
2489,2022-07-19,新鲜甘蔗汁,饮品,25,6,150,现金,晚上
2490,2022-07-19,咖喱土豆球,快餐,20,9,180,现金,午夜
2491,2022-07-19,脆球点心,快餐,20,9,180,在线支付,晚上
2492,2022-07-19,咖喱土豆球,快餐,20,9,180,在线支付,下午
2493,2022-07-19,脆球点心,快餐,20,7,140,现金,午夜
2494,2022-07-19,法兰基卷,快餐,50,7,350,现金,傍晚
2495,2022-07-19,招牌三明治,快餐,60,13,780,现金,午夜
2496,2022-07-19,咖喱土豆球,快餐,20,7,140,现金,下午
2497,2022-07-19,瓦达汉堡,快餐,20,6,120,在线支付,晚上
2498,2022-07-19,瓦达汉堡,快餐,20,1,20,在线支付,晚上
2499,2022-07-19,咖喱土豆球,快餐,20,13,260,现金,午夜
2500,2022-07-19,瓦达汉堡,快餐,20,11,220,在线支付,晚上
2501,2022-07-19,冰咖啡,饮品,40,3,120,现金,晚上
2502,2022-07-19,法兰基卷,快餐,50,7,350,现金,傍晚
2503,2022-07-19,脆球点心,快餐,20,5,100,现金,午夜
2504,2022-07-19,新鲜甘蔗汁,饮品,25,7,175,现金,傍晚
2505,2022-07-19,咖喱土豆球,快餐,20,5,100,其他,傍晚
2506,2022-07-19,新鲜甘蔗汁,饮品,25,5,125,现金,傍晚
2507,2022-07-19,瓦达汉堡,快餐,20,6,120,在线支付,傍晚
2508,2022-07-19,瓦达汉堡,快餐,20,7,140,在线支付,晚上
2509,2022-07-19,新鲜甘蔗汁,饮品,25,1,25,现金,晚上
2510,2022-07-19,招牌三明治,快餐,60,5,300,现金,早晨
2511,2022-07-19,新鲜甘蔗汁,饮品,25,3,75,现金,早晨
2512,2022-07-19,脆球点心,快餐,20,15,300,现金,晚上
2513,2022-07-19,新鲜甘蔗汁,饮品,25,2,50,现金,傍晚
2514,2022-07-19,新鲜甘蔗汁,饮品,25,5,125,在线支付,午夜
2515,2022-07-19,法兰基卷,快餐,50,8,400,现金,晚上
2516,2022-07-19,新鲜甘蔗汁,饮品,25,6,150,现金,晚上
2517,2022-07-19,招牌三明治,快餐,60,6,360,现金,晚上
2518,2022-07-19,法兰基卷,快餐,50,13,650,在线支付,午夜
2519,2022-07-19,新鲜甘蔗汁,饮品,25,1,25,在线支付,晚上
2520,2022-07-19,脆球点心,快餐,20,3,60,在线支付,早晨
2521,2022-07-19,法兰基卷,快餐,50,9,450,在线支付,下午
2522,2022-07-19,脆球点心,快餐,20,13,260,其他,午夜
2523,2022-07-19,脆球点心,快餐,20,10,200,在线支付,晚上
2524,2022-07-19,瓦达汉堡,快餐,20,11,220,在线支付,下午
2525,2022-07-19,瓦达汉堡,快餐,20,6,120,现金,晚上
2526,2022-07-19,新鲜甘蔗汁,饮品,25,8,200,在线支付,下午
2527,2022-07-19,新鲜甘蔗汁,饮品,25,13,325,在线支付,傍晚
2528,2022-07-19,瓦达汉堡,快餐,20,13,260,在线支付,午夜
2529,2022-07-19,冰咖啡,饮品,40,14,560,现金,傍晚
2530,2022-07-19,法兰基卷,快餐,50,11,550,其他,午夜
2531,2022-07-19,咖喱土豆球,快餐,20,9,180,在线支付,傍晚
2532,2022-07-19,新鲜甘蔗汁,饮品,25,4,100,现金,晚上
2533,2022-07-19,瓦达汉堡,快餐,20,13,260,其他,早晨
2534,2022-07-19,冰咖啡,饮品,40,9,360,在线支付,午夜
2535,2022-07-19,瓦达汉堡,快餐,20,8,160,现金,午夜
2536,2022-07-19,新鲜甘蔗汁,饮品,25,15,375,其他,晚上
2537,2022-07-19,招牌三明治,快餐,60,15,900,现金,下午
2538,2022-07-19,法兰基卷,快餐,50,4,200,在线支付,傍晚
2539,2022-07-19,新鲜甘蔗汁,饮品,25,14,350,现金,早晨
2540,2022-07-19,新鲜甘蔗汁,饮品,25,12,300,在线支付,早晨
2541,2022-07-19,脆球点心,快餐,20,8,160,在线支付,傍晚
2542,2022-07-19,咖喱土豆球,快餐,20,13,260,在线支付,晚上
2543,2022-07-19,冰咖啡,饮品,40,10,400,现金,傍晚
2544,2022-07-19,瓦达汉堡,快餐,20,5,100,现金,晚上
2545,2022-07-19,瓦达汉堡,快餐,20,8,160,现金,下午
2546,2022-07-19,冰咖啡,饮品,40,7,280,现金,晚上
2547,2022-07-19,冰咖啡,饮品,40,6,240,在线支付,晚上
2548,2022-07-19,新鲜甘蔗汁,饮品,25,10,250,在线支付,午夜
2549,2022-07-19,脆球点心,快餐,20,7,140,现金,下午
2550,2022-07-19,招牌三明治,快餐,60,9,540,现金,晚上
2551,2022-07-19,招牌三明治,快餐,60,2,120,现金,傍晚
2552,2022-07-19,招牌三明治,快餐,60,5,300,现金,早晨
2553,2022-07-19,脆球点心,快餐,20,3,60,在线支付,下午
2554,2022-07-19,冰咖啡,饮品,40,15,600,现金,下午
2555,2022-07-19,冰咖啡,饮品,40,4,160,在线支付,晚上
2556,2022-07-19,咖喱土豆球,快餐,20,3,60,现金,傍晚
2557,2022-07-19,法兰基卷,快餐,50,2,100,在线支付,早晨
2558,2022-07-19,招牌三明治,快餐,60,1,60,现金,早晨
2559,2022-07-19,招牌三明治,快餐,60,13,780,其他,早晨
2560,2022-07-19,法兰基卷,快餐,50,10,500,在线支付,晚上
2561,2022-07-19,冰咖啡,饮品,40,6,240,现金,午夜
2562,2022-07-19,咖喱土豆球,快餐,20,4,80,现金,午夜
2563,2022-07-19,冰咖啡,饮品,40,2,80,现金,下午
2564,2022-07-19,冰咖啡,饮品,40,4,160,其他,早晨
2565,2022-07-19,法兰基卷,快餐,50,8,400,在线支付,早晨
2566,2022-07-19,冰咖啡,饮品,40,8,320,在线支付,早晨
2567,2022-07-19,法兰基卷,快餐,50,6,300,在线支付,傍晚
2568,2022-07-19,新鲜甘蔗汁,饮品,25,7,175,在线支付,早晨
2569,2022-07-19,法兰基卷,快餐,50,7,350,在线支付,晚上
2570,2022-07-19,咖喱土豆球,快餐,20,1,20,现金,午夜
2571,2022-07-19,咖喱土豆球,快餐,20,11,220,现金,下午
2572,2022-07-19,招牌三明治,快餐,60,8,480,在线支付,午夜
2573,2022-07-19,咖喱土豆球,快餐,20,6,120,在线支付,晚上
2574,2022-07-19,法兰基卷,快餐,50,8,400,现金,晚上
2575,2022-07-19,冰咖啡,饮品,40,13,520,在线支付,晚上
2576,2022-07-19,法兰基卷,快餐,50,10,500,其他,早晨
2577,2022-07-19,招牌三明治,快餐,60,9,540,现金,傍晚
2578,2022-07-19,脆球点心,快餐,20,11,220,现金,下午
2579,2022-07-19,脆球点心,快餐,20,14,280,在线支付,早晨
2580,2022-07-19,法兰基卷,快餐,50,13,650,现金,下午
2581,2022-07-19,脆球点心,快餐,20,2,40,现金,晚上
2582,2022-07-19,脆球点心,快餐,20,8,160,其他,下午
2583,2022-07-19,新鲜甘蔗汁,饮品,25,6,150,其他,早晨
2584,2022-07-19,法兰基卷,快餐,50,15,750,现金,傍晚
2585,2022-07-19,招牌三明治,快餐,60,3,180,现金,早晨
2586,2022-07-19,法兰基卷,快餐,50,12,600,现金,午夜
2587,2022-07-19,冰咖啡,饮品,40,7,280,其他,午夜
2588,2022-07-19,招牌三明治,快餐,60,13,780,现金,午夜
2589,2022-07-19,脆球点心,快餐,20,10,200,在线支付,晚上
2590,2022-07-19,脆球点心,快餐,20,4,80,在线支付,傍晚
2591,2022-07-19,咖喱土豆球,快餐,20,7,140,现金,下午
2592,2022-07-19,新鲜甘蔗汁,饮品,25,8,200,现金,早晨
2593,2022-07-19,冰咖啡,饮品,40,9,360,现金,下午
2594,2022-07-19,招牌三明治,快餐,60,15,900,在线支付,早晨
2595,2022-07-20,法兰基卷,快餐,50,1,50,现金,晚上
2596,2022-07-20,冰咖啡,饮品,40,3,120,现金,午夜
2597,2022-07-20,瓦达汉堡,快餐,20,9,180,在线支付,下午
2598,2022-07-20,瓦达汉堡,快餐,20,4,80,在线支付,下午
2599,2022-07-20,脆球点心,快餐,20,15,300,现金,午夜
2600,2022-07-20,冰咖啡,饮品,40,2,80,其他,下午
2601,2022-07-20,咖喱土豆球,快餐,20,9,180,现金,傍晚
2602,2022-07-20,招牌三明治,快餐,60,9,540,在线支付,傍晚
2603,2022-07-20,冰咖啡,饮品,40,1,40,现金,午夜
2604,2022-07-20,新鲜甘蔗汁,饮品,25,14,350,现金,傍晚
2605,2022-07-20,脆球点心,快餐,20,11,220,现金,早晨
2606,2022-07-20,脆球点心,快餐,20,6,120,现金,早晨
2607,2022-07-20,脆球点心,快餐,20,7,140,现金,傍晚
2608,2022-07-20,瓦达汉堡,快餐,20,12,240,现金,晚上
2609,2022-07-20,招牌三明治,快餐,60,5,300,现金,午夜
2610,2022-07-20,瓦达汉堡,快餐,20,8,160,其他,晚上
2611,2022-07-20,冰咖啡,饮品,40,2,80,现金,早晨
2612,2022-07-20,新鲜甘蔗汁,饮品,25,10,250,现金,早晨
2613,2022-07-20,瓦达汉堡,快餐,20,8,160,在线支付,下午
2614,2022-07-20,瓦达汉堡,快餐,20,10,200,现金,傍晚
2615,2022-07-20,瓦达汉堡,快餐,20,15,300,现金,晚上
2616,2022-07-20,招牌三明治,快餐,60,2,120,在线支付,午夜
2617,2022-07-20,脆球点心,快餐,20,2,40,在线支付,晚上
2618,2022-07-20,招牌三明治,快餐,60,7,420,其他,傍晚
2619,2022-07-20,招牌三明治,快餐,60,8,480,在线支付,早晨
2620,2022-07-20,脆球点心,快餐,20,13,260,现金,傍晚
2621,2022-07-20,瓦达汉堡,快餐,20,10,200,现金,下午
2622,2022-07-20,招牌三明治,快餐,60,8,480,在线支付,傍晚
2623,2022-07-20,瓦达汉堡,快餐,20,15,300,在线支付,下午
2624,2022-07-20,新鲜甘蔗汁,饮品,25,5,125,在线支付,晚上
2625,2022-07-20,脆球点心,快餐,20,5,100,在线支付,晚上
2626,2022-07-20,冰咖啡,饮品,40,6,240,现金,午夜
2627,2022-07-20,新鲜甘蔗汁,饮品,25,6,150,现金,午夜
2628,2022-07-20,招牌三明治,快餐,60,11,660,现金,午夜
2629,2022-07-20,招牌三明治,快餐,60,8,480,现金,晚上
2630,2022-07-20,脆球点心,快餐,20,13,260,现金,傍晚
2631,2022-07-20,新鲜甘蔗汁,饮品,25,2,50,在线支付,傍晚
2632,2022-07-20,瓦达汉堡,快餐,20,13,260,现金,午夜
2633,2022-07-20,新鲜甘蔗汁,饮品,25,2,50,现金,早晨
2634,2022-07-20,招牌三明治,快餐,60,10,600,现金,下午
2635,2022-07-20,法兰基卷,快餐,50,4,200,现金,下午
2636,2022-07-20,法兰基卷,快餐,50,10,500,现金,傍晚
2637,2022-07-20,法兰基卷,快餐,50,13,650,现金,早晨
2638,2022-07-20,冰咖啡,饮品,40,10,400,现金,傍晚
2639,2022-07-20,咖喱土豆球,快餐,20,1,20,现金,下午
2640,2022-07-20,新鲜甘蔗汁,饮品,25,1,25,现金,傍晚
2641,2022-07-20,法兰基卷,快餐,50,4,200,在线支付,早晨
2642,2022-07-20,脆球点心,快餐,20,4,80,在线支付,傍晚
2643,2022-07-20,瓦达汉堡,快餐,20,7,140,其他,午夜
2644,2022-07-20,咖喱土豆球,快餐,20,11,220,在线支付,傍晚
2645,2022-07-20,法兰基卷,快餐,50,15,750,现金,下午
2646,2022-07-20,法兰基卷,快餐,50,8,400,现金,下午
2647,2022-07-20,冰咖啡,饮品,40,11,440,在线支付,傍晚
2648,2022-07-20,新鲜甘蔗汁,饮品,25,15,375,在线支付,早晨
2649,2022-07-20,脆球点心,快餐,20,6,120,现金,傍晚
2650,2022-07-20,冰咖啡,饮品,40,8,320,在线支付,傍晚
2651,2022-07-20,冰咖啡,饮品,40,13,520,在线支付,晚上
2652,2022-07-20,咖喱土豆球,快餐,20,13,260,现金,下午
2653,2022-07-20,瓦达汉堡,快餐,20,10,200,其他,晚上
2654,2022-07-20,冰咖啡,饮品,40,11,440,在线支付,傍晚
2655,2022-07-20,瓦达汉堡,快餐,20,7,140,现金,晚上
2656,2022-07-20,新鲜甘蔗汁,饮品,25,3,75,在线支付,下午
2657,2022-07-20,瓦达汉堡,快餐,20,3,60,其他,晚上
2658,2022-07-20,法兰基卷,快餐,50,9,450,其他,下午
2659,2022-07-20,脆球点心,快餐,20,8,160,现金,早晨
2660,2022-07-20,咖喱土豆球,快餐,20,10,200,在线支付,傍晚
2661,2022-07-20,新鲜甘蔗汁,饮品,25,8,200,在线支付,午夜
2662,2022-07-20,咖喱土豆球,快餐,20,7,140,现金,下午
2663,2022-07-20,冰咖啡,饮品,40,3,120,现金,晚上
2664,2022-07-20,咖喱土豆球,快餐,20,11,220,在线支付,傍晚
2665,2022-07-20,新鲜甘蔗汁,饮品,25,15,375,现金,晚上
2666,2022-07-20,招牌三明治,快餐,60,15,900,其他,午夜
2667,2022-07-20,新鲜甘蔗汁,饮品,25,10,250,现金,午夜
2668,2022-07-20,瓦达汉堡,快餐,20,2,40,现金,晚上
2669,2022-07-20,法兰基卷,快餐,50,5,250,现金,下午
2670,2022-07-20,冰咖啡,饮品,40,13,520,其他,傍晚
2671,2022-07-20,咖喱土豆球,快餐,20,14,280,现金,下午
2672,2022-07-20,脆球点心,快餐,20,1,20,在线支付,傍晚
2673,2022-07-20,法兰基卷,快餐,50,11,550,在线支付,晚上
2674,2022-07-20,咖喱土豆球,快餐,20,15,300,现金,下午
2675,2022-07-20,法兰基卷,快餐,50,6,300,现金,午夜
2676,2022-07-20,新鲜甘蔗汁,饮品,25,15,375,在线支付,傍晚
2677,2022-07-20,脆球点心,快餐,20,15,300,其他,晚上
2678,2022-07-20,冰咖啡,饮品,40,12,480,现金,傍晚
2679,2022-07-20,冰咖啡,饮品,40,15,600,在线支付,早晨
2680,2022-07-20,新鲜甘蔗汁,饮品,25,10,250,现金,傍晚
2681,2022-07-20,脆球点心,快餐,20,6,120,在线支付,午夜
2682,2022-07-20,冰咖啡,饮品,40,1,40,现金,午夜
2683,2022-07-20,法兰基卷,快餐,50,15,750,其他,早晨
2684,2022-07-20,招牌三明治,快餐,60,8,480,现金,晚上
2685,2022-07-20,咖喱土豆球,快餐,20,12,240,现金,下午
2686,2022-07-20,冰咖啡,饮品,40,7,280,现金,晚上
2687,2022-07-20,瓦达汉堡,快餐,20,1,20,在线支付,傍晚
2688,2022-07-20,法兰基卷,快餐,50,6,300,现金,午夜
2689,2022-07-20,脆球点心,快餐,20,10,200,现金,傍晚
2690,2022-07-20,瓦达汉堡,快餐,20,12,240,现金,晚上
2691,2022-07-20,新鲜甘蔗汁,饮品,25,10,250,现金,早晨
2692,2022-07-20,招牌三明治,快餐,60,14,840,现金,傍晚
2693,2022-07-20,法兰基卷,快餐,50,14,700,现金,晚上
2694,2022-07-20,招牌三明治,快餐,60,9,540,现金,早晨
2695,2022-07-20,冰咖啡,饮品,40,15,600,现金,午夜
2696,2022-07-20,法兰基卷,快餐,50,4,200,在线支付,下午
2697,2022-07-20,咖喱土豆球,快餐,20,10,200,在线支付,下午
2698,2022-07-20,瓦达汉堡,快餐,20,12,240,现金,晚上
2699,2022-07-20,冰咖啡,饮品,40,15,600,在线支付,傍晚
2700,2022-07-20,法兰基卷,快餐,50,12,600,在线支付,傍晚
2701,2022-07-20,脆球点心,快餐,20,13,260,在线支付,午夜
2702,2022-07-20,脆球点心,快餐,20,9,180,在线支付,傍晚
2703,2022-07-20,冰咖啡,饮品,40,1,40,现金,傍晚
2704,2022-07-20,冰咖啡,饮品,40,8,320,在线支付,晚上
2705,2022-07-20,脆球点心,快餐,20,11,220,现金,早晨
2706,2022-07-20,咖喱土豆球,快餐,20,13,260,现金,傍晚
2707,2022-07-20,瓦达汉堡,快餐,20,10,200,在线支付,早晨
2708,2022-07-20,冰咖啡,饮品,40,9,360,在线支付,下午
2709,2022-07-20,法兰基卷,快餐,50,9,450,现金,下午
2710,2022-07-20,瓦达汉堡,快餐,20,5,100,其他,午夜
2711,2022-07-20,瓦达汉堡,快餐,20,14,280,现金,下午
2712,2022-07-20,脆球点心,快餐,20,8,160,现金,早晨
2713,2022-07-20,法兰基卷,快餐,50,13,650,现金,午夜
2714,2022-07-20,瓦达汉堡,快餐,20,13,260,其他,傍晚
2715,2022-07-20,新鲜甘蔗汁,饮品,25,10,250,在线支付,下午
2716,2022-07-20,招牌三明治,快餐,60,12,720,现金,晚上
2717,2022-07-20,冰咖啡,饮品,40,7,280,现金,午夜
2718,2022-07-20,新鲜甘蔗汁,饮品,25,2,50,现金,早晨
2719,2022-07-21,咖喱土豆球,快餐,20,9,180,在线支付,下午
2720,2022-07-21,咖喱土豆球,快餐,20,7,140,现金,下午
2721,2022-07-21,瓦达汉堡,快餐,20,6,120,现金,傍晚
2722,2022-07-21,冰咖啡,饮品,40,12,480,现金,晚上
2723,2022-07-21,咖喱土豆球,快餐,20,7,140,在线支付,午夜
2724,2022-07-21,法兰基卷,快餐,50,13,650,在线支付,早晨
2725,2022-07-21,冰咖啡,饮品,40,9,360,在线支付,午夜
2726,2022-07-21,瓦达汉堡,快餐,20,9,180,在线支付,下午
2727,2022-07-21,冰咖啡,饮品,40,3,120,现金,早晨
2728,2022-07-21,冰咖啡,饮品,40,1,40,在线支付,傍晚
2729,2022-07-21,咖喱土豆球,快餐,20,12,240,现金,傍晚
2730,2022-07-21,咖喱土豆球,快餐,20,1,20,在线支付,傍晚
2731,2022-07-21,招牌三明治,快餐,60,9,540,现金,下午
2732,2022-07-21,新鲜甘蔗汁,饮品,25,11,275,现金,下午
2733,2022-07-21,新鲜甘蔗汁,饮品,25,10,250,现金,早晨
2734,2022-07-21,脆球点心,快餐,20,1,20,其他,午夜
2735,2022-07-21,招牌三明治,快餐,60,3,180,现金,午夜
2736,2022-07-21,招牌三明治,快餐,60,15,900,现金,傍晚
2737,2022-07-21,脆球点心,快餐,20,14,280,在线支付,傍晚
2738,2022-07-21,脆球点心,快餐,20,7,140,现金,午夜
2739,2022-07-21,冰咖啡,饮品,40,6,240,现金,午夜
2740,2022-07-21,招牌三明治,快餐,60,15,900,其他,晚上
2741,2022-07-21,瓦达汉堡,快餐,20,7,140,在线支付,下午
2742,2022-07-21,招牌三明治,快餐,60,9,540,现金,早晨
2743,2022-07-21,招牌三明治,快餐,60,10,600,其他,晚上
2744,2022-07-21,招牌三明治,快餐,60,7,420,现金,晚上
2745,2022-07-21,招牌三明治,快餐,60,15,900,在线支付,下午
2746,2022-07-21,法兰基卷,快餐,50,11,550,在线支付,晚上
2747,2022-07-21,咖喱土豆球,快餐,20,9,180,现金,午夜
2748,2022-07-21,冰咖啡,饮品,40,4,160,在线支付,傍晚
2749,2022-07-21,咖喱土豆球,快餐,20,10,200,其他,午夜
2750,2022-07-21,法兰基卷,快餐,50,8,400,在线支付,傍晚
2751,2022-07-21,瓦达汉堡,快餐,20,7,140,在线支付,晚上
2752,2022-07-21,新鲜甘蔗汁,饮品,25,11,275,在线支付,早晨
2753,2022-07-21,新鲜甘蔗汁,饮品,25,6,150,其他,下午
2754,2022-07-21,脆球点心,快餐,20,5,100,在线支付,下午
2755,2022-07-21,瓦达汉堡,快餐,20,3,60,在线支付,晚上
2756,2022-07-21,瓦达汉堡,快餐,20,11,220,在线支付,傍晚
2757,2022-07-21,冰咖啡,饮品,40,11,440,现金,傍晚
2758,2022-07-21,招牌三明治,快餐,60,9,540,在线支付,午夜
2759,2022-07-21,咖喱土豆球,快餐,20,3,60,在线支付,晚上
2760,2022-07-21,新鲜甘蔗汁,饮品,25,9,225,其他,下午
2761,2022-07-21,咖喱土豆球,快餐,20,9,180,在线支付,晚上
2762,2022-07-21,法兰基卷,快餐,50,10,500,在线支付,下午
2763,2022-07-21,咖喱土豆球,快餐,20,7,140,在线支付,傍晚
2764,2022-07-21,瓦达汉堡,快餐,20,3,60,现金,早晨
2765,2022-07-21,瓦达汉堡,快餐,20,14,280,现金,午夜
2766,2022-07-21,招牌三明治,快餐,60,8,480,现金,午夜
2767,2022-07-21,招牌三明治,快餐,60,11,660,现金,早晨
2768,2022-07-21,咖喱土豆球,快餐,20,13,260,现金,午夜
2769,2022-07-21,瓦达汉堡,快餐,20,8,160,现金,下午
2770,2022-07-21,招牌三明治,快餐,60,9,540,其他,下午
2771,2022-07-21,新鲜甘蔗汁,饮品,25,7,175,现金,傍晚
2772,2022-07-21,冰咖啡,饮品,40,12,480,在线支付,傍晚
2773,2022-07-21,招牌三明治,快餐,60,2,120,现金,早晨
2774,2022-07-21,冰咖啡,饮品,40,7,280,在线支付,午夜
2775,2022-07-21,新鲜甘蔗汁,饮品,25,6,150,现金,下午
2776,2022-07-21,法兰基卷,快餐,50,2,100,在线支付,傍晚
2777,2022-07-21,瓦达汉堡,快餐,20,6,120,现金,早晨
2778,2022-07-21,冰咖啡,饮品,40,8,320,现金,下午
2779,2022-07-21,冰咖啡,饮品,40,3,120,在线支付,傍晚
2780,2022-07-21,瓦达汉堡,快餐,20,10,200,在线支付,午夜
2781,2022-07-21,新鲜甘蔗汁,饮品,25,6,150,在线支付,下午
2782,2022-07-21,咖喱土豆球,快餐,20,12,240,现金,傍晚
2783,2022-07-21,法兰基卷,快餐,50,8,400,在线支付,晚上
2784,2022-07-21,新鲜甘蔗汁,饮品,25,11,275,现金,傍晚
2785,2022-07-21,新鲜甘蔗汁,饮品,25,12,300,现金,下午
2786,2022-07-21,冰咖啡,饮品,40,3,120,现金,午夜
2787,2022-07-21,冰咖啡,饮品,40,9,360,在线支付,午夜
2788,2022-07-21,脆球点心,快餐,20,5,100,其他,下午
2789,2022-07-21,新鲜甘蔗汁,饮品,25,15,375,在线支付,晚上
2790,2022-07-21,新鲜甘蔗汁,饮品,25,2,50,在线支付,晚上
2791,2022-07-21,瓦达汉堡,快餐,20,11,220,现金,傍晚
2792,2022-07-21,新鲜甘蔗汁,饮品,25,6,150,现金,下午
2793,2022-07-21,招牌三明治,快餐,60,4,240,现金,下午
2794,2022-07-21,招牌三明治,快餐,60,12,720,在线支付,早晨
2795,2022-07-21,咖喱土豆球,快餐,20,3,60,现金,傍晚
2796,2022-07-21,咖喱土豆球,快餐,20,11,220,在线支付,傍晚
2797,2022-07-21,冰咖啡,饮品,40,5,200,在线支付,下午
2798,2022-07-21,法兰基卷,快餐,50,1,50,现金,晚上
2799,2022-07-21,瓦达汉堡,快餐,20,1,20,现金,晚上
2800,2022-07-21,法兰基卷,快餐,50,1,50,在线支付,晚上
2801,2022-07-21,法兰基卷,快餐,50,6,300,现金,早晨
2802,2022-07-21,招牌三明治,快餐,60,4,240,在线支付,晚上
2803,2022-07-21,新鲜甘蔗汁,饮品,25,4,100,在线支付,晚上
2804,2022-07-21,新鲜甘蔗汁,饮品,25,4,100,现金,早晨
2805,2022-07-21,瓦达汉堡,快餐,20,9,180,现金,傍晚
2806,2022-07-21,咖喱土豆球,快餐,20,8,160,现金,早晨
2807,2022-07-21,脆球点心,快餐,20,14,280,现金,午夜
2808,2022-07-21,新鲜甘蔗汁,饮品,25,11,275,在线支付,傍晚
2809,2022-07-21,招牌三明治,快餐,60,3,180,在线支付,早晨
2810,2022-07-21,新鲜甘蔗汁,饮品,25,6,150,现金,下午
2811,2022-07-21,新鲜甘蔗汁,饮品,25,6,150,其他,午夜
2812,2022-07-21,脆球点心,快餐,20,14,280,在线支付,午夜
2813,2022-07-21,脆球点心,快餐,20,6,120,在线支付,傍晚
2814,2022-07-21,冰咖啡,饮品,40,13,520,其他,傍晚
2815,2022-07-21,新鲜甘蔗汁,饮品,25,8,200,在线支付,下午
2816,2022-07-21,咖喱土豆球,快餐,20,3,60,现金,晚上
2817,2022-07-21,法兰基卷,快餐,50,4,200,现金,晚上
2818,2022-07-21,法兰基卷,快餐,50,13,650,现金,早晨
2819,2022-07-21,瓦达汉堡,快餐,20,8,160,在线支付,早晨
2820,2022-07-21,脆球点心,快餐,20,10,200,在线支付,午夜
2821,2022-07-21,招牌三明治,快餐,60,11,660,在线支付,傍晚
2822,2022-07-21,冰咖啡,饮品,40,7,280,现金,傍晚
2823,2022-07-21,新鲜甘蔗汁,饮品,25,8,200,现金,傍晚
2824,2022-07-21,脆球点心,快餐,20,11,220,在线支付,早晨
2825,2022-07-21,瓦达汉堡,快餐,20,8,160,现金,早晨
2826,2022-07-21,新鲜甘蔗汁,饮品,25,14,350,现金,下午
2827,2022-07-21,咖喱土豆球,快餐,20,7,140,其他,晚上
2828,2022-07-21,冰咖啡,饮品,40,5,200,在线支付,下午
2829,2022-07-21,法兰基卷,快餐,50,8,400,在线支付,午夜
2830,2022-07-21,脆球点心,快餐,20,3,60,在线支付,晚上
2831,2022-07-21,招牌三明治,快餐,60,2,120,现金,午夜
2832,2022-07-21,法兰基卷,快餐,50,1,50,现金,下午
2833,2022-07-21,新鲜甘蔗汁,饮品,25,8,200,现金,早晨
2834,2022-07-21,新鲜甘蔗汁,饮品,25,11,275,在线支付,早晨
2835,2022-07-21,咖喱土豆球,快餐,20,1,20,在线支付,午夜
2836,2022-07-21,瓦达汉堡,快餐,20,1,20,在线支付,晚上
2837,2022-07-21,新鲜甘蔗汁,饮品,25,9,225,现金,傍晚
2838,2022-07-21,新鲜甘蔗汁,饮品,25,7,175,在线支付,晚上
2839,2022-07-21,法兰基卷,快餐,50,15,750,其他,早晨
2840,2022-07-21,瓦达汉堡,快餐,20,11,220,现金,傍晚
2841,2022-07-21,咖喱土豆球,快餐,20,6,120,在线支付,晚上
2842,2022-07-21,脆球点心,快餐,20,12,240,现金,午夜
2843,2022-07-21,冰咖啡,饮品,40,1,40,在线支付,傍晚
2844,2022-07-21,脆球点心,快餐,20,14,280,现金,傍晚
2845,2022-07-21,瓦达汉堡,快餐,20,11,220,在线支付,早晨
2846,2022-07-21,招牌三明治,快餐,60,4,240,在线支付,早晨
2847,2022-07-21,法兰基卷,快餐,50,4,200,现金,晚上
2848,2022-07-21,瓦达汉堡,快餐,20,11,220,在线支付,晚上
2849,2022-07-21,法兰基卷,快餐,50,11,550,在线支付,傍晚
2850,2022-07-21,咖喱土豆球,快餐,20,7,140,现金,早晨
2851,2022-07-21,新鲜甘蔗汁,饮品,25,3,75,现金,傍晚
2852,2022-07-21,瓦达汉堡,快餐,20,8,160,在线支付,午夜
2853,2022-07-21,招牌三明治,快餐,60,4,240,在线支付,晚上
2854,2022-07-21,瓦达汉堡,快餐,20,4,80,现金,早晨
2855,2022-07-21,瓦达汉堡,快餐,20,11,220,在线支付,傍晚
2856,2022-07-21,法兰基卷,快餐,50,8,400,现金,傍晚
2857,2022-07-21,脆球点心,快餐,20,3,60,现金,晚上
2858,2022-07-21,咖喱土豆球,快餐,20,6,120,现金,午夜
2859,2022-07-21,咖喱土豆球,快餐,20,15,300,现金,早晨
2860,2022-07-21,瓦达汉堡,快餐,20,6,120,现金,早晨
2861,2022-07-21,咖喱土豆球,快餐,20,6,120,在线支付,午夜
2862,2022-07-21,新鲜甘蔗汁,饮品,25,9,225,现金,傍晚
2863,2022-07-21,咖喱土豆球,快餐,20,8,160,现金,午夜
2864,2022-07-21,冰咖啡,饮品,40,1,40,现金,傍晚
2865,2022-07-21,新鲜甘蔗汁,饮品,25,5,125,现金,午夜
2866,2022-07-21,咖喱土豆球,快餐,20,10,200,在线支付,下午
2867,2022-07-21,咖喱土豆球,快餐,20,5,100,现金,午夜
2868,2022-07-21,瓦达汉堡,快餐,20,14,280,在线支付,下午
2869,2022-07-21,咖喱土豆球,快餐,20,3,60,在线支付,下午
2870,2022-07-21,法兰基卷,快餐,50,1,50,在线支付,傍晚
2871,2022-07-21,新鲜甘蔗汁,饮品,25,7,175,现金,晚上
2872,2022-07-21,招牌三明治,快餐,60,7,420,现金,早晨
2873,2022-07-21,瓦达汉堡,快餐,20,14,280,在线支付,下午
2874,2022-07-22,招牌三明治,快餐,60,6,360,现金,午夜
2875,2022-07-22,法兰基卷,快餐,50,3,150,现金,傍晚
2876,2022-07-22,冰咖啡,饮品,40,5,200,其他,午夜
2877,2022-07-22,咖喱土豆球,快餐,20,9,180,在线支付,下午
2878,2022-07-22,新鲜甘蔗汁,饮品,25,12,300,在线支付,傍晚
2879,2022-07-22,新鲜甘蔗汁,饮品,25,10,250,在线支付,午夜
2880,2022-07-22,招牌三明治,快餐,60,4,240,在线支付,午夜
2881,2022-07-22,新鲜甘蔗汁,饮品,25,6,150,现金,午夜
2882,2022-07-22,咖喱土豆球,快餐,20,15,300,现金,傍晚
2883,2022-07-22,招牌三明治,快餐,60,11,660,其他,下午
2884,2022-07-22,冰咖啡,饮品,40,6,240,现金,午夜
2885,2022-07-22,脆球点心,快餐,20,10,200,现金,傍晚
2886,2022-07-22,法兰基卷,快餐,50,11,550,现金,午夜
2887,2022-07-22,冰咖啡,饮品,40,15,600,在线支付,午夜
2888,2022-07-22,招牌三明治,快餐,60,4,240,现金,傍晚
2889,2022-07-22,新鲜甘蔗汁,饮品,25,5,125,在线支付,早晨
2890,2022-07-22,法兰基卷,快餐,50,6,300,现金,早晨
2891,2022-07-22,招牌三明治,快餐,60,1,60,在线支付,早晨
2892,2022-07-22,冰咖啡,饮品,40,1,40,现金,晚上
2893,2022-07-22,法兰基卷,快餐,50,1,50,其他,晚上
2894,2022-07-22,脆球点心,快餐,20,1,20,在线支付,午夜
2895,2022-07-22,新鲜甘蔗汁,饮品,25,10,250,其他,傍晚
2896,2022-07-22,瓦达汉堡,快餐,20,8,160,在线支付,下午
2897,2022-07-22,新鲜甘蔗汁,饮品,25,13,325,现金,早晨
2898,2022-07-22,新鲜甘蔗汁,饮品,25,4,100,在线支付,傍晚
2899,2022-07-22,脆球点心,快餐,20,10,200,现金,傍晚
2900,2022-07-22,冰咖啡,饮品,40,13,520,现金,傍晚
2901,2022-07-22,招牌三明治,快餐,60,3,180,现金,傍晚
2902,2022-07-22,新鲜甘蔗汁,饮品,25,10,250,在线支付,午夜
2903,2022-07-22,招牌三明治,快餐,60,9,540,现金,下午
2904,2022-07-22,招牌三明治,快餐,60,9,540,现金,下午
2905,2022-07-22,冰咖啡,饮品,40,7,280,在线支付,晚上
2906,2022-07-22,咖喱土豆球,快餐,20,3,60,在线支付,下午
2907,2022-07-22,脆球点心,快餐,20,13,260,现金,下午
2908,2022-07-22,法兰基卷,快餐,50,9,450,在线支付,午夜
2909,2022-07-22,法兰基卷,快餐,50,11,550,在线支付,午夜
2910,2022-07-22,冰咖啡,饮品,40,7,280,在线支付,早晨
2911,2022-07-22,冰咖啡,饮品,40,12,480,在线支付,午夜
2912,2022-07-22,冰咖啡,饮品,40,3,120,现金,晚上
2913,2022-07-22,新鲜甘蔗汁,饮品,25,1,25,在线支付,傍晚
2914,2022-07-22,脆球点心,快餐,20,7,140,现金,下午
2915,2022-07-22,咖喱土豆球,快餐,20,3,60,其他,下午
2916,2022-07-22,冰咖啡,饮品,40,8,320,在线支付,傍晚
2917,2022-07-22,新鲜甘蔗汁,饮品,25,6,150,在线支付,早晨
2918,2022-07-22,新鲜甘蔗汁,饮品,25,15,375,在线支付,早晨
2919,2022-07-22,新鲜甘蔗汁,饮品,25,14,350,现金,早晨
2920,2022-07-22,招牌三明治,快餐,60,6,360,在线支付,傍晚
2921,2022-07-22,冰咖啡,饮品,40,7,280,在线支付,午夜
2922,2022-07-22,冰咖啡,饮品,40,1,40,现金,傍晚
2923,2022-07-22,脆球点心,快餐,20,1,20,现金,下午
2924,2022-07-22,脆球点心,快餐,20,3,60,现金,早晨
2925,2022-07-22,招牌三明治,快餐,60,7,420,现金,下午
2926,2022-07-22,招牌三明治,快餐,60,6,360,现金,下午
2927,2022-07-22,脆球点心,快餐,20,9,180,现金,下午
2928,2022-07-22,冰咖啡,饮品,40,7,280,在线支付,下午
2929,2022-07-22,招牌三明治,快餐,60,2,120,现金,下午
2930,2022-07-22,冰咖啡,饮品,40,6,240,其他,早晨
2931,2022-07-22,脆球点心,快餐,20,1,20,在线支付,傍晚
2932,2022-07-22,脆球点心,快餐,20,1,20,在线支付,晚上
2933,2022-07-22,脆球点心,快餐,20,9,180,在线支付,早晨
2934,2022-07-22,冰咖啡,饮品,40,7,280,在线支付,早晨
2935,2022-07-22,瓦达汉堡,快餐,20,13,260,在线支付,早晨
2936,2022-07-22,咖喱土豆球,快餐,20,10,200,现金,早晨
2937,2022-07-22,新鲜甘蔗汁,饮品,25,9,225,在线支付,晚上
2938,2022-07-22,瓦达汉堡,快餐,20,13,260,现金,早晨
2939,2022-07-22,瓦达汉堡,快餐,20,4,80,现金,午夜
2940,2022-07-22,瓦达汉堡,快餐,20,8,160,其他,下午
2941,2022-07-22,咖喱土豆球,快餐,20,12,240,在线支付,傍晚
2942,2022-07-22,新鲜甘蔗汁,饮品,25,4,100,现金,下午
2943,2022-07-22,法兰基卷,快餐,50,6,300,在线支付,早晨
2944,2022-07-22,新鲜甘蔗汁,饮品,25,10,250,现金,早晨
2945,2022-07-22,招牌三明治,快餐,60,12,720,在线支付,下午
2946,2022-07-22,法兰基卷,快餐,50,10,500,在线支付,下午
2947,2022-07-22,法兰基卷,快餐,50,13,650,在线支付,傍晚
2948,2022-07-22,脆球点心,快餐,20,3,60,其他,傍晚
2949,2022-07-22,新鲜甘蔗汁,饮品,25,15,375,现金,下午
2950,2022-07-22,招牌三明治,快餐,60,7,420,在线支付,下午
2951,2022-07-22,新鲜甘蔗汁,饮品,25,6,150,现金,下午
2952,2022-07-22,新鲜甘蔗汁,饮品,25,11,275,现金,早晨
2953,2022-07-22,新鲜甘蔗汁,饮品,25,15,375,现金,傍晚
2954,2022-07-22,法兰基卷,快餐,50,13,650,现金,午夜
2955,2022-07-22,脆球点心,快餐,20,15,300,在线支付,早晨
2956,2022-07-22,脆球点心,快餐,20,6,120,其他,下午
2957,2022-07-22,招牌三明治,快餐,60,1,60,现金,下午
2958,2022-07-22,冰咖啡,饮品,40,1,40,现金,下午
2959,2022-07-22,招牌三明治,快餐,60,6,360,在线支付,早晨
2960,2022-07-22,法兰基卷,快餐,50,8,400,现金,傍晚
2961,2022-07-22,脆球点心,快餐,20,3,60,在线支付,早晨
2962,2022-07-22,瓦达汉堡,快餐,20,8,160,现金,早晨
2963,2022-07-22,脆球点心,快餐,20,9,180,在线支付,晚上
2964,2022-07-22,冰咖啡,饮品,40,3,120,现金,午夜
2965,2022-07-22,法兰基卷,快餐,50,15,750,在线支付,早晨
2966,2022-07-22,法兰基卷,快餐,50,12,600,现金,早晨
2967,2022-07-22,脆球点心,快餐,20,15,300,在线支付,下午
2968,2022-07-22,脆球点心,快餐,20,15,300,在线支付,早晨
2969,2022-07-22,法兰基卷,快餐,50,1,50,在线支付,晚上
2970,2022-07-22,脆球点心,快餐,20,15,300,在线支付,傍晚
2971,2022-07-22,法兰基卷,快餐,50,4,200,在线支付,早晨
2972,2022-07-22,瓦达汉堡,快餐,20,1,20,现金,早晨
2973,2022-07-22,新鲜甘蔗汁,饮品,25,13,325,在线支付,傍晚
2974,2022-07-22,法兰基卷,快餐,50,11,550,在线支付,晚上
2975,2022-07-22,脆球点心,快餐,20,11,220,在线支付,傍晚
2976,2022-07-22,脆球点心,快餐,20,14,280,现金,早晨
2977,2022-07-22,新鲜甘蔗汁,饮品,25,9,225,现金,傍晚
2978,2022-07-22,招牌三明治,快餐,60,1,60,现金,傍晚
2979,2022-07-22,脆球点心,快餐,20,10,200,在线支付,傍晚
2980,2022-07-22,脆球点心,快餐,20,10,200,现金,傍晚
2981,2022-07-22,法兰基卷,快餐,50,11,550,在线支付,傍晚
2982,2022-07-22,冰咖啡,饮品,40,12,480,现金,傍晚
2983,2022-07-22,新鲜甘蔗汁,饮品,25,1,25,现金,下午
2984,2022-07-22,冰咖啡,饮品,40,10,400,在线支付,傍晚
2985,2022-07-22,招牌三明治,快餐,60,5,300,在线支付,早晨
2986,2022-07-22,脆球点心,快餐,20,1,20,在线支付,早晨
2987,2022-07-22,咖喱土豆球,快餐,20,8,160,在线支付,下午
2988,2022-07-22,新鲜甘蔗汁,饮品,25,3,75,现金,傍晚
2989,2022-07-22,法兰基卷,快餐,50,4,200,现金,晚上
2990,2022-07-22,咖喱土豆球,快餐,20,8,160,在线支付,晚上
2991,2022-07-22,咖喱土豆球,快餐,20,9,180,现金,午夜
2992,2022-07-22,咖喱土豆球,快餐,20,6,120,现金,傍晚
2993,2022-07-22,脆球点心,快餐,20,11,220,在线支付,傍晚
2994,2022-07-22,新鲜甘蔗汁,饮品,25,7,175,现金,晚上
2995,2022-07-22,法兰基卷,快餐,50,12,600,现金,早晨
2996,2022-07-22,招牌三明治,快餐,60,5,300,在线支付,早晨
2997,2022-07-22,咖喱土豆球,快餐,20,9,180,现金,下午
2998,2022-07-22,新鲜甘蔗汁,饮品,25,10,250,现金,下午
2999,2022-07-22,咖喱土豆球,快餐,20,11,220,在线支付,傍晚
3000,2022-07-22,法兰基卷,快餐,50,8,400,现金,晚上
3001,2022-07-22,法兰基卷,快餐,50,3,150,现金,午夜
3002,2022-07-22,咖喱土豆球,快餐,20,4,80,现金,早晨
3003,2022-07-22,瓦达汉堡,快餐,20,11,220,现金,早晨
3004,2022-07-23,瓦达汉堡,快餐,20,5,100,现金,午夜
3005,2022-07-23,新鲜甘蔗汁,饮品,25,7,175,现金,晚上
3006,2022-07-23,法兰基卷,快餐,50,12,600,其他,晚上
3007,2022-07-23,新鲜甘蔗汁,饮品,25,13,325,在线支付,傍晚
3008,2022-07-23,法兰基卷,快餐,50,15,750,在线支付,午夜
3009,2022-07-23,瓦达汉堡,快餐,20,2,40,现金,午夜
3010,2022-07-23,招牌三明治,快餐,60,15,900,在线支付,下午
3011,2022-07-23,脆球点心,快餐,20,7,140,现金,下午
3012,2022-07-23,招牌三明治,快餐,60,1,60,在线支付,早晨
3013,2022-07-23,新鲜甘蔗汁,饮品,25,5,125,现金,晚上
3014,2022-07-23,新鲜甘蔗汁,饮品,25,13,325,现金,早晨
3015,2022-07-23,招牌三明治,快餐,60,9,540,现金,午夜
3016,2022-07-23,瓦达汉堡,快餐,20,11,220,现金,晚上
3017,2022-07-23,咖喱土豆球,快餐,20,8,160,在线支付,早晨
3018,2022-07-23,招牌三明治,快餐,60,6,360,在线支付,晚上
3019,2022-07-23,咖喱土豆球,快餐,20,9,180,在线支付,早晨
3020,2022-07-23,招牌三明治,快餐,60,10,600,现金,下午
3021,2022-07-23,新鲜甘蔗汁,饮品,25,13,325,现金,傍晚
3022,2022-07-23,咖喱土豆球,快餐,20,8,160,现金,下午
3023,2022-07-23,咖喱土豆球,快餐,20,1,20,现金,晚上
3024,2022-07-23,法兰基卷,快餐,50,12,600,在线支付,午夜
3025,2022-07-23,法兰基卷,快餐,50,10,500,在线支付,傍晚
3026,2022-07-23,咖喱土豆球,快餐,20,8,160,其他,傍晚
3027,2022-07-23,法兰基卷,快餐,50,4,200,现金,午夜
3028,2022-07-23,法兰基卷,快餐,50,14,700,在线支付,傍晚
3029,2022-07-23,法兰基卷,快餐,50,8,400,现金,晚上
3030,2022-07-23,法兰基卷,快餐,50,13,650,在线支付,晚上
3031,2022-07-23,冰咖啡,饮品,40,7,280,现金,早晨
3032,2022-07-23,脆球点心,快餐,20,8,160,现金,晚上
3033,2022-07-23,脆球点心,快餐,20,8,160,在线支付,晚上
3034,2022-07-23,冰咖啡,饮品,40,12,480,在线支付,早晨
3035,2022-07-23,招牌三明治,快餐,60,12,720,其他,傍晚
3036,2022-07-23,瓦达汉堡,快餐,20,1,20,现金,下午
3037,2022-07-23,咖喱土豆球,快餐,20,6,120,在线支付,午夜
3038,2022-07-23,招牌三明治,快餐,60,4,240,在线支付,晚上
3039,2022-07-23,冰咖啡,饮品,40,6,240,现金,午夜
3040,2022-07-23,瓦达汉堡,快餐,20,1,20,在线支付,晚上
3041,2022-07-23,冰咖啡,饮品,40,6,240,现金,午夜
3042,2022-07-23,瓦达汉堡,快餐,20,7,140,其他,午夜
3043,2022-07-23,法兰基卷,快餐,50,12,600,在线支付,早晨
3044,2022-07-23,瓦达汉堡,快餐,20,1,20,在线支付,早晨
3045,2022-07-23,咖喱土豆球,快餐,20,3,60,现金,早晨
3046,2022-07-23,冰咖啡,饮品,40,9,360,在线支付,傍晚
3047,2022-07-23,法兰基卷,快餐,50,10,500,现金,晚上
3048,2022-07-23,冰咖啡,饮品,40,11,440,现金,晚上
3049,2022-07-23,冰咖啡,饮品,40,12,480,在线支付,早晨
3050,2022-07-23,招牌三明治,快餐,60,6,360,现金,早晨
3051,2022-07-23,瓦达汉堡,快餐,20,8,160,现金,下午
3052,2022-07-23,瓦达汉堡,快餐,20,9,180,在线支付,午夜
3053,2022-07-23,脆球点心,快餐,20,14,280,现金,晚上
3054,2022-07-23,新鲜甘蔗汁,饮品,25,8,200,现金,晚上
3055,2022-07-23,脆球点心,快餐,20,7,140,在线支付,晚上
3056,2022-07-23,冰咖啡,饮品,40,13,520,现金,下午
3057,2022-07-23,脆球点心,快餐,20,1,20,现金,晚上
3058,2022-07-23,法兰基卷,快餐,50,4,200,现金,晚上
3059,2022-07-23,脆球点心,快餐,20,6,120,现金,早晨
3060,2022-07-23,脆球点心,快餐,20,8,160,现金,午夜
3061,2022-07-23,法兰基卷,快餐,50,6,300,现金,午夜
3062,2022-07-23,法兰基卷,快餐,50,3,150,现金,早晨
3063,2022-07-23,咖喱土豆球,快餐,20,11,220,现金,午夜
3064,2022-07-23,冰咖啡,饮品,40,9,360,现金,傍晚
3065,2022-07-23,冰咖啡,饮品,40,9,360,现金,午夜
3066,2022-07-23,脆球点心,快餐,20,1,20,现金,傍晚
3067,2022-07-23,脆球点心,快餐,20,9,180,其他,下午
3068,2022-07-23,瓦达汉堡,快餐,20,4,80,在线支付,傍晚
3069,2022-07-23,咖喱土豆球,快餐,20,7,140,现金,下午
3070,2022-07-23,新鲜甘蔗汁,饮品,25,10,250,现金,傍晚
3071,2022-07-23,招牌三明治,快餐,60,13,780,在线支付,晚上
3072,2022-07-23,招牌三明治,快餐,60,9,540,在线支付,晚上
3073,2022-07-23,新鲜甘蔗汁,饮品,25,14,350,在线支付,早晨
3074,2022-07-23,瓦达汉堡,快餐,20,15,300,在线支付,晚上
3075,2022-07-23,咖喱土豆球,快餐,20,7,140,现金,午夜
3076,2022-07-23,新鲜甘蔗汁,饮品,25,7,175,在线支付,傍晚
3077,2022-07-23,冰咖啡,饮品,40,1,40,现金,晚上
3078,2022-07-23,新鲜甘蔗汁,饮品,25,10,250,现金,傍晚
3079,2022-07-23,冰咖啡,饮品,40,6,240,在线支付,傍晚
3080,2022-07-23,冰咖啡,饮品,40,13,520,现金,下午
3081,2022-07-23,法兰基卷,快餐,50,10,500,其他,晚上
3082,2022-07-23,脆球点心,快餐,20,11,220,现金,早晨
3083,2022-07-23,瓦达汉堡,快餐,20,6,120,现金,午夜
3084,2022-07-23,脆球点心,快餐,20,10,200,在线支付,下午
3085,2022-07-23,新鲜甘蔗汁,饮品,25,7,175,在线支付,傍晚
3086,2022-07-23,招牌三明治,快餐,60,15,900,在线支付,傍晚
3087,2022-07-23,新鲜甘蔗汁,饮品,25,4,100,在线支付,下午
3088,2022-07-23,冰咖啡,饮品,40,8,320,现金,早晨
3089,2022-07-23,冰咖啡,饮品,40,2,80,在线支付,晚上
3090,2022-07-23,咖喱土豆球,快餐,20,3,60,在线支付,晚上
3091,2022-07-23,脆球点心,快餐,20,15,300,现金,下午
3092,2022-07-23,咖喱土豆球,快餐,20,5,100,现金,傍晚
3093,2022-07-23,新鲜甘蔗汁,饮品,25,2,50,现金,下午
3094,2022-07-23,瓦达汉堡,快餐,20,8,160,在线支付,早晨
3095,2022-07-23,招牌三明治,快餐,60,7,420,现金,傍晚
3096,2022-07-23,招牌三明治,快餐,60,9,540,在线支付,早晨
3097,2022-07-23,脆球点心,快餐,20,6,120,现金,傍晚
3098,2022-07-23,咖喱土豆球,快餐,20,1,20,在线支付,下午
3099,2022-07-23,招牌三明治,快餐,60,7,420,在线支付,傍晚
3100,2022-07-23,咖喱土豆球,快餐,20,14,280,现金,午夜
3101,2022-07-23,招牌三明治,快餐,60,4,240,在线支付,傍晚
3102,2022-07-23,法兰基卷,快餐,50,8,400,在线支付,下午
3103,2022-07-23,招牌三明治,快餐,60,13,780,现金,早晨
3104,2022-07-23,新鲜甘蔗汁,饮品,25,12,300,现金,晚上
3105,2022-07-23,咖喱土豆球,快餐,20,3,60,现金,午夜
3106,2022-07-23,法兰基卷,快餐,50,8,400,在线支付,傍晚
3107,2022-07-23,新鲜甘蔗汁,饮品,25,10,250,现金,晚上
3108,2022-07-23,法兰基卷,快餐,50,13,650,在线支付,傍晚
3109,2022-07-23,瓦达汉堡,快餐,20,10,200,在线支付,晚上
3110,2022-07-23,咖喱土豆球,快餐,20,15,300,现金,晚上
3111,2022-07-23,冰咖啡,饮品,40,13,520,现金,晚上
3112,2022-07-23,法兰基卷,快餐,50,13,650,现金,下午
3113,2022-07-23,瓦达汉堡,快餐,20,10,200,现金,晚上
3114,2022-07-23,法兰基卷,快餐,50,3,150,现金,晚上
3115,2022-07-23,新鲜甘蔗汁,饮品,25,5,125,现金,早晨
3116,2022-07-23,脆球点心,快餐,20,13,260,在线支付,傍晚
3117,2022-07-23,冰咖啡,饮品,40,4,160,现金,下午
3118,2022-07-23,冰咖啡,饮品,40,14,560,在线支付,早晨
3119,2022-07-23,冰咖啡,饮品,40,12,480,现金,午夜
3120,2022-07-23,新鲜甘蔗汁,饮品,25,2,50,其他,下午
3121,2022-07-23,冰咖啡,饮品,40,2,80,现金,早晨
3122,2022-07-23,瓦达汉堡,快餐,20,9,180,现金,晚上
3123,2022-07-23,冰咖啡,饮品,40,1,40,在线支付,傍晚
3124,2022-07-23,新鲜甘蔗汁,饮品,25,3,75,现金,早晨
3125,2022-07-23,冰咖啡,饮品,40,9,360,现金,下午
3126,2022-07-23,咖喱土豆球,快餐,20,9,180,现金,早晨
3127,2022-07-23,新鲜甘蔗汁,饮品,25,15,375,现金,傍晚
3128,2022-07-23,新鲜甘蔗汁,饮品,25,12,300,现金,午夜
3129,2022-07-23,新鲜甘蔗汁,饮品,25,14,350,其他,下午
3130,2022-07-23,冰咖啡,饮品,40,11,440,现金,早晨
3131,2022-07-23,法兰基卷,快餐,50,2,100,在线支付,下午
3132,2022-07-23,冰咖啡,饮品,40,14,560,在线支付,晚上
3133,2022-07-23,瓦达汉堡,快餐,20,14,280,现金,下午
3134,2022-07-24,新鲜甘蔗汁,饮品,25,15,375,在线支付,早晨
3135,2022-07-24,冰咖啡,饮品,40,6,240,现金,下午
3136,2022-07-24,脆球点心,快餐,20,14,280,在线支付,午夜
3137,2022-07-24,冰咖啡,饮品,40,10,400,在线支付,晚上
3138,2022-07-24,咖喱土豆球,快餐,20,8,160,现金,傍晚
3139,2022-07-24,招牌三明治,快餐,60,5,300,在线支付,晚上
3140,2022-07-24,法兰基卷,快餐,50,8,400,在线支付,傍晚
3141,2022-07-24,新鲜甘蔗汁,饮品,25,7,175,现金,午夜
3142,2022-07-24,脆球点心,快餐,20,15,300,现金,午夜
3143,2022-07-24,招牌三明治,快餐,60,2,120,在线支付,晚上
3144,2022-07-24,法兰基卷,快餐,50,10,500,现金,下午
3145,2022-07-24,瓦达汉堡,快餐,20,5,100,现金,下午
3146,2022-07-24,法兰基卷,快餐,50,7,350,其他,午夜
3147,2022-07-24,法兰基卷,快餐,50,4,200,现金,早晨
3148,2022-07-24,新鲜甘蔗汁,饮品,25,1,25,在线支付,午夜
3149,2022-07-24,脆球点心,快餐,20,15,300,现金,早晨
3150,2022-07-24,法兰基卷,快餐,50,14,700,现金,午夜
3151,2022-07-24,冰咖啡,饮品,40,4,160,在线支付,早晨
3152,2022-07-24,瓦达汉堡,快餐,20,5,100,现金,下午
3153,2022-07-24,新鲜甘蔗汁,饮品,25,15,375,在线支付,下午
3154,2022-07-24,新鲜甘蔗汁,饮品,25,14,350,在线支付,傍晚
3155,2022-07-24,新鲜甘蔗汁,饮品,25,1,25,现金,早晨
3156,2022-07-24,新鲜甘蔗汁,饮品,25,10,250,现金,下午
3157,2022-07-24,冰咖啡,饮品,40,10,400,现金,早晨
3158,2022-07-24,法兰基卷,快餐,50,7,350,其他,早晨
3159,2022-07-24,瓦达汉堡,快餐,20,11,220,现金,午夜
3160,2022-07-24,招牌三明治,快餐,60,5,300,现金,傍晚
3161,2022-07-24,新鲜甘蔗汁,饮品,25,10,250,现金,傍晚
3162,2022-07-24,法兰基卷,快餐,50,14,700,现金,晚上
3163,2022-07-24,冰咖啡,饮品,40,7,280,现金,傍晚
3164,2022-07-24,新鲜甘蔗汁,饮品,25,5,125,在线支付,早晨
3165,2022-07-24,冰咖啡,饮品,40,9,360,现金,早晨
3166,2022-07-24,瓦达汉堡,快餐,20,9,180,在线支付,下午
3167,2022-07-24,脆球点心,快餐,20,6,120,在线支付,傍晚
3168,2022-07-24,招牌三明治,快餐,60,8,480,现金,傍晚
3169,2022-07-24,新鲜甘蔗汁,饮品,25,13,325,现金,傍晚
3170,2022-07-24,法兰基卷,快餐,50,9,450,其他,早晨
3171,2022-07-24,脆球点心,快餐,20,14,280,现金,晚上
3172,2022-07-24,脆球点心,快餐,20,10,200,现金,傍晚
3173,2022-07-24,瓦达汉堡,快餐,20,15,300,在线支付,傍晚
3174,2022-07-24,法兰基卷,快餐,50,4,200,其他,午夜
3175,2022-07-24,新鲜甘蔗汁,饮品,25,15,375,在线支付,傍晚
3176,2022-07-24,咖喱土豆球,快餐,20,4,80,在线支付,傍晚
3177,2022-07-24,咖喱土豆球,快餐,20,12,240,在线支付,晚上
3178,2022-07-24,冰咖啡,饮品,40,5,200,在线支付,傍晚
3179,2022-07-24,新鲜甘蔗汁,饮品,25,7,175,现金,晚上
3180,2022-07-24,新鲜甘蔗汁,饮品,25,13,325,在线支付,下午
3181,2022-07-24,脆球点心,快餐,20,3,60,现金,午夜
3182,2022-07-24,法兰基卷,快餐,50,9,450,其他,午夜
3183,2022-07-24,新鲜甘蔗汁,饮品,25,10,250,在线支付,午夜
3184,2022-07-24,脆球点心,快餐,20,1,20,现金,傍晚
3185,2022-07-24,新鲜甘蔗汁,饮品,25,13,325,在线支付,午夜
3186,2022-07-24,新鲜甘蔗汁,饮品,25,8,200,现金,下午
3187,2022-07-24,冰咖啡,饮品,40,13,520,现金,晚上
3188,2022-07-24,法兰基卷,快餐,50,10,500,现金,下午
3189,2022-07-24,新鲜甘蔗汁,饮品,25,14,350,其他,下午
3190,2022-07-24,瓦达汉堡,快餐,20,7,140,在线支付,下午
3191,2022-07-24,脆球点心,快餐,20,15,300,在线支付,晚上
3192,2022-07-24,脆球点心,快餐,20,8,160,在线支付,晚上
3193,2022-07-24,新鲜甘蔗汁,饮品,25,3,75,在线支付,下午
3194,2022-07-24,冰咖啡,饮品,40,6,240,在线支付,晚上
3195,2022-07-24,法兰基卷,快餐,50,1,50,在线支付,早晨
3196,2022-07-24,脆球点心,快餐,20,15,300,在线支付,早晨
3197,2022-07-24,瓦达汉堡,快餐,20,5,100,其他,早晨
3198,2022-07-24,脆球点心,快餐,20,14,280,在线支付,早晨
3199,2022-07-24,新鲜甘蔗汁,饮品,25,11,275,现金,午夜
3200,2022-07-24,冰咖啡,饮品,40,14,560,在线支付,早晨
3201,2022-07-24,脆球点心,快餐,20,5,100,现金,午夜
3202,2022-07-24,脆球点心,快餐,20,11,220,在线支付,傍晚
3203,2022-07-24,法兰基卷,快餐,50,10,500,现金,下午
3204,2022-07-24,法兰基卷,快餐,50,3,150,现金,早晨
3205,2022-07-24,瓦达汉堡,快餐,20,1,20,其他,傍晚
3206,2022-07-24,瓦达汉堡,快餐,20,7,140,现金,早晨
3207,2022-07-24,法兰基卷,快餐,50,5,250,其他,午夜
3208,2022-07-24,脆球点心,快餐,20,6,120,其他,晚上
3209,2022-07-24,脆球点心,快餐,20,8,160,现金,下午
3210,2022-07-24,瓦达汉堡,快餐,20,10,200,其他,傍晚
3211,2022-07-24,咖喱土豆球,快餐,20,5,100,在线支付,傍晚
3212,2022-07-24,冰咖啡,饮品,40,9,360,其他,早晨
3213,2022-07-24,法兰基卷,快餐,50,9,450,现金,下午
3214,2022-07-24,法兰基卷,快餐,50,6,300,现金,早晨
3215,2022-07-24,冰咖啡,饮品,40,9,360,在线支付,晚上
3216,2022-07-24,咖喱土豆球,快餐,20,14,280,现金,傍晚
3217,2022-07-24,瓦达汉堡,快餐,20,4,80,现金,傍晚
3218,2022-07-24,法兰基卷,快餐,50,15,750,现金,下午
3219,2022-07-24,咖喱土豆球,快餐,20,11,220,现金,晚上
3220,2022-07-24,脆球点心,快餐,20,5,100,现金,傍晚
3221,2022-07-24,招牌三明治,快餐,60,8,480,在线支付,下午
3222,2022-07-24,法兰基卷,快餐,50,8,400,在线支付,午夜
3223,2022-07-24,冰咖啡,饮品,40,11,440,在线支付,早晨
3224,2022-07-24,脆球点心,快餐,20,6,120,在线支付,午夜
3225,2022-07-24,新鲜甘蔗汁,饮品,25,11,275,在线支付,傍晚
3226,2022-07-24,招牌三明治,快餐,60,14,840,其他,午夜
3227,2022-07-24,新鲜甘蔗汁,饮品,25,11,275,其他,早晨
3228,2022-07-24,咖喱土豆球,快餐,20,6,120,在线支付,下午
3229,2022-07-24,咖喱土豆球,快餐,20,7,140,在线支付,傍晚
3230,2022-07-24,咖喱土豆球,快餐,20,6,120,现金,傍晚
3231,2022-07-24,脆球点心,快餐,20,15,300,现金,早晨
3232,2022-07-24,瓦达汉堡,快餐,20,10,200,现金,午夜
3233,2022-07-24,新鲜甘蔗汁,饮品,25,9,225,在线支付,早晨
3234,2022-07-24,新鲜甘蔗汁,饮品,25,9,225,其他,晚上
3235,2022-07-24,咖喱土豆球,快餐,20,13,260,在线支付,早晨
3236,2022-07-24,法兰基卷,快餐,50,15,750,在线支付,下午
3237,2022-07-24,冰咖啡,饮品,40,1,40,现金,傍晚
3238,2022-07-24,瓦达汉堡,快餐,20,8,160,现金,晚上
3239,2022-07-24,新鲜甘蔗汁,饮品,25,5,125,在线支付,晚上
3240,2022-07-24,脆球点心,快餐,20,15,300,在线支付,下午
3241,2022-07-24,脆球点心,快餐,20,15,300,其他,午夜
3242,2022-07-24,咖喱土豆球,快餐,20,8,160,在线支付,下午
3243,2022-07-24,招牌三明治,快餐,60,1,60,在线支付,早晨
3244,2022-07-24,咖喱土豆球,快餐,20,1,20,在线支付,晚上
3245,2022-07-24,瓦达汉堡,快餐,20,11,220,现金,傍晚
3246,2022-07-24,冰咖啡,饮品,40,15,600,现金,早晨
3247,2022-07-24,法兰基卷,快餐,50,2,100,其他,午夜
3248,2022-07-24,瓦达汉堡,快餐,20,10,200,在线支付,早晨
3249,2022-07-24,招牌三明治,快餐,60,5,300,现金,午夜
3250,2022-07-24,冰咖啡,饮品,40,12,480,现金,下午
3251,2022-07-24,咖喱土豆球,快餐,20,14,280,现金,晚上
3252,2022-07-25,法兰基卷,快餐,50,10,500,现金,下午
3253,2022-07-25,新鲜甘蔗汁,饮品,25,12,300,在线支付,晚上
3254,2022-07-25,法兰基卷,快餐,50,15,750,现金,晚上
3255,2022-07-25,冰咖啡,饮品,40,11,440,现金,傍晚
3256,2022-07-25,咖喱土豆球,快餐,20,12,240,现金,下午
3257,2022-07-25,招牌三明治,快餐,60,3,180,其他,午夜
3258,2022-07-25,咖喱土豆球,快餐,20,14,280,现金,晚上
3259,2022-07-25,瓦达汉堡,快餐,20,12,240,在线支付,早晨
3260,2022-07-25,冰咖啡,饮品,40,4,160,在线支付,傍晚
3261,2022-07-25,咖喱土豆球,快餐,20,5,100,现金,下午
3262,2022-07-25,咖喱土豆球,快餐,20,11,220,在线支付,傍晚
3263,2022-07-25,瓦达汉堡,快餐,20,9,180,现金,午夜
3264,2022-07-25,法兰基卷,快餐,50,12,600,现金,傍晚
3265,2022-07-25,瓦达汉堡,快餐,20,12,240,在线支付,傍晚
3266,2022-07-25,法兰基卷,快餐,50,7,350,现金,下午
3267,2022-07-25,咖喱土豆球,快餐,20,8,160,在线支付,晚上
3268,2022-07-25,新鲜甘蔗汁,饮品,25,14,350,其他,傍晚
3269,2022-07-25,冰咖啡,饮品,40,3,120,在线支付,早晨
3270,2022-07-25,瓦达汉堡,快餐,20,3,60,现金,下午
3271,2022-07-25,冰咖啡,饮品,40,9,360,现金,午夜
3272,2022-07-25,咖喱土豆球,快餐,20,9,180,现金,午夜
3273,2022-07-25,法兰基卷,快餐,50,9,450,其他,下午
3274,2022-07-25,冰咖啡,饮品,40,9,360,在线支付,下午
3275,2022-07-25,脆球点心,快餐,20,8,160,现金,早晨
3276,2022-07-25,招牌三明治,快餐,60,1,60,在线支付,晚上
3277,2022-07-25,脆球点心,快餐,20,1,20,在线支付,早晨
3278,2022-07-25,新鲜甘蔗汁,饮品,25,3,75,在线支付,午夜
3279,2022-07-25,脆球点心,快餐,20,12,240,现金,傍晚
3280,2022-07-25,咖喱土豆球,快餐,20,8,160,现金,早晨
3281,2022-07-25,招牌三明治,快餐,60,15,900,现金,晚上
3282,2022-07-25,冰咖啡,饮品,40,9,360,在线支付,午夜
3283,2022-07-25,脆球点心,快餐,20,15,300,在线支付,早晨
3284,2022-07-25,新鲜甘蔗汁,饮品,25,9,225,在线支付,下午
3285,2022-07-25,脆球点心,快餐,20,5,100,现金,傍晚
3286,2022-07-25,脆球点心,快餐,20,12,240,现金,下午
3287,2022-07-25,法兰基卷,快餐,50,11,550,在线支付,下午
3288,2022-07-25,新鲜甘蔗汁,饮品,25,1,25,在线支付,早晨
3289,2022-07-25,新鲜甘蔗汁,饮品,25,5,125,在线支付,午夜
3290,2022-07-25,脆球点心,快餐,20,4,80,在线支付,早晨
3291,2022-07-25,冰咖啡,饮品,40,4,160,现金,傍晚
3292,2022-07-25,脆球点心,快餐,20,11,220,在线支付,晚上
3293,2022-07-25,新鲜甘蔗汁,饮品,25,8,200,现金,早晨
3294,2022-07-25,瓦达汉堡,快餐,20,13,260,现金,午夜
3295,2022-07-25,法兰基卷,快餐,50,11,550,现金,早晨
3296,2022-07-25,瓦达汉堡,快餐,20,15,300,在线支付,午夜
3297,2022-07-25,法兰基卷,快餐,50,7,350,现金,晚上
3298,2022-07-25,招牌三明治,快餐,60,11,660,在线支付,傍晚
3299,2022-07-25,招牌三明治,快餐,60,8,480,现金,早晨
3300,2022-07-25,脆球点心,快餐,20,15,300,现金,早晨
3301,2022-07-25,脆球点心,快餐,20,5,100,在线支付,下午
3302,2022-07-25,咖喱土豆球,快餐,20,6,120,现金,午夜
3303,2022-07-25,瓦达汉堡,快餐,20,9,180,现金,午夜
3304,2022-07-25,冰咖啡,饮品,40,1,40,在线支付,晚上
3305,2022-07-25,脆球点心,快餐,20,7,140,现金,下午
3306,2022-07-25,冰咖啡,饮品,40,7,280,现金,早晨
3307,2022-07-25,咖喱土豆球,快餐,20,9,180,其他,晚上
3308,2022-07-25,法兰基卷,快餐,50,7,350,在线支付,晚上
3309,2022-07-25,瓦达汉堡,快餐,20,8,160,现金,下午
3310,2022-07-25,新鲜甘蔗汁,饮品,25,2,50,现金,早晨
3311,2022-07-25,咖喱土豆球,快餐,20,12,240,在线支付,午夜
3312,2022-07-25,法兰基卷,快餐,50,6,300,在线支付,早晨
3313,2022-07-25,法兰基卷,快餐,50,1,50,其他,午夜
3314,2022-07-25,脆球点心,快餐,20,11,220,在线支付,晚上
3315,2022-07-25,招牌三明治,快餐,60,10,600,在线支付,早晨
3316,2022-07-25,咖喱土豆球,快餐,20,8,160,其他,傍晚
3317,2022-07-25,冰咖啡,饮品,40,11,440,现金,下午
3318,2022-07-25,瓦达汉堡,快餐,20,4,80,现金,晚上
3319,2022-07-25,咖喱土豆球,快餐,20,6,120,现金,午夜
3320,2022-07-25,脆球点心,快餐,20,14,280,现金,下午
3321,2022-07-25,瓦达汉堡,快餐,20,1,20,现金,晚上
3322,2022-07-25,法兰基卷,快餐,50,8,400,在线支付,下午
3323,2022-07-25,瓦达汉堡,快餐,20,6,120,其他,午夜
3324,2022-07-25,法兰基卷,快餐,50,7,350,其他,下午
3325,2022-07-25,招牌三明治,快餐,60,2,120,在线支付,晚上
3326,2022-07-25,法兰基卷,快餐,50,5,250,在线支付,晚上
3327,2022-07-25,瓦达汉堡,快餐,20,9,180,现金,傍晚
3328,2022-07-25,咖喱土豆球,快餐,20,6,120,现金,午夜
3329,2022-07-25,咖喱土豆球,快餐,20,5,100,在线支付,晚上
3330,2022-07-25,法兰基卷,快餐,50,13,650,在线支付,下午
3331,2022-07-25,瓦达汉堡,快餐,20,6,120,现金,晚上
3332,2022-07-25,招牌三明治,快餐,60,13,780,在线支付,午夜
3333,2022-07-25,瓦达汉堡,快餐,20,11,220,其他,下午
3334,2022-07-25,新鲜甘蔗汁,饮品,25,3,75,现金,下午
3335,2022-07-25,瓦达汉堡,快餐,20,12,240,其他,早晨
3336,2022-07-25,法兰基卷,快餐,50,2,100,现金,傍晚
3337,2022-07-25,咖喱土豆球,快餐,20,5,100,现金,晚上
3338,2022-07-25,瓦达汉堡,快餐,20,1,20,现金,晚上
3339,2022-07-25,瓦达汉堡,快餐,20,4,80,在线支付,午夜
3340,2022-07-25,法兰基卷,快餐,50,9,450,现金,下午
3341,2022-07-25,新鲜甘蔗汁,饮品,25,14,350,现金,下午
3342,2022-07-25,冰咖啡,饮品,40,11,440,在线支付,午夜
3343,2022-07-25,法兰基卷,快餐,50,15,750,现金,傍晚
3344,2022-07-25,招牌三明治,快餐,60,7,420,现金,下午
3345,2022-07-25,咖喱土豆球,快餐,20,4,80,现金,早晨
3346,2022-07-25,新鲜甘蔗汁,饮品,25,7,175,现金,午夜
3347,2022-07-25,法兰基卷,快餐,50,7,350,在线支付,晚上
3348,2022-07-25,法兰基卷,快餐,50,6,300,现金,下午
3349,2022-07-25,脆球点心,快餐,20,5,100,现金,傍晚
3350,2022-07-25,瓦达汉堡,快餐,20,13,260,现金,早晨
3351,2022-07-25,法兰基卷,快餐,50,11,550,在线支付,午夜
3352,2022-07-25,新鲜甘蔗汁,饮品,25,6,150,在线支付,午夜
3353,2022-07-25,招牌三明治,快餐,60,4,240,在线支付,晚上
3354,2022-07-25,瓦达汉堡,快餐,20,6,120,在线支付,傍晚
3355,2022-07-25,脆球点心,快餐,20,6,120,在线支付,午夜
3356,2022-07-25,脆球点心,快餐,20,11,220,其他,午夜
3357,2022-07-25,脆球点心,快餐,20,8,160,现金,早晨
3358,2022-07-25,法兰基卷,快餐,50,9,450,在线支付,傍晚
3359,2022-07-25,法兰基卷,快餐,50,4,200,现金,午夜
3360,2022-07-25,招牌三明治,快餐,60,13,780,在线支付,下午
3361,2022-07-25,冰咖啡,饮品,40,4,160,现金,午夜
3362,2022-07-25,脆球点心,快餐,20,11,220,现金,早晨
3363,2022-07-25,新鲜甘蔗汁,饮品,25,6,150,现金,午夜
3364,2022-07-25,冰咖啡,饮品,40,13,520,现金,傍晚
3365,2022-07-25,脆球点心,快餐,20,10,200,现金,傍晚
3366,2022-07-25,招牌三明治,快餐,60,10,600,现金,早晨
3367,2022-07-25,脆球点心,快餐,20,3,60,现金,早晨
3368,2022-07-25,招牌三明治,快餐,60,1,60,其他,傍晚
3369,2022-07-25,咖喱土豆球,快餐,20,4,80,其他,下午
3370,2022-07-25,法兰基卷,快餐,50,7,350,现金,晚上
3371,2022-07-25,瓦达汉堡,快餐,20,5,100,在线支付,下午
3372,2022-07-25,冰咖啡,饮品,40,3,120,其他,下午
3373,2022-07-25,瓦达汉堡,快餐,20,15,300,现金,午夜
3374,2022-07-25,咖喱土豆球,快餐,20,6,120,现金,午夜
3375,2022-07-25,法兰基卷,快餐,50,10,500,其他,傍晚
3376,2022-07-26,冰咖啡,饮品,40,14,560,现金,下午
3377,2022-07-26,新鲜甘蔗汁,饮品,25,12,300,现金,早晨
3378,2022-07-26,瓦达汉堡,快餐,20,5,100,其他,傍晚
3379,2022-07-26,冰咖啡,饮品,40,14,560,在线支付,下午
3380,2022-07-26,冰咖啡,饮品,40,7,280,在线支付,傍晚
3381,2022-07-26,脆球点心,快餐,20,15,300,在线支付,午夜
3382,2022-07-26,瓦达汉堡,快餐,20,15,300,其他,晚上
3383,2022-07-26,冰咖啡,饮品,40,2,80,在线支付,下午
3384,2022-07-26,招牌三明治,快餐,60,6,360,在线支付,傍晚
3385,2022-07-26,瓦达汉堡,快餐,20,9,180,现金,晚上
3386,2022-07-26,新鲜甘蔗汁,饮品,25,7,175,在线支付,晚上
3387,2022-07-26,招牌三明治,快餐,60,12,720,现金,早晨
3388,2022-07-26,咖喱土豆球,快餐,20,8,160,现金,傍晚
3389,2022-07-26,法兰基卷,快餐,50,4,200,现金,午夜
3390,2022-07-26,招牌三明治,快餐,60,13,780,现金,傍晚
3391,2022-07-26,法兰基卷,快餐,50,14,700,其他,傍晚
3392,2022-07-26,冰咖啡,饮品,40,8,320,在线支付,下午
3393,2022-07-26,瓦达汉堡,快餐,20,13,260,现金,下午
3394,2022-07-26,脆球点心,快餐,20,7,140,在线支付,傍晚
3395,2022-07-26,瓦达汉堡,快餐,20,6,120,在线支付,傍晚
3396,2022-07-26,招牌三明治,快餐,60,9,540,在线支付,晚上
3397,2022-07-26,脆球点心,快餐,20,2,40,在线支付,下午
3398,2022-07-26,法兰基卷,快餐,50,15,750,现金,下午
3399,2022-07-26,脆球点心,快餐,20,7,140,现金,傍晚
3400,2022-07-26,招牌三明治,快餐,60,10,600,现金,早晨
3401,2022-07-26,瓦达汉堡,快餐,20,8,160,在线支付,傍晚
3402,2022-07-26,冰咖啡,饮品,40,15,600,现金,晚上
3403,2022-07-26,法兰基卷,快餐,50,5,250,其他,傍晚
3404,2022-07-26,瓦达汉堡,快餐,20,6,120,在线支付,傍晚
3405,2022-07-26,瓦达汉堡,快餐,20,15,300,在线支付,傍晚
3406,2022-07-26,瓦达汉堡,快餐,20,11,220,现金,午夜
3407,2022-07-26,脆球点心,快餐,20,7,140,其他,下午
3408,2022-07-26,咖喱土豆球,快餐,20,1,20,在线支付,晚上
3409,2022-07-26,冰咖啡,饮品,40,9,360,其他,早晨
3410,2022-07-26,瓦达汉堡,快餐,20,7,140,现金,下午
3411,2022-07-26,瓦达汉堡,快餐,20,9,180,在线支付,傍晚
3412,2022-07-26,新鲜甘蔗汁,饮品,25,14,350,现金,午夜
3413,2022-07-26,咖喱土豆球,快餐,20,15,300,在线支付,下午
3414,2022-07-26,瓦达汉堡,快餐,20,10,200,现金,午夜
3415,2022-07-26,招牌三明治,快餐,60,13,780,在线支付,晚上
3416,2022-07-26,新鲜甘蔗汁,饮品,25,9,225,现金,傍晚
3417,2022-07-26,咖喱土豆球,快餐,20,6,120,现金,晚上
3418,2022-07-26,冰咖啡,饮品,40,5,200,现金,早晨
3419,2022-07-26,脆球点心,快餐,20,9,180,现金,下午
3420,2022-07-26,脆球点心,快餐,20,9,180,现金,傍晚
3421,2022-07-26,新鲜甘蔗汁,饮品,25,3,75,现金,晚上
3422,2022-07-26,新鲜甘蔗汁,饮品,25,13,325,在线支付,傍晚
3423,2022-07-26,冰咖啡,饮品,40,13,520,在线支付,傍晚
3424,2022-07-26,法兰基卷,快餐,50,9,450,在线支付,傍晚
3425,2022-07-26,冰咖啡,饮品,40,15,600,其他,晚上
3426,2022-07-26,冰咖啡,饮品,40,8,320,现金,午夜
3427,2022-07-26,法兰基卷,快餐,50,1,50,在线支付,傍晚
3428,2022-07-26,冰咖啡,饮品,40,11,440,在线支付,下午
3429,2022-07-26,冰咖啡,饮品,40,10,400,其他,晚上
3430,2022-07-26,招牌三明治,快餐,60,15,900,在线支付,晚上
3431,2022-07-26,咖喱土豆球,快餐,20,9,180,现金,早晨
3432,2022-07-26,新鲜甘蔗汁,饮品,25,5,125,其他,午夜
3433,2022-07-26,招牌三明治,快餐,60,6,360,在线支付,晚上
3434,2022-07-26,新鲜甘蔗汁,饮品,25,9,225,现金,早晨
3435,2022-07-26,脆球点心,快餐,20,3,60,现金,早晨
3436,2022-07-26,冰咖啡,饮品,40,8,320,其他,傍晚
3437,2022-07-26,瓦达汉堡,快餐,20,11,220,其他,傍晚
3438,2022-07-26,瓦达汉堡,快餐,20,3,60,现金,午夜
3439,2022-07-26,法兰基卷,快餐,50,1,50,现金,早晨
3440,2022-07-26,招牌三明治,快餐,60,15,900,现金,早晨
3441,2022-07-26,瓦达汉堡,快餐,20,6,120,在线支付,傍晚
3442,2022-07-26,法兰基卷,快餐,50,15,750,现金,傍晚
3443,2022-07-26,新鲜甘蔗汁,饮品,25,1,25,在线支付,午夜
3444,2022-07-26,咖喱土豆球,快餐,20,14,280,在线支付,午夜
3445,2022-07-26,脆球点心,快餐,20,1,20,在线支付,午夜
3446,2022-07-26,脆球点心,快餐,20,11,220,在线支付,傍晚
3447,2022-07-26,咖喱土豆球,快餐,20,2,40,在线支付,早晨
3448,2022-07-26,招牌三明治,快餐,60,15,900,现金,晚上
3449,2022-07-26,咖喱土豆球,快餐,20,6,120,在线支付,晚上
3450,2022-07-26,冰咖啡,饮品,40,9,360,在线支付,早晨
3451,2022-07-26,瓦达汉堡,快餐,20,8,160,在线支付,晚上
3452,2022-07-26,瓦达汉堡,快餐,20,10,200,现金,晚上
3453,2022-07-26,法兰基卷,快餐,50,8,400,其他,晚上
3454,2022-07-26,冰咖啡,饮品,40,10,400,现金,早晨
3455,2022-07-26,法兰基卷,快餐,50,14,700,现金,下午
3456,2022-07-26,法兰基卷,快餐,50,8,400,在线支付,晚上
3457,2022-07-26,法兰基卷,快餐,50,12,600,在线支付,晚上
3458,2022-07-26,招牌三明治,快餐,60,9,540,在线支付,傍晚
3459,2022-07-26,冰咖啡,饮品,40,15,600,现金,午夜
3460,2022-07-26,咖喱土豆球,快餐,20,12,240,现金,午夜
3461,2022-07-26,新鲜甘蔗汁,饮品,25,9,225,在线支付,傍晚
3462,2022-07-26,瓦达汉堡,快餐,20,6,120,在线支付,傍晚
3463,2022-07-26,新鲜甘蔗汁,饮品,25,8,200,在线支付,晚上
3464,2022-07-26,新鲜甘蔗汁,饮品,25,1,25,在线支付,早晨
3465,2022-07-26,冰咖啡,饮品,40,7,280,现金,下午
3466,2022-07-26,冰咖啡,饮品,40,1,40,现金,下午
3467,2022-07-26,法兰基卷,快餐,50,11,550,在线支付,晚上
3468,2022-07-26,脆球点心,快餐,20,14,280,在线支付,傍晚
3469,2022-07-26,法兰基卷,快餐,50,1,50,现金,晚上
3470,2022-07-26,新鲜甘蔗汁,饮品,25,5,125,在线支付,傍晚
3471,2022-07-26,冰咖啡,饮品,40,10,400,现金,傍晚
3472,2022-07-26,咖喱土豆球,快餐,20,10,200,在线支付,早晨
3473,2022-07-26,瓦达汉堡,快餐,20,4,80,其他,晚上
3474,2022-07-26,瓦达汉堡,快餐,20,4,80,在线支付,傍晚
3475,2022-07-26,脆球点心,快餐,20,6,120,现金,晚上
3476,2022-07-26,法兰基卷,快餐,50,13,650,现金,早晨
3477,2022-07-26,法兰基卷,快餐,50,9,450,现金,午夜
3478,2022-07-26,冰咖啡,饮品,40,13,520,现金,午夜
3479,2022-07-26,瓦达汉堡,快餐,20,13,260,其他,早晨
3480,2022-07-26,招牌三明治,快餐,60,9,540,现金,午夜
3481,2022-07-26,咖喱土豆球,快餐,20,1,20,现金,傍晚
3482,2022-07-26,新鲜甘蔗汁,饮品,25,15,375,其他,早晨
3483,2022-07-26,脆球点心,快餐,20,1,20,现金,午夜
3484,2022-07-26,新鲜甘蔗汁,饮品,25,15,375,现金,下午
3485,2022-07-26,招牌三明治,快餐,60,1,60,现金,傍晚
3486,2022-07-26,新鲜甘蔗汁,饮品,25,7,175,在线支付,下午
3487,2022-07-26,瓦达汉堡,快餐,20,9,180,现金,下午
3488,2022-07-26,脆球点心,快餐,20,14,280,现金,早晨
3489,2022-07-26,招牌三明治,快餐,60,5,300,其他,午夜
3490,2022-07-26,新鲜甘蔗汁,饮品,25,6,150,现金,午夜
3491,2022-07-26,法兰基卷,快餐,50,13,650,现金,午夜
3492,2022-07-26,脆球点心,快餐,20,8,160,现金,傍晚
3493,2022-07-26,冰咖啡,饮品,40,9,360,其他,晚上
3494,2022-07-26,瓦达汉堡,快餐,20,11,220,其他,傍晚
3495,2022-07-26,招牌三明治,快餐,60,11,660,其他,下午
3496,2022-07-26,新鲜甘蔗汁,饮品,25,10,250,现金,午夜
3497,2022-07-26,咖喱土豆球,快餐,20,2,40,现金,下午
3498,2022-07-26,脆球点心,快餐,20,15,300,在线支付,下午
3499,2022-07-26,法兰基卷,快餐,50,7,350,在线支付,傍晚
3500,2022-07-26,冰咖啡,饮品,40,7,280,在线支付,早晨
3501,2022-07-26,招牌三明治,快餐,60,11,660,其他,午夜
3502,2022-07-26,脆球点心,快餐,20,8,160,在线支付,下午
3503,2022-07-26,新鲜甘蔗汁,饮品,25,8,200,现金,晚上
3504,2022-07-26,咖喱土豆球,快餐,20,15,300,在线支付,晚上
3505,2022-07-26,新鲜甘蔗汁,饮品,25,6,150,现金,午夜
3506,2022-07-26,新鲜甘蔗汁,饮品,25,13,325,在线支付,早晨
3507,2022-07-26,新鲜甘蔗汁,饮品,25,5,125,在线支付,晚上
3508,2022-07-26,法兰基卷,快餐,50,8,400,在线支付,午夜
3509,2022-07-26,冰咖啡,饮品,40,10,400,现金,晚上
3510,2022-07-26,招牌三明治,快餐,60,12,720,现金,早晨
3511,2022-07-26,招牌三明治,快餐,60,9,540,其他,早晨
3512,2022-07-26,冰咖啡,饮品,40,8,320,在线支付,午夜
3513,2022-07-26,咖喱土豆球,快餐,20,8,160,在线支付,早晨
3514,2022-07-26,新鲜甘蔗汁,饮品,25,5,125,现金,傍晚
3515,2022-07-26,冰咖啡,饮品,40,9,360,在线支付,晚上
3516,2022-07-26,冰咖啡,饮品,40,9,360,现金,午夜
3517,2022-07-26,冰咖啡,饮品,40,4,160,其他,傍晚
3518,2022-07-26,法兰基卷,快餐,50,2,100,在线支付,下午
3519,2022-07-26,瓦达汉堡,快餐,20,15,300,现金,下午
3520,2022-07-26,脆球点心,快餐,20,10,200,现金,早晨
3521,2022-07-26,瓦达汉堡,快餐,20,7,140,现金,下午
3522,2022-07-26,招牌三明治,快餐,60,6,360,在线支付,早晨
3523,2022-07-27,瓦达汉堡,快餐,20,6,120,在线支付,午夜
3524,2022-07-27,冰咖啡,饮品,40,7,280,在线支付,午夜
3525,2022-07-27,冰咖啡,饮品,40,9,360,在线支付,午夜
3526,2022-07-27,咖喱土豆球,快餐,20,13,260,在线支付,午夜
3527,2022-07-27,新鲜甘蔗汁,饮品,25,3,75,现金,早晨
3528,2022-07-27,瓦达汉堡,快餐,20,5,100,在线支付,早晨
3529,2022-07-27,脆球点心,快餐,20,6,120,现金,午夜
3530,2022-07-27,瓦达汉堡,快餐,20,8,160,现金,早晨
3531,2022-07-27,冰咖啡,饮品,40,5,200,现金,午夜
3532,2022-07-27,招牌三明治,快餐,60,8,480,在线支付,晚上
3533,2022-07-27,瓦达汉堡,快餐,20,5,100,在线支付,下午
3534,2022-07-27,脆球点心,快餐,20,10,200,其他,下午
3535,2022-07-27,咖喱土豆球,快餐,20,2,40,现金,早晨
3536,2022-07-27,法兰基卷,快餐,50,12,600,其他,早晨
3537,2022-07-27,冰咖啡,饮品,40,10,400,现金,午夜
3538,2022-07-27,脆球点心,快餐,20,7,140,现金,早晨
3539,2022-07-27,脆球点心,快餐,20,8,160,在线支付,下午
3540,2022-07-27,法兰基卷,快餐,50,12,600,现金,早晨
3541,2022-07-27,脆球点心,快餐,20,6,120,现金,午夜
3542,2022-07-27,瓦达汉堡,快餐,20,13,260,现金,午夜
3543,2022-07-27,脆球点心,快餐,20,5,100,在线支付,午夜
3544,2022-07-27,咖喱土豆球,快餐,20,5,100,现金,傍晚
3545,2022-07-27,法兰基卷,快餐,50,12,600,其他,下午
3546,2022-07-27,瓦达汉堡,快餐,20,13,260,在线支付,下午
3547,2022-07-27,法兰基卷,快餐,50,10,500,在线支付,早晨
3548,2022-07-27,瓦达汉堡,快餐,20,11,220,其他,下午
3549,2022-07-27,咖喱土豆球,快餐,20,15,300,在线支付,午夜
3550,2022-07-27,招牌三明治,快餐,60,8,480,在线支付,傍晚
3551,2022-07-27,招牌三明治,快餐,60,1,60,其他,傍晚
3552,2022-07-27,脆球点心,快餐,20,5,100,现金,晚上
3553,2022-07-27,咖喱土豆球,快餐,20,9,180,现金,下午
3554,2022-07-27,瓦达汉堡,快餐,20,9,180,其他,午夜
3555,2022-07-27,新鲜甘蔗汁,饮品,25,7,175,现金,早晨
3556,2022-07-27,咖喱土豆球,快餐,20,15,300,现金,傍晚
3557,2022-07-27,招牌三明治,快餐,60,9,540,在线支付,傍晚
3558,2022-07-27,招牌三明治,快餐,60,7,420,在线支付,下午
3559,2022-07-27,咖喱土豆球,快餐,20,9,180,在线支付,晚上
3560,2022-07-27,招牌三明治,快餐,60,3,180,现金,午夜
3561,2022-07-27,新鲜甘蔗汁,饮品,25,2,50,现金,午夜
3562,2022-07-27,新鲜甘蔗汁,饮品,25,9,225,现金,下午
3563,2022-07-27,法兰基卷,快餐,50,9,450,在线支付,午夜
3564,2022-07-27,脆球点心,快餐,20,9,180,现金,傍晚
3565,2022-07-27,瓦达汉堡,快餐,20,1,20,现金,傍晚
3566,2022-07-27,招牌三明治,快餐,60,8,480,在线支付,下午
3567,2022-07-27,脆球点心,快餐,20,8,160,在线支付,傍晚
3568,2022-07-27,脆球点心,快餐,20,7,140,现金,傍晚
3569,2022-07-27,瓦达汉堡,快餐,20,8,160,在线支付,傍晚
3570,2022-07-27,脆球点心,快餐,20,7,140,在线支付,傍晚
3571,2022-07-27,脆球点心,快餐,20,12,240,在线支付,傍晚
3572,2022-07-27,咖喱土豆球,快餐,20,7,140,现金,早晨
3573,2022-07-27,冰咖啡,饮品,40,9,360,现金,傍晚
3574,2022-07-27,脆球点心,快餐,20,11,220,现金,傍晚
3575,2022-07-27,瓦达汉堡,快餐,20,3,60,现金,午夜
3576,2022-07-27,法兰基卷,快餐,50,8,400,在线支付,晚上
3577,2022-07-27,招牌三明治,快餐,60,8,480,在线支付,午夜
3578,2022-07-27,咖喱土豆球,快餐,20,8,160,在线支付,早晨
3579,2022-07-27,招牌三明治,快餐,60,15,900,在线支付,早晨
3580,2022-07-27,法兰基卷,快餐,50,12,600,在线支付,午夜
3581,2022-07-27,冰咖啡,饮品,40,13,520,其他,傍晚
3582,2022-07-27,招牌三明治,快餐,60,9,540,在线支付,早晨
3583,2022-07-27,新鲜甘蔗汁,饮品,25,7,175,现金,午夜
3584,2022-07-27,冰咖啡,饮品,40,15,600,现金,晚上
3585,2022-07-27,脆球点心,快餐,20,14,280,在线支付,傍晚
3586,2022-07-27,新鲜甘蔗汁,饮品,25,9,225,在线支付,下午
3587,2022-07-27,法兰基卷,快餐,50,3,150,现金,早晨
3588,2022-07-27,瓦达汉堡,快餐,20,14,280,现金,早晨
3589,2022-07-27,冰咖啡,饮品,40,12,480,在线支付,午夜
3590,2022-07-27,招牌三明治,快餐,60,8,480,现金,早晨
3591,2022-07-27,瓦达汉堡,快餐,20,1,20,在线支付,晚上
3592,2022-07-27,新鲜甘蔗汁,饮品,25,12,300,在线支付,下午
3593,2022-07-27,法兰基卷,快餐,50,10,500,现金,傍晚
3594,2022-07-27,脆球点心,快餐,20,11,220,现金,午夜
3595,2022-07-27,冰咖啡,饮品,40,3,120,现金,下午
3596,2022-07-27,脆球点心,快餐,20,10,200,在线支付,早晨
3597,2022-07-27,瓦达汉堡,快餐,20,13,260,其他,午夜
3598,2022-07-27,咖喱土豆球,快餐,20,5,100,现金,下午
3599,2022-07-27,法兰基卷,快餐,50,6,300,现金,晚上
3600,2022-07-27,脆球点心,快餐,20,1,20,在线支付,下午
3601,2022-07-27,冰咖啡,饮品,40,7,280,在线支付,午夜
3602,2022-07-27,新鲜甘蔗汁,饮品,25,12,300,在线支付,下午
3603,2022-07-27,新鲜甘蔗汁,饮品,25,14,350,其他,晚上
3604,2022-07-27,咖喱土豆球,快餐,20,11,220,现金,下午
3605,2022-07-27,脆球点心,快餐,20,8,160,现金,早晨
3606,2022-07-27,招牌三明治,快餐,60,15,900,现金,下午
3607,2022-07-27,脆球点心,快餐,20,2,40,在线支付,傍晚
3608,2022-07-27,新鲜甘蔗汁,饮品,25,2,50,在线支付,傍晚
3609,2022-07-27,脆球点心,快餐,20,5,100,在线支付,晚上
3610,2022-07-27,法兰基卷,快餐,50,6,300,其他,早晨
3611,2022-07-27,冰咖啡,饮品,40,7,280,在线支付,晚上
3612,2022-07-27,瓦达汉堡,快餐,20,3,60,现金,下午
3613,2022-07-27,冰咖啡,饮品,40,11,440,现金,傍晚
3614,2022-07-27,法兰基卷,快餐,50,13,650,现金,午夜
3615,2022-07-27,冰咖啡,饮品,40,5,200,在线支付,晚上
3616,2022-07-27,法兰基卷,快餐,50,15,750,现金,晚上
3617,2022-07-27,咖喱土豆球,快餐,20,3,60,现金,傍晚
3618,2022-07-27,瓦达汉堡,快餐,20,8,160,在线支付,傍晚
3619,2022-07-27,招牌三明治,快餐,60,13,780,在线支付,早晨
3620,2022-07-27,冰咖啡,饮品,40,5,200,在线支付,午夜
3621,2022-07-27,冰咖啡,饮品,40,8,320,现金,午夜
3622,2022-07-27,法兰基卷,快餐,50,13,650,其他,晚上
3623,2022-07-27,招牌三明治,快餐,60,1,60,现金,下午
3624,2022-07-27,咖喱土豆球,快餐,20,6,120,在线支付,午夜
3625,2022-07-27,瓦达汉堡,快餐,20,15,300,在线支付,傍晚
3626,2022-07-27,冰咖啡,饮品,40,9,360,现金,早晨
3627,2022-07-27,招牌三明治,快餐,60,5,300,现金,下午
3628,2022-07-27,招牌三明治,快餐,60,14,840,在线支付,早晨
3629,2022-07-27,法兰基卷,快餐,50,12,600,现金,下午
3630,2022-07-27,法兰基卷,快餐,50,7,350,现金,早晨
3631,2022-07-27,咖喱土豆球,快餐,20,1,20,现金,傍晚
3632,2022-07-27,法兰基卷,快餐,50,12,600,在线支付,傍晚
3633,2022-07-27,招牌三明治,快餐,60,10,600,在线支付,晚上
3634,2022-07-27,新鲜甘蔗汁,饮品,25,6,150,在线支付,傍晚
3635,2022-07-27,脆球点心,快餐,20,5,100,现金,下午
3636,2022-07-27,咖喱土豆球,快餐,20,13,260,其他,下午
3637,2022-07-27,招牌三明治,快餐,60,11,660,现金,下午
3638,2022-07-27,脆球点心,快餐,20,12,240,现金,傍晚
3639,2022-07-27,法兰基卷,快餐,50,14,700,其他,晚上
3640,2022-07-27,瓦达汉堡,快餐,20,3,60,现金,早晨
3641,2022-07-27,脆球点心,快餐,20,3,60,其他,午夜
3642,2022-07-27,瓦达汉堡,快餐,20,7,140,在线支付,傍晚
3643,2022-07-27,咖喱土豆球,快餐,20,14,280,现金,下午
3644,2022-07-27,法兰基卷,快餐,50,11,550,其他,早晨
3645,2022-07-27,新鲜甘蔗汁,饮品,25,15,375,现金,下午
3646,2022-07-27,招牌三明治,快餐,60,1,60,现金,晚上
3647,2022-07-27,冰咖啡,饮品,40,9,360,在线支付,傍晚
3648,2022-07-27,招牌三明治,快餐,60,6,360,现金,晚上
3649,2022-07-27,咖喱土豆球,快餐,20,15,300,在线支付,早晨
3650,2022-07-27,招牌三明治,快餐,60,10,600,现金,下午
3651,2022-07-27,瓦达汉堡,快餐,20,11,220,其他,午夜
3652,2022-07-27,冰咖啡,饮品,40,6,240,现金,午夜
3653,2022-07-27,瓦达汉堡,快餐,20,8,160,在线支付,午夜
3654,2022-07-27,新鲜甘蔗汁,饮品,25,9,225,现金,下午
3655,2022-07-27,新鲜甘蔗汁,饮品,25,12,300,在线支付,午夜
3656,2022-07-27,招牌三明治,快餐,60,12,720,现金,下午
3657,2022-07-27,脆球点心,快餐,20,7,140,现金,早晨
3658,2022-07-27,冰咖啡,饮品,40,4,160,现金,傍晚
3659,2022-07-27,瓦达汉堡,快餐,20,12,240,现金,傍晚
3660,2022-07-28,招牌三明治,快餐,60,6,360,现金,早晨
3661,2022-07-28,冰咖啡,饮品,40,6,240,现金,下午
3662,2022-07-28,法兰基卷,快餐,50,3,150,现金,早晨
3663,2022-07-28,脆球点心,快餐,20,1,20,现金,早晨
3664,2022-07-28,新鲜甘蔗汁,饮品,25,9,225,现金,早晨
3665,2022-07-28,咖喱土豆球,快餐,20,11,220,在线支付,下午
3666,2022-07-28,招牌三明治,快餐,60,2,120,在线支付,早晨
3667,2022-07-28,脆球点心,快餐,20,11,220,在线支付,晚上
3668,2022-07-28,招牌三明治,快餐,60,9,540,在线支付,早晨
3669,2022-07-28,脆球点心,快餐,20,6,120,现金,下午
3670,2022-07-28,冰咖啡,饮品,40,7,280,现金,傍晚
3671,2022-07-28,冰咖啡,饮品,40,13,520,现金,早晨
3672,2022-07-28,招牌三明治,快餐,60,3,180,在线支付,下午
3673,2022-07-28,脆球点心,快餐,20,15,300,在线支付,下午
3674,2022-07-28,法兰基卷,快餐,50,9,450,现金,傍晚
3675,2022-07-28,脆球点心,快餐,20,3,60,在线支付,傍晚
3676,2022-07-28,招牌三明治,快餐,60,5,300,现金,早晨
3677,2022-07-28,招牌三明治,快餐,60,12,720,现金,早晨
3678,2022-07-28,新鲜甘蔗汁,饮品,25,15,375,在线支付,早晨
3679,2022-07-28,瓦达汉堡,快餐,20,2,40,在线支付,傍晚
3680,2022-07-28,招牌三明治,快餐,60,13,780,现金,早晨
3681,2022-07-28,法兰基卷,快餐,50,12,600,现金,早晨
3682,2022-07-28,咖喱土豆球,快餐,20,3,60,在线支付,下午
3683,2022-07-28,法兰基卷,快餐,50,6,300,现金,傍晚
3684,2022-07-28,咖喱土豆球,快餐,20,2,40,现金,晚上
3685,2022-07-28,咖喱土豆球,快餐,20,3,60,在线支付,午夜
3686,2022-07-28,新鲜甘蔗汁,饮品,25,10,250,在线支付,午夜
3687,2022-07-28,法兰基卷,快餐,50,8,400,在线支付,下午
3688,2022-07-28,法兰基卷,快餐,50,11,550,现金,午夜
3689,2022-07-28,法兰基卷,快餐,50,1,50,其他,早晨
3690,2022-07-28,脆球点心,快餐,20,10,200,在线支付,下午
3691,2022-07-28,招牌三明治,快餐,60,12,720,现金,晚上
3692,2022-07-28,瓦达汉堡,快餐,20,4,80,现金,傍晚
3693,2022-07-28,咖喱土豆球,快餐,20,15,300,现金,午夜
3694,2022-07-28,脆球点心,快餐,20,12,240,现金,傍晚
3695,2022-07-28,咖喱土豆球,快餐,20,12,240,现金,傍晚
3696,2022-07-28,新鲜甘蔗汁,饮品,25,6,150,在线支付,午夜
3697,2022-07-28,咖喱土豆球,快餐,20,3,60,在线支付,午夜
3698,2022-07-28,瓦达汉堡,快餐,20,8,160,现金,午夜
3699,2022-07-28,招牌三明治,快餐,60,12,720,其他,午夜
3700,2022-07-28,招牌三明治,快餐,60,7,420,现金,下午
3701,2022-07-28,冰咖啡,饮品,40,15,600,现金,午夜
3702,2022-07-28,咖喱土豆球,快餐,20,13,260,现金,傍晚
3703,2022-07-28,瓦达汉堡,快餐,20,5,100,现金,傍晚
3704,2022-07-28,法兰基卷,快餐,50,6,300,在线支付,晚上
3705,2022-07-28,新鲜甘蔗汁,饮品,25,11,275,在线支付,傍晚
3706,2022-07-28,咖喱土豆球,快餐,20,4,80,在线支付,下午
3707,2022-07-28,脆球点心,快餐,20,7,140,现金,早晨
3708,2022-07-28,瓦达汉堡,快餐,20,6,120,现金,午夜
3709,2022-07-28,咖喱土豆球,快餐,20,13,260,在线支付,傍晚
3710,2022-07-28,冰咖啡,饮品,40,5,200,在线支付,晚上
3711,2022-07-28,新鲜甘蔗汁,饮品,25,13,325,在线支付,傍晚
3712,2022-07-28,招牌三明治,快餐,60,11,660,在线支付,午夜
3713,2022-07-28,冰咖啡,饮品,40,15,600,现金,晚上
3714,2022-07-28,新鲜甘蔗汁,饮品,25,10,250,现金,晚上
3715,2022-07-28,瓦达汉堡,快餐,20,11,220,其他,晚上
3716,2022-07-28,脆球点心,快餐,20,13,260,现金,傍晚
3717,2022-07-28,咖喱土豆球,快餐,20,1,20,在线支付,早晨
3718,2022-07-28,冰咖啡,饮品,40,4,160,现金,下午
3719,2022-07-28,新鲜甘蔗汁,饮品,25,15,375,现金,午夜
3720,2022-07-28,新鲜甘蔗汁,饮品,25,8,200,在线支付,晚上
3721,2022-07-28,冰咖啡,饮品,40,4,160,现金,下午
3722,2022-07-28,咖喱土豆球,快餐,20,12,240,在线支付,傍晚
3723,2022-07-28,咖喱土豆球,快餐,20,1,20,在线支付,午夜
3724,2022-07-28,冰咖啡,饮品,40,8,320,其他,下午
3725,2022-07-28,冰咖啡,饮品,40,11,440,其他,早晨
3726,2022-07-28,咖喱土豆球,快餐,20,7,140,现金,午夜
3727,2022-07-28,瓦达汉堡,快餐,20,13,260,其他,傍晚
3728,2022-07-28,新鲜甘蔗汁,饮品,25,12,300,在线支付,午夜
3729,2022-07-28,脆球点心,快餐,20,14,280,现金,下午
3730,2022-07-28,新鲜甘蔗汁,饮品,25,15,375,现金,午夜
3731,2022-07-28,脆球点心,快餐,20,15,300,其他,晚上
3732,2022-07-28,法兰基卷,快餐,50,6,300,现金,早晨
3733,2022-07-28,咖喱土豆球,快餐,20,9,180,现金,下午
3734,2022-07-28,咖喱土豆球,快餐,20,6,120,在线支付,晚上
3735,2022-07-28,新鲜甘蔗汁,饮品,25,7,175,其他,早晨
3736,2022-07-28,瓦达汉堡,快餐,20,12,240,在线支付,晚上
3737,2022-07-28,咖喱土豆球,快餐,20,8,160,在线支付,傍晚
3738,2022-07-28,咖喱土豆球,快餐,20,8,160,在线支付,午夜
3739,2022-07-28,法兰基卷,快餐,50,8,400,其他,晚上
3740,2022-07-28,冰咖啡,饮品,40,12,480,现金,下午
3741,2022-07-28,新鲜甘蔗汁,饮品,25,5,125,其他,午夜
3742,2022-07-28,新鲜甘蔗汁,饮品,25,8,200,在线支付,傍晚
3743,2022-07-28,瓦达汉堡,快餐,20,9,180,现金,下午
3744,2022-07-28,咖喱土豆球,快餐,20,9,180,现金,傍晚
3745,2022-07-28,瓦达汉堡,快餐,20,5,100,在线支付,早晨
3746,2022-07-28,脆球点心,快餐,20,5,100,现金,下午
3747,2022-07-28,法兰基卷,快餐,50,9,450,在线支付,下午
3748,2022-07-28,咖喱土豆球,快餐,20,3,60,在线支付,晚上
3749,2022-07-28,脆球点心,快餐,20,7,140,其他,下午
3750,2022-07-28,新鲜甘蔗汁,饮品,25,11,275,其他,下午
3751,2022-07-28,招牌三明治,快餐,60,10,600,现金,早晨
3752,2022-07-28,冰咖啡,饮品,40,7,280,在线支付,傍晚
3753,2022-07-28,瓦达汉堡,快餐,20,15,300,现金,傍晚
3754,2022-07-28,瓦达汉堡,快餐,20,12,240,在线支付,晚上
3755,2022-07-28,新鲜甘蔗汁,饮品,25,8,200,现金,午夜
3756,2022-07-28,脆球点心,快餐,20,15,300,在线支付,午夜
3757,2022-07-28,新鲜甘蔗汁,饮品,25,15,375,在线支付,傍晚
3758,2022-07-28,冰咖啡,饮品,40,13,520,在线支付,早晨
3759,2022-07-28,法兰基卷,快餐,50,5,250,现金,早晨
3760,2022-07-28,法兰基卷,快餐,50,3,150,在线支付,傍晚
3761,2022-07-28,冰咖啡,饮品,40,7,280,现金,午夜
3762,2022-07-28,冰咖啡,饮品,40,7,280,其他,午夜
3763,2022-07-28,招牌三明治,快餐,60,11,660,在线支付,傍晚
3764,2022-07-28,脆球点心,快餐,20,9,180,在线支付,早晨
3765,2022-07-28,新鲜甘蔗汁,饮品,25,7,175,现金,傍晚
3766,2022-07-28,咖喱土豆球,快餐,20,11,220,在线支付,晚上
3767,2022-07-28,瓦达汉堡,快餐,20,6,120,在线支付,傍晚
3768,2022-07-28,咖喱土豆球,快餐,20,3,60,在线支付,傍晚
3769,2022-07-28,招牌三明治,快餐,60,1,60,在线支付,早晨
3770,2022-07-28,冰咖啡,饮品,40,4,160,在线支付,午夜
3771,2022-07-28,咖喱土豆球,快餐,20,5,100,在线支付,早晨
3772,2022-07-28,冰咖啡,饮品,40,12,480,现金,晚上
3773,2022-07-28,瓦达汉堡,快餐,20,5,100,在线支付,早晨
3774,2022-07-28,法兰基卷,快餐,50,11,550,在线支付,傍晚
3775,2022-07-28,冰咖啡,饮品,40,15,600,现金,晚上
3776,2022-07-28,法兰基卷,快餐,50,9,450,现金,傍晚
3777,2022-07-28,冰咖啡,饮品,40,9,360,在线支付,下午
3778,2022-07-28,瓦达汉堡,快餐,20,9,180,在线支付,下午
3779,2022-07-28,脆球点心,快餐,20,11,220,现金,下午
3780,2022-07-28,新鲜甘蔗汁,饮品,25,8,200,在线支付,傍晚
3781,2022-07-28,瓦达汉堡,快餐,20,12,240,在线支付,晚上
3782,2022-07-28,脆球点心,快餐,20,15,300,其他,早晨
3783,2022-07-28,新鲜甘蔗汁,饮品,25,11,275,现金,下午
3784,2022-07-28,瓦达汉堡,快餐,20,13,260,现金,傍晚
3785,2022-07-28,脆球点心,快餐,20,15,300,现金,午夜
3786,2022-07-28,咖喱土豆球,快餐,20,11,220,现金,早晨
3787,2022-07-28,新鲜甘蔗汁,饮品,25,5,125,在线支付,傍晚
3788,2022-07-28,冰咖啡,饮品,40,11,440,现金,早晨
3789,2022-07-28,新鲜甘蔗汁,饮品,25,9,225,现金,晚上
3790,2022-07-28,招牌三明治,快餐,60,5,300,现金,午夜
3791,2022-07-28,瓦达汉堡,快餐,20,13,260,现金,晚上
3792,2022-07-28,冰咖啡,饮品,40,15,600,现金,晚上
3793,2022-07-28,冰咖啡,饮品,40,8,320,在线支付,午夜
3794,2022-07-28,瓦达汉堡,快餐,20,10,200,现金,傍晚
3795,2022-07-28,咖喱土豆球,快餐,20,9,180,现金,下午
3796,2022-07-28,瓦达汉堡,快餐,20,1,20,现金,下午
3797,2022-07-28,脆球点心,快餐,20,4,80,在线支付,午夜
3798,2022-07-28,新鲜甘蔗汁,饮品,25,10,250,现金,傍晚
3799,2022-07-28,招牌三明治,快餐,60,3,180,现金,傍晚
3800,2022-07-28,脆球点心,快餐,20,1,20,现金,晚上
3801,2022-07-28,冰咖啡,饮品,40,7,280,现金,午夜
3802,2022-07-28,咖喱土豆球,快餐,20,15,300,在线支付,晚上
3803,2022-07-28,招牌三明治,快餐,60,2,120,在线支付,下午
3804,2022-07-28,瓦达汉堡,快餐,20,2,40,在线支付,下午
3805,2022-07-28,脆球点心,快餐,20,13,260,现金,晚上
3806,2022-07-28,法兰基卷,快餐,50,6,300,现金,午夜
3807,2022-07-28,咖喱土豆球,快餐,20,8,160,其他,早晨
3808,2022-07-28,招牌三明治,快餐,60,11,660,其他,午夜
3809,2022-07-28,冰咖啡,饮品,40,5,200,其他,晚上
3810,2022-07-29,瓦达汉堡,快餐,20,10,200,现金,下午
3811,2022-07-29,瓦达汉堡,快餐,20,12,240,在线支付,傍晚
3812,2022-07-29,咖喱土豆球,快餐,20,15,300,在线支付,下午
3813,2022-07-29,冰咖啡,饮品,40,15,600,其他,傍晚
3814,2022-07-29,招牌三明治,快餐,60,13,780,在线支付,傍晚
3815,2022-07-29,咖喱土豆球,快餐,20,14,280,在线支付,傍晚
3816,2022-07-29,瓦达汉堡,快餐,20,3,60,现金,午夜
3817,2022-07-29,脆球点心,快餐,20,5,100,现金,早晨
3818,2022-07-29,脆球点心,快餐,20,1,20,其他,早晨
3819,2022-07-29,冰咖啡,饮品,40,5,200,在线支付,晚上
3820,2022-07-29,招牌三明治,快餐,60,7,420,在线支付,晚上
3821,2022-07-29,法兰基卷,快餐,50,8,400,在线支付,午夜
3822,2022-07-29,新鲜甘蔗汁,饮品,25,13,325,在线支付,晚上
3823,2022-07-29,法兰基卷,快餐,50,9,450,在线支付,早晨
3824,2022-07-29,法兰基卷,快餐,50,15,750,现金,晚上
3825,2022-07-29,瓦达汉堡,快餐,20,15,300,现金,傍晚
3826,2022-07-29,瓦达汉堡,快餐,20,15,300,现金,晚上
3827,2022-07-29,新鲜甘蔗汁,饮品,25,1,25,其他,傍晚
3828,2022-07-29,瓦达汉堡,快餐,20,1,20,在线支付,傍晚
3829,2022-07-29,招牌三明治,快餐,60,4,240,其他,晚上
3830,2022-07-29,新鲜甘蔗汁,饮品,25,6,150,在线支付,下午
3831,2022-07-29,冰咖啡,饮品,40,4,160,在线支付,下午
3832,2022-07-29,新鲜甘蔗汁,饮品,25,15,375,在线支付,晚上
3833,2022-07-29,法兰基卷,快餐,50,8,400,现金,傍晚
3834,2022-07-29,咖喱土豆球,快餐,20,15,300,在线支付,早晨
3835,2022-07-29,招牌三明治,快餐,60,3,180,现金,晚上
3836,2022-07-29,瓦达汉堡,快餐,20,6,120,在线支付,晚上
3837,2022-07-29,法兰基卷,快餐,50,8,400,在线支付,下午
3838,2022-07-29,招牌三明治,快餐,60,11,660,现金,傍晚
3839,2022-07-29,新鲜甘蔗汁,饮品,25,6,150,在线支付,晚上
3840,2022-07-29,瓦达汉堡,快餐,20,6,120,现金,午夜
3841,2022-07-29,冰咖啡,饮品,40,9,360,在线支付,午夜
3842,2022-07-29,法兰基卷,快餐,50,6,300,现金,午夜
3843,2022-07-29,新鲜甘蔗汁,饮品,25,2,50,在线支付,傍晚
3844,2022-07-29,冰咖啡,饮品,40,8,320,现金,晚上
3845,2022-07-29,瓦达汉堡,快餐,20,9,180,在线支付,晚上
3846,2022-07-29,冰咖啡,饮品,40,13,520,在线支付,下午
3847,2022-07-29,冰咖啡,饮品,40,8,320,在线支付,早晨
3848,2022-07-29,瓦达汉堡,快餐,20,10,200,现金,晚上
3849,2022-07-29,冰咖啡,饮品,40,7,280,在线支付,晚上
3850,2022-07-29,冰咖啡,饮品,40,11,440,在线支付,晚上
3851,2022-07-29,新鲜甘蔗汁,饮品,25,11,275,现金,下午
3852,2022-07-29,法兰基卷,快餐,50,4,200,在线支付,下午
3853,2022-07-29,脆球点心,快餐,20,7,140,其他,下午
3854,2022-07-29,冰咖啡,饮品,40,8,320,现金,午夜
3855,2022-07-29,法兰基卷,快餐,50,6,300,在线支付,傍晚
3856,2022-07-29,瓦达汉堡,快餐,20,11,220,其他,傍晚
3857,2022-07-29,咖喱土豆球,快餐,20,12,240,现金,傍晚
3858,2022-07-29,咖喱土豆球,快餐,20,11,220,现金,午夜
3859,2022-07-29,冰咖啡,饮品,40,9,360,现金,午夜
3860,2022-07-29,法兰基卷,快餐,50,14,700,现金,晚上
3861,2022-07-29,咖喱土豆球,快餐,20,8,160,现金,早晨
3862,2022-07-29,招牌三明治,快餐,60,14,840,现金,傍晚
3863,2022-07-29,新鲜甘蔗汁,饮品,25,4,100,现金,晚上
3864,2022-07-29,脆球点心,快餐,20,6,120,在线支付,午夜
3865,2022-07-29,脆球点心,快餐,20,11,220,其他,晚上
3866,2022-07-29,法兰基卷,快餐,50,9,450,现金,晚上
3867,2022-07-29,法兰基卷,快餐,50,12,600,现金,早晨
3868,2022-07-29,瓦达汉堡,快餐,20,6,120,在线支付,下午
3869,2022-07-29,瓦达汉堡,快餐,20,13,260,现金,下午
3870,2022-07-29,新鲜甘蔗汁,饮品,25,6,150,在线支付,下午
3871,2022-07-29,冰咖啡,饮品,40,1,40,现金,晚上
3872,2022-07-29,法兰基卷,快餐,50,9,450,现金,晚上
3873,2022-07-29,法兰基卷,快餐,50,14,700,现金,傍晚
3874,2022-07-29,脆球点心,快餐,20,5,100,其他,下午
3875,2022-07-29,冰咖啡,饮品,40,13,520,其他,晚上
3876,2022-07-29,招牌三明治,快餐,60,6,360,现金,傍晚
3877,2022-07-29,瓦达汉堡,快餐,20,6,120,其他,午夜
3878,2022-07-29,脆球点心,快餐,20,13,260,在线支付,傍晚
3879,2022-07-29,咖喱土豆球,快餐,20,4,80,在线支付,早晨
3880,2022-07-29,招牌三明治,快餐,60,11,660,其他,下午
3881,2022-07-29,招牌三明治,快餐,60,13,780,在线支付,早晨
3882,2022-07-29,法兰基卷,快餐,50,8,400,现金,下午
3883,2022-07-29,新鲜甘蔗汁,饮品,25,8,200,在线支付,午夜
3884,2022-07-29,招牌三明治,快餐,60,1,60,现金,下午
3885,2022-07-29,法兰基卷,快餐,50,12,600,现金,傍晚
3886,2022-07-29,法兰基卷,快餐,50,7,350,在线支付,晚上
3887,2022-07-29,冰咖啡,饮品,40,11,440,现金,晚上
3888,2022-07-29,脆球点心,快餐,20,2,40,在线支付,午夜
3889,2022-07-29,咖喱土豆球,快餐,20,2,40,在线支付,傍晚
3890,2022-07-29,脆球点心,快餐,20,11,220,现金,早晨
3891,2022-07-29,脆球点心,快餐,20,13,260,在线支付,下午
3892,2022-07-29,招牌三明治,快餐,60,13,780,在线支付,下午
3893,2022-07-29,招牌三明治,快餐,60,4,240,在线支付,傍晚
3894,2022-07-29,咖喱土豆球,快餐,20,9,180,现金,晚上
3895,2022-07-29,瓦达汉堡,快餐,20,4,80,在线支付,晚上
3896,2022-07-29,冰咖啡,饮品,40,9,360,在线支付,午夜
3897,2022-07-29,招牌三明治,快餐,60,5,300,现金,午夜
3898,2022-07-29,脆球点心,快餐,20,5,100,现金,晚上
3899,2022-07-29,脆球点心,快餐,20,2,40,现金,早晨
3900,2022-07-29,咖喱土豆球,快餐,20,15,300,现金,早晨
3901,2022-07-29,新鲜甘蔗汁,饮品,25,11,275,在线支付,早晨
3902,2022-07-29,冰咖啡,饮品,40,3,120,其他,下午
3903,2022-07-29,招牌三明治,快餐,60,11,660,其他,早晨
3904,2022-07-29,脆球点心,快餐,20,3,60,现金,早晨
3905,2022-07-29,冰咖啡,饮品,40,15,600,在线支付,午夜
3906,2022-07-29,冰咖啡,饮品,40,10,400,现金,午夜
3907,2022-07-29,冰咖啡,饮品,40,9,360,现金,早晨
3908,2022-07-29,瓦达汉堡,快餐,20,14,280,在线支付,傍晚
3909,2022-07-29,招牌三明治,快餐,60,7,420,现金,晚上
3910,2022-07-29,新鲜甘蔗汁,饮品,25,11,275,在线支付,午夜
3911,2022-07-29,咖喱土豆球,快餐,20,9,180,现金,早晨
3912,2022-07-29,招牌三明治,快餐,60,14,840,在线支付,晚上
3913,2022-07-29,咖喱土豆球,快餐,20,4,80,现金,午夜
3914,2022-07-29,咖喱土豆球,快餐,20,3,60,在线支付,傍晚
3915,2022-07-29,新鲜甘蔗汁,饮品,25,12,300,在线支付,午夜
3916,2022-07-29,咖喱土豆球,快餐,20,12,240,现金,早晨
3917,2022-07-29,瓦达汉堡,快餐,20,9,180,现金,晚上
3918,2022-07-29,新鲜甘蔗汁,饮品,25,6,150,现金,午夜
3919,2022-07-29,咖喱土豆球,快餐,20,9,180,在线支付,早晨
3920,2022-07-29,脆球点心,快餐,20,14,280,在线支付,晚上
3921,2022-07-29,冰咖啡,饮品,40,6,240,现金,晚上
3922,2022-07-29,冰咖啡,饮品,40,5,200,现金,早晨
3923,2022-07-29,冰咖啡,饮品,40,13,520,现金,早晨
3924,2022-07-29,招牌三明治,快餐,60,10,600,现金,早晨
3925,2022-07-29,招牌三明治,快餐,60,12,720,现金,晚上
3926,2022-07-29,脆球点心,快餐,20,5,100,在线支付,晚上
3927,2022-07-29,法兰基卷,快餐,50,10,500,现金,下午
3928,2022-07-29,冰咖啡,饮品,40,8,320,现金,晚上
3929,2022-07-29,冰咖啡,饮品,40,13,520,现金,傍晚
3930,2022-07-29,脆球点心,快餐,20,8,160,现金,傍晚
3931,2022-07-29,咖喱土豆球,快餐,20,6,120,在线支付,傍晚
3932,2022-07-29,法兰基卷,快餐,50,4,200,现金,傍晚
3933,2022-07-29,新鲜甘蔗汁,饮品,25,10,250,其他,午夜
3934,2022-07-30,瓦达汉堡,快餐,20,4,80,在线支付,下午
3935,2022-07-30,冰咖啡,饮品,40,8,320,现金,傍晚
3936,2022-07-30,脆球点心,快餐,20,3,60,现金,下午
3937,2022-07-30,法兰基卷,快餐,50,10,500,在线支付,午夜
3938,2022-07-30,咖喱土豆球,快餐,20,4,80,现金,傍晚
3939,2022-07-30,新鲜甘蔗汁,饮品,25,4,100,在线支付,下午
3940,2022-07-30,新鲜甘蔗汁,饮品,25,5,125,在线支付,早晨
3941,2022-07-30,瓦达汉堡,快餐,20,5,100,现金,傍晚
3942,2022-07-30,咖喱土豆球,快餐,20,15,300,其他,下午
3943,2022-07-30,冰咖啡,饮品,40,12,480,现金,傍晚
3944,2022-07-30,脆球点心,快餐,20,4,80,其他,傍晚
3945,2022-07-30,冰咖啡,饮品,40,9,360,现金,午夜
3946,2022-07-30,法兰基卷,快餐,50,14,700,现金,下午
3947,2022-07-30,脆球点心,快餐,20,8,160,在线支付,午夜
3948,2022-07-30,法兰基卷,快餐,50,11,550,现金,早晨
3949,2022-07-30,脆球点心,快餐,20,8,160,现金,午夜
3950,2022-07-30,新鲜甘蔗汁,饮品,25,12,300,在线支付,下午
3951,2022-07-30,新鲜甘蔗汁,饮品,25,3,75,现金,早晨
3952,2022-07-30,法兰基卷,快餐,50,9,450,在线支付,早晨
3953,2022-07-30,新鲜甘蔗汁,饮品,25,6,150,现金,午夜
3954,2022-07-30,冰咖啡,饮品,40,8,320,现金,午夜
3955,2022-07-30,法兰基卷,快餐,50,3,150,其他,早晨
3956,2022-07-30,冰咖啡,饮品,40,12,480,在线支付,傍晚
3957,2022-07-30,法兰基卷,快餐,50,4,200,其他,傍晚
3958,2022-07-30,瓦达汉堡,快餐,20,3,60,现金,傍晚
3959,2022-07-30,脆球点心,快餐,20,3,60,在线支付,晚上
3960,2022-07-30,招牌三明治,快餐,60,14,840,在线支付,傍晚
3961,2022-07-30,脆球点心,快餐,20,9,180,其他,晚上
3962,2022-07-30,新鲜甘蔗汁,饮品,25,6,150,在线支付,傍晚
3963,2022-07-30,法兰基卷,快餐,50,8,400,现金,早晨
3964,2022-07-30,瓦达汉堡,快餐,20,11,220,现金,傍晚
3965,2022-07-30,瓦达汉堡,快餐,20,6,120,在线支付,午夜
3966,2022-07-30,咖喱土豆球,快餐,20,4,80,在线支付,晚上
3967,2022-07-30,瓦达汉堡,快餐,20,15,300,在线支付,晚上
3968,2022-07-30,瓦达汉堡,快餐,20,11,220,在线支付,早晨
3969,2022-07-30,脆球点心,快餐,20,6,120,现金,早晨
3970,2022-07-30,法兰基卷,快餐,50,12,600,现金,午夜
3971,2022-07-30,瓦达汉堡,快餐,20,11,220,现金,傍晚
3972,2022-07-30,脆球点心,快餐,20,4,80,在线支付,晚上
3973,2022-07-30,法兰基卷,快餐,50,15,750,其他,早晨
3974,2022-07-30,瓦达汉堡,快餐,20,7,140,在线支付,晚上
3975,2022-07-30,法兰基卷,快餐,50,2,100,现金,晚上
3976,2022-07-30,招牌三明治,快餐,60,5,300,现金,下午
3977,2022-07-30,招牌三明治,快餐,60,5,300,在线支付,晚上
3978,2022-07-30,冰咖啡,饮品,40,12,480,现金,晚上
3979,2022-07-30,瓦达汉堡,快餐,20,6,120,在线支付,晚上
3980,2022-07-30,新鲜甘蔗汁,饮品,25,7,175,现金,早晨
3981,2022-07-30,新鲜甘蔗汁,饮品,25,10,250,现金,下午
3982,2022-07-30,新鲜甘蔗汁,饮品,25,14,350,在线支付,晚上
3983,2022-07-30,法兰基卷,快餐,50,8,400,在线支付,傍晚
3984,2022-07-30,瓦达汉堡,快餐,20,3,60,现金,傍晚
3985,2022-07-30,招牌三明治,快餐,60,5,300,现金,午夜
3986,2022-07-30,冰咖啡,饮品,40,7,280,现金,早晨
3987,2022-07-30,脆球点心,快餐,20,5,100,在线支付,晚上
3988,2022-07-30,新鲜甘蔗汁,饮品,25,14,350,在线支付,晚上
3989,2022-07-30,咖喱土豆球,快餐,20,1,20,现金,下午
3990,2022-07-30,脆球点心,快餐,20,10,200,在线支付,下午
3991,2022-07-30,冰咖啡,饮品,40,6,240,在线支付,下午
3992,2022-07-30,法兰基卷,快餐,50,13,650,在线支付,早晨
3993,2022-07-30,咖喱土豆球,快餐,20,11,220,现金,午夜
3994,2022-07-30,招牌三明治,快餐,60,11,660,在线支付,晚上
3995,2022-07-30,瓦达汉堡,快餐,20,6,120,现金,早晨
3996,2022-07-30,法兰基卷,快餐,50,7,350,其他,早晨
3997,2022-07-30,瓦达汉堡,快餐,20,5,100,在线支付,晚上
3998,2022-07-30,法兰基卷,快餐,50,11,550,现金,午夜
3999,2022-07-30,法兰基卷,快餐,50,4,200,在线支付,傍晚
4000,2022-07-30,脆球点心,快餐,20,6,120,现金,晚上
4001,2022-07-30,脆球点心,快餐,20,5,100,在线支付,早晨
4002,2022-07-30,冰咖啡,饮品,40,15,600,其他,早晨
4003,2022-07-30,招牌三明治,快餐,60,10,600,现金,晚上
4004,2022-07-30,法兰基卷,快餐,50,13,650,现金,傍晚
4005,2022-07-30,脆球点心,快餐,20,6,120,现金,下午
4006,2022-07-30,法兰基卷,快餐,50,2,100,现金,午夜
4007,2022-07-30,脆球点心,快餐,20,10,200,现金,早晨
4008,2022-07-30,瓦达汉堡,快餐,20,10,200,在线支付,晚上
4009,2022-07-30,脆球点心,快餐,20,3,60,在线支付,下午
4010,2022-07-30,新鲜甘蔗汁,饮品,25,15,375,在线支付,傍晚
4011,2022-07-30,脆球点心,快餐,20,13,260,在线支付,傍晚
4012,2022-07-30,招牌三明治,快餐,60,2,120,其他,早晨
4013,2022-07-30,招牌三明治,快餐,60,5,300,在线支付,傍晚
4014,2022-07-30,招牌三明治,快餐,60,11,660,现金,晚上
4015,2022-07-30,咖喱土豆球,快餐,20,1,20,现金,晚上
4016,2022-07-30,瓦达汉堡,快餐,20,7,140,在线支付,下午
4017,2022-07-30,招牌三明治,快餐,60,15,900,现金,午夜
4018,2022-07-30,新鲜甘蔗汁,饮品,25,11,275,在线支付,下午
4019,2022-07-30,脆球点心,快餐,20,14,280,其他,下午
4020,2022-07-30,招牌三明治,快餐,60,9,540,现金,傍晚
4021,2022-07-30,新鲜甘蔗汁,饮品,25,13,325,现金,下午
4022,2022-07-30,冰咖啡,饮品,40,15,600,现金,午夜
4023,2022-07-30,法兰基卷,快餐,50,12,600,在线支付,早晨
4024,2022-07-30,脆球点心,快餐,20,13,260,现金,午夜
4025,2022-07-30,脆球点心,快餐,20,10,200,其他,傍晚
4026,2022-07-30,新鲜甘蔗汁,饮品,25,8,200,在线支付,晚上
4027,2022-07-30,冰咖啡,饮品,40,11,440,其他,晚上
4028,2022-07-30,脆球点心,快餐,20,9,180,现金,下午
4029,2022-07-30,咖喱土豆球,快餐,20,7,140,在线支付,傍晚
4030,2022-07-30,法兰基卷,快餐,50,11,550,其他,下午
4031,2022-07-30,招牌三明治,快餐,60,15,900,现金,下午
4032,2022-07-30,法兰基卷,快餐,50,7,350,现金,午夜
4033,2022-07-30,脆球点心,快餐,20,11,220,在线支付,傍晚
4034,2022-07-30,冰咖啡,饮品,40,10,400,现金,傍晚
4035,2022-07-30,冰咖啡,饮品,40,1,40,现金,晚上
4036,2022-07-30,瓦达汉堡,快餐,20,15,300,现金,傍晚
4037,2022-07-30,脆球点心,快餐,20,5,100,现金,早晨
4038,2022-07-30,冰咖啡,饮品,40,9,360,现金,晚上
4039,2022-07-30,新鲜甘蔗汁,饮品,25,12,300,现金,午夜
4040,2022-07-30,脆球点心,快餐,20,2,40,现金,晚上
4041,2022-07-30,咖喱土豆球,快餐,20,3,60,其他,晚上
4042,2022-07-30,招牌三明治,快餐,60,11,660,其他,傍晚
4043,2022-07-30,瓦达汉堡,快餐,20,8,160,现金,早晨
4044,2022-07-30,法兰基卷,快餐,50,2,100,在线支付,午夜
4045,2022-07-30,招牌三明治,快餐,60,13,780,现金,午夜
4046,2022-07-30,咖喱土豆球,快餐,20,8,160,在线支付,午夜
4047,2022-07-30,招牌三明治,快餐,60,11,660,现金,下午
4048,2022-07-30,冰咖啡,饮品,40,3,120,其他,午夜
4049,2022-07-30,脆球点心,快餐,20,6,120,在线支付,午夜
4050,2022-07-30,脆球点心,快餐,20,4,80,在线支付,下午
4051,2022-07-30,瓦达汉堡,快餐,20,8,160,现金,傍晚
4052,2022-07-30,咖喱土豆球,快餐,20,8,160,现金,傍晚
4053,2022-07-30,冰咖啡,饮品,40,1,40,在线支付,午夜
4054,2022-07-30,冰咖啡,饮品,40,5,200,在线支付,傍晚
4055,2022-07-30,招牌三明治,快餐,60,11,660,现金,下午
4056,2022-07-30,脆球点心,快餐,20,9,180,在线支付,下午
4057,2022-07-30,新鲜甘蔗汁,饮品,25,6,150,现金,下午
4058,2022-07-30,新鲜甘蔗汁,饮品,25,15,375,现金,午夜
4059,2022-07-30,脆球点心,快餐,20,4,80,在线支付,傍晚
4060,2022-07-30,咖喱土豆球,快餐,20,13,260,现金,傍晚
4061,2022-07-30,瓦达汉堡,快餐,20,12,240,现金,早晨
4062,2022-07-30,法兰基卷,快餐,50,8,400,在线支付,午夜
4063,2022-07-30,冰咖啡,饮品,40,9,360,在线支付,午夜
4064,2022-07-30,瓦达汉堡,快餐,20,7,140,现金,午夜
4065,2022-07-30,瓦达汉堡,快餐,20,14,280,现金,晚上
4066,2022-07-30,瓦达汉堡,快餐,20,2,40,在线支付,早晨
4067,2022-07-30,招牌三明治,快餐,60,10,600,现金,午夜
4068,2022-07-30,法兰基卷,快餐,50,2,100,在线支付,早晨
4069,2022-07-30,咖喱土豆球,快餐,20,2,40,现金,早晨
4070,2022-07-30,冰咖啡,饮品,40,13,520,在线支付,晚上
4071,2022-07-30,脆球点心,快餐,20,9,180,其他,傍晚
4072,2022-07-31,新鲜甘蔗汁,饮品,25,10,250,在线支付,晚上
4073,2022-07-31,招牌三明治,快餐,60,1,60,现金,早晨
4074,2022-07-31,瓦达汉堡,快餐,20,3,60,在线支付,午夜
4075,2022-07-31,咖喱土豆球,快餐,20,5,100,现金,午夜
4076,2022-07-31,瓦达汉堡,快餐,20,11,220,现金,午夜
4077,2022-07-31,瓦达汉堡,快餐,20,7,140,现金,傍晚
4078,2022-07-31,新鲜甘蔗汁,饮品,25,7,175,在线支付,午夜
4079,2022-07-31,新鲜甘蔗汁,饮品,25,9,225,现金,傍晚
4080,2022-07-31,招牌三明治,快餐,60,5,300,现金,午夜
4081,2022-07-31,法兰基卷,快餐,50,4,200,在线支付,下午
4082,2022-07-31,脆球点心,快餐,20,14,280,在线支付,午夜
4083,2022-07-31,招牌三明治,快餐,60,5,300,现金,下午
4084,2022-07-31,新鲜甘蔗汁,饮品,25,7,175,在线支付,午夜
4085,2022-07-31,冰咖啡,饮品,40,6,240,现金,下午
4086,2022-07-31,瓦达汉堡,快餐,20,1,20,现金,早晨
4087,2022-07-31,脆球点心,快餐,20,13,260,现金,傍晚
4088,2022-07-31,咖喱土豆球,快餐,20,6,120,在线支付,傍晚
4089,2022-07-31,新鲜甘蔗汁,饮品,25,15,375,在线支付,傍晚
4090,2022-07-31,新鲜甘蔗汁,饮品,25,12,300,现金,早晨
4091,2022-07-31,咖喱土豆球,快餐,20,14,280,在线支付,晚上
4092,2022-07-31,冰咖啡,饮品,40,1,40,其他,早晨
4093,2022-07-31,冰咖啡,饮品,40,14,560,在线支付,晚上
4094,2022-07-31,脆球点心,快餐,20,7,140,现金,午夜
4095,2022-07-31,脆球点心,快餐,20,9,180,现金,午夜
4096,2022-07-31,招牌三明治,快餐,60,10,600,在线支付,早晨
4097,2022-07-31,新鲜甘蔗汁,饮品,25,9,225,在线支付,傍晚
4098,2022-07-31,招牌三明治,快餐,60,7,420,现金,傍晚
4099,2022-07-31,瓦达汉堡,快餐,20,6,120,在线支付,早晨
4100,2022-07-31,咖喱土豆球,快餐,20,8,160,在线支付,傍晚
4101,2022-07-31,瓦达汉堡,快餐,20,12,240,在线支付,下午
4102,2022-07-31,咖喱土豆球,快餐,20,6,120,其他,晚上
4103,2022-07-31,脆球点心,快餐,20,10,200,现金,傍晚
4104,2022-07-31,冰咖啡,饮品,40,2,80,现金,傍晚
4105,2022-07-31,新鲜甘蔗汁,饮品,25,6,150,在线支付,早晨
4106,2022-07-31,瓦达汉堡,快餐,20,7,140,现金,午夜
4107,2022-07-31,招牌三明治,快餐,60,7,420,现金,午夜
4108,2022-07-31,咖喱土豆球,快餐,20,1,20,现金,晚上
4109,2022-07-31,瓦达汉堡,快餐,20,2,40,在线支付,下午
4110,2022-07-31,咖喱土豆球,快餐,20,6,120,在线支付,午夜
4111,2022-07-31,冰咖啡,饮品,40,2,80,在线支付,傍晚
4112,2022-07-31,冰咖啡,饮品,40,11,440,现金,晚上
4113,2022-07-31,法兰基卷,快餐,50,4,200,现金,下午
4114,2022-07-31,新鲜甘蔗汁,饮品,25,8,200,其他,晚上
4115,2022-07-31,新鲜甘蔗汁,饮品,25,15,375,在线支付,午夜
4116,2022-07-31,招牌三明治,快餐,60,9,540,其他,午夜
4117,2022-07-31,咖喱土豆球,快餐,20,7,140,在线支付,傍晚
4118,2022-07-31,脆球点心,快餐,20,4,80,现金,早晨
4119,2022-07-31,脆球点心,快餐,20,8,160,在线支付,晚上
4120,2022-07-31,新鲜甘蔗汁,饮品,25,15,375,在线支付,傍晚
4121,2022-07-31,冰咖啡,饮品,40,8,320,在线支付,晚上
4122,2022-07-31,脆球点心,快餐,20,7,140,现金,傍晚
4123,2022-07-31,瓦达汉堡,快餐,20,11,220,在线支付,早晨
4124,2022-07-31,冰咖啡,饮品,40,1,40,在线支付,下午
4125,2022-07-31,瓦达汉堡,快餐,20,8,160,现金,午夜
4126,2022-07-31,新鲜甘蔗汁,饮品,25,3,75,现金,下午
4127,2022-07-31,招牌三明治,快餐,60,10,600,现金,下午
4128,2022-07-31,脆球点心,快餐,20,12,240,在线支付,傍晚
4129,2022-07-31,冰咖啡,饮品,40,9,360,现金,傍晚
4130,2022-07-31,新鲜甘蔗汁,饮品,25,15,375,其他,午夜
4131,2022-07-31,法兰基卷,快餐,50,7,350,现金,晚上
4132,2022-07-31,新鲜甘蔗汁,饮品,25,5,125,在线支付,早晨
4133,2022-07-31,脆球点心,快餐,20,15,300,在线支付,晚上
4134,2022-07-31,冰咖啡,饮品,40,9,360,其他,午夜
4135,2022-07-31,新鲜甘蔗汁,饮品,25,5,125,现金,下午
4136,2022-07-31,脆球点心,快餐,20,5,100,现金,傍晚
4137,2022-07-31,冰咖啡,饮品,40,13,520,现金,晚上
4138,2022-07-31,招牌三明治,快餐,60,7,420,在线支付,早晨
4139,2022-07-31,咖喱土豆球,快餐,20,6,120,在线支付,早晨
4140,2022-07-31,法兰基卷,快餐,50,8,400,现金,早晨
4141,2022-07-31,招牌三明治,快餐,60,10,600,现金,下午
4142,2022-07-31,新鲜甘蔗汁,饮品,25,7,175,在线支付,早晨
4143,2022-07-31,瓦达汉堡,快餐,20,10,200,现金,午夜
4144,2022-07-31,脆球点心,快餐,20,4,80,在线支付,午夜
4145,2022-07-31,冰咖啡,饮品,40,5,200,在线支付,傍晚
4146,2022-07-31,招牌三明治,快餐,60,8,480,在线支付,下午
4147,2022-07-31,法兰基卷,快餐,50,13,650,在线支付,下午
4148,2022-07-31,咖喱土豆球,快餐,20,11,220,现金,午夜
4149,2022-07-31,新鲜甘蔗汁,饮品,25,1,25,在线支付,晚上
4150,2022-07-31,新鲜甘蔗汁,饮品,25,6,150,现金,早晨
4151,2022-07-31,新鲜甘蔗汁,饮品,25,15,375,在线支付,傍晚
4152,2022-07-31,新鲜甘蔗汁,饮品,25,4,100,现金,晚上
4153,2022-07-31,招牌三明治,快餐,60,15,900,现金,下午
4154,2022-07-31,法兰基卷,快餐,50,2,100,现金,午夜
4155,2022-07-31,咖喱土豆球,快餐,20,13,260,其他,晚上
4156,2022-07-31,招牌三明治,快餐,60,15,900,现金,下午
4157,2022-07-31,新鲜甘蔗汁,饮品,25,5,125,在线支付,傍晚
4158,2022-07-31,咖喱土豆球,快餐,20,3,60,在线支付,傍晚
4159,2022-07-31,瓦达汉堡,快餐,20,10,200,在线支付,傍晚
4160,2022-07-31,冰咖啡,饮品,40,13,520,在线支付,晚上
4161,2022-07-31,招牌三明治,快餐,60,10,600,现金,早晨
4162,2022-07-31,新鲜甘蔗汁,饮品,25,3,75,现金,晚上
4163,2022-07-31,冰咖啡,饮品,40,10,400,现金,早晨
4164,2022-07-31,瓦达汉堡,快餐,20,4,80,在线支付,午夜
4165,2022-07-31,冰咖啡,饮品,40,12,480,现金,晚上
4166,2022-07-31,咖喱土豆球,快餐,20,15,300,现金,晚上
4167,2022-07-31,咖喱土豆球,快餐,20,11,220,其他,早晨
4168,2022-07-31,瓦达汉堡,快餐,20,2,40,在线支付,午夜
4169,2022-07-31,法兰基卷,快餐,50,12,600,在线支付,午夜
4170,2022-07-31,咖喱土豆球,快餐,20,15,300,现金,傍晚
4171,2022-07-31,脆球点心,快餐,20,2,40,现金,晚上
4172,2022-07-31,脆球点心,快餐,20,8,160,在线支付,下午
4173,2022-07-31,招牌三明治,快餐,60,1,60,现金,早晨
4174,2022-07-31,招牌三明治,快餐,60,9,540,在线支付,下午
4175,2022-07-31,脆球点心,快餐,20,13,260,现金,下午
4176,2022-07-31,咖喱土豆球,快餐,20,6,120,现金,下午
4177,2022-07-31,冰咖啡,饮品,40,10,400,在线支付,下午
4178,2022-07-31,咖喱土豆球,快餐,20,11,220,在线支付,午夜
4179,2022-07-31,脆球点心,快餐,20,12,240,现金,傍晚
4180,2022-08-01,脆球点心,快餐,20,10,200,在线支付,早晨
4181,2022-08-01,冰咖啡,饮品,40,6,240,在线支付,晚上
4182,2022-08-01,咖喱土豆球,快餐,20,12,240,其他,午夜
4183,2022-08-01,脆球点心,快餐,20,13,260,现金,早晨
4184,2022-08-01,新鲜甘蔗汁,饮品,25,11,275,现金,午夜
4185,2022-08-01,新鲜甘蔗汁,饮品,25,11,275,在线支付,傍晚
4186,2022-08-01,冰咖啡,饮品,40,12,480,现金,下午
4187,2022-08-01,新鲜甘蔗汁,饮品,25,10,250,在线支付,晚上
4188,2022-08-01,新鲜甘蔗汁,饮品,25,1,25,在线支付,午夜
4189,2022-08-01,冰咖啡,饮品,40,10,400,现金,早晨
4190,2022-08-01,瓦达汉堡,快餐,20,8,160,在线支付,早晨
4191,2022-08-01,咖喱土豆球,快餐,20,9,180,现金,晚上
4192,2022-08-01,咖喱土豆球,快餐,20,5,100,在线支付,早晨
4193,2022-08-01,脆球点心,快餐,20,6,120,现金,午夜
4194,2022-08-01,瓦达汉堡,快餐,20,11,220,现金,傍晚
4195,2022-08-01,新鲜甘蔗汁,饮品,25,8,200,现金,傍晚
4196,2022-08-01,新鲜甘蔗汁,饮品,25,10,250,现金,傍晚
4197,2022-08-01,招牌三明治,快餐,60,7,420,现金,午夜
4198,2022-08-01,招牌三明治,快餐,60,15,900,其他,午夜
4199,2022-08-01,招牌三明治,快餐,60,4,240,现金,下午
4200,2022-08-01,新鲜甘蔗汁,饮品,25,4,100,现金,傍晚
4201,2022-08-01,招牌三明治,快餐,60,5,300,其他,早晨
4202,2022-08-01,脆球点心,快餐,20,1,20,其他,下午
4203,2022-08-01,法兰基卷,快餐,50,7,350,现金,晚上
4204,2022-08-01,法兰基卷,快餐,50,9,450,现金,晚上
4205,2022-08-01,脆球点心,快餐,20,14,280,现金,午夜
4206,2022-08-01,新鲜甘蔗汁,饮品,25,8,200,现金,早晨
4207,2022-08-01,法兰基卷,快餐,50,8,400,在线支付,傍晚
4208,2022-08-01,脆球点心,快餐,20,2,40,在线支付,下午
4209,2022-08-01,新鲜甘蔗汁,饮品,25,2,50,现金,午夜
4210,2022-08-01,法兰基卷,快餐,50,14,700,在线支付,下午
4211,2022-08-01,咖喱土豆球,快餐,20,11,220,在线支付,傍晚
4212,2022-08-01,新鲜甘蔗汁,饮品,25,4,100,现金,早晨
4213,2022-08-01,招牌三明治,快餐,60,11,660,在线支付,傍晚
4214,2022-08-01,瓦达汉堡,快餐,20,8,160,在线支付,傍晚
4215,2022-08-01,瓦达汉堡,快餐,20,4,80,在线支付,傍晚
4216,2022-08-01,新鲜甘蔗汁,饮品,25,2,50,其他,傍晚
4217,2022-08-01,瓦达汉堡,快餐,20,8,160,现金,早晨
4218,2022-08-01,法兰基卷,快餐,50,6,300,现金,午夜
4219,2022-08-01,招牌三明治,快餐,60,8,480,其他,午夜
4220,2022-08-01,新鲜甘蔗汁,饮品,25,4,100,现金,晚上
4221,2022-08-01,新鲜甘蔗汁,饮品,25,7,175,在线支付,下午
4222,2022-08-01,瓦达汉堡,快餐,20,2,40,在线支付,早晨
4223,2022-08-01,瓦达汉堡,快餐,20,8,160,现金,晚上
4224,2022-08-01,脆球点心,快餐,20,2,40,在线支付,早晨
4225,2022-08-01,脆球点心,快餐,20,5,100,在线支付,早晨
4226,2022-08-01,瓦达汉堡,快餐,20,8,160,现金,傍晚
4227,2022-08-01,法兰基卷,快餐,50,3,150,现金,早晨
4228,2022-08-01,脆球点心,快餐,20,9,180,现金,下午
4229,2022-08-01,瓦达汉堡,快餐,20,13,260,其他,傍晚
4230,2022-08-01,瓦达汉堡,快餐,20,1,20,现金,下午
4231,2022-08-01,新鲜甘蔗汁,饮品,25,11,275,现金,傍晚
4232,2022-08-01,瓦达汉堡,快餐,20,8,160,在线支付,傍晚
4233,2022-08-01,咖喱土豆球,快餐,20,15,300,在线支付,傍晚
4234,2022-08-01,新鲜甘蔗汁,饮品,25,15,375,其他,傍晚
4235,2022-08-01,瓦达汉堡,快餐,20,15,300,在线支付,早晨
4236,2022-08-01,脆球点心,快餐,20,12,240,在线支付,傍晚
4237,2022-08-01,法兰基卷,快餐,50,11,550,在线支付,下午
4238,2022-08-01,招牌三明治,快餐,60,9,540,现金,晚上
4239,2022-08-01,脆球点心,快餐,20,15,300,现金,早晨
4240,2022-08-01,冰咖啡,饮品,40,12,480,在线支付,晚上
4241,2022-08-01,法兰基卷,快餐,50,6,300,现金,下午
4242,2022-08-01,法兰基卷,快餐,50,10,500,在线支付,午夜
4243,2022-08-01,瓦达汉堡,快餐,20,7,140,在线支付,早晨
4244,2022-08-01,冰咖啡,饮品,40,9,360,在线支付,下午
4245,2022-08-01,冰咖啡,饮品,40,5,200,现金,下午
4246,2022-08-01,新鲜甘蔗汁,饮品,25,5,125,其他,傍晚
4247,2022-08-01,法兰基卷,快餐,50,7,350,在线支付,晚上
4248,2022-08-01,法兰基卷,快餐,50,5,250,在线支付,晚上
4249,2022-08-01,咖喱土豆球,快餐,20,15,300,现金,早晨
4250,2022-08-01,瓦达汉堡,快餐,20,14,280,现金,下午
4251,2022-08-01,脆球点心,快餐,20,15,300,在线支付,午夜
4252,2022-08-01,新鲜甘蔗汁,饮品,25,7,175,在线支付,早晨
4253,2022-08-01,冰咖啡,饮品,40,12,480,在线支付,早晨
4254,2022-08-01,法兰基卷,快餐,50,8,400,在线支付,午夜
4255,2022-08-01,瓦达汉堡,快餐,20,7,140,现金,午夜
4256,2022-08-01,咖喱土豆球,快餐,20,2,40,现金,早晨
4257,2022-08-01,瓦达汉堡,快餐,20,7,140,现金,午夜
4258,2022-08-01,咖喱土豆球,快餐,20,12,240,其他,早晨
4259,2022-08-01,新鲜甘蔗汁,饮品,25,9,225,在线支付,下午
4260,2022-08-01,脆球点心,快餐,20,8,160,其他,早晨
4261,2022-08-01,脆球点心,快餐,20,6,120,现金,晚上
4262,2022-08-01,冰咖啡,饮品,40,6,240,现金,下午
4263,2022-08-01,新鲜甘蔗汁,饮品,25,3,75,现金,下午
4264,2022-08-01,咖喱土豆球,快餐,20,4,80,在线支付,晚上
4265,2022-08-01,新鲜甘蔗汁,饮品,25,1,25,现金,傍晚
4266,2022-08-01,法兰基卷,快餐,50,8,400,现金,晚上
4267,2022-08-01,法兰基卷,快餐,50,1,50,在线支付,早晨
4268,2022-08-01,脆球点心,快餐,20,1,20,在线支付,下午
4269,2022-08-01,咖喱土豆球,快餐,20,12,240,其他,晚上
4270,2022-08-01,瓦达汉堡,快餐,20,3,60,现金,晚上
4271,2022-08-01,法兰基卷,快餐,50,11,550,现金,傍晚
4272,2022-08-01,脆球点心,快餐,20,8,160,在线支付,早晨
4273,2022-08-01,脆球点心,快餐,20,15,300,在线支付,下午
4274,2022-08-01,咖喱土豆球,快餐,20,9,180,在线支付,下午
4275,2022-08-01,咖喱土豆球,快餐,20,8,160,现金,早晨
4276,2022-08-01,瓦达汉堡,快餐,20,12,240,在线支付,晚上
4277,2022-08-01,法兰基卷,快餐,50,8,400,现金,晚上
4278,2022-08-01,新鲜甘蔗汁,饮品,25,5,125,其他,午夜
4279,2022-08-01,瓦达汉堡,快餐,20,14,280,在线支付,下午
4280,2022-08-01,法兰基卷,快餐,50,12,600,现金,晚上
4281,2022-08-01,脆球点心,快餐,20,6,120,现金,傍晚
4282,2022-08-01,新鲜甘蔗汁,饮品,25,11,275,现金,午夜
4283,2022-08-01,新鲜甘蔗汁,饮品,25,8,200,现金,早晨
4284,2022-08-01,冰咖啡,饮品,40,9,360,现金,傍晚
4285,2022-08-01,冰咖啡,饮品,40,1,40,现金,傍晚
4286,2022-08-01,脆球点心,快餐,20,10,200,在线支付,早晨
4287,2022-08-01,咖喱土豆球,快餐,20,14,280,在线支付,傍晚
4288,2022-08-01,咖喱土豆球,快餐,20,13,260,在线支付,傍晚
4289,2022-08-01,脆球点心,快餐,20,5,100,现金,下午
4290,2022-08-01,法兰基卷,快餐,50,7,350,现金,傍晚
4291,2022-08-01,法兰基卷,快餐,50,4,200,在线支付,下午
4292,2022-08-01,脆球点心,快餐,20,9,180,在线支付,早晨
4293,2022-08-01,脆球点心,快餐,20,7,140,现金,午夜
4294,2022-08-01,咖喱土豆球,快餐,20,8,160,现金,傍晚
4295,2022-08-01,脆球点心,快餐,20,6,120,其他,午夜
4296,2022-08-01,新鲜甘蔗汁,饮品,25,7,175,在线支付,早晨
4297,2022-08-01,咖喱土豆球,快餐,20,14,280,在线支付,晚上
4298,2022-08-01,法兰基卷,快餐,50,2,100,现金,午夜
4299,2022-08-01,冰咖啡,饮品,40,1,40,其他,傍晚
4300,2022-08-01,新鲜甘蔗汁,饮品,25,9,225,现金,下午
4301,2022-08-02,招牌三明治,快餐,60,11,660,其他,下午
4302,2022-08-02,脆球点心,快餐,20,6,120,在线支付,午夜
4303,2022-08-02,脆球点心,快餐,20,4,80,其他,下午
4304,2022-08-02,瓦达汉堡,快餐,20,3,60,现金,傍晚
4305,2022-08-02,咖喱土豆球,快餐,20,5,100,在线支付,下午
4306,2022-08-02,招牌三明治,快餐,60,10,600,在线支付,午夜
4307,2022-08-02,瓦达汉堡,快餐,20,1,20,在线支付,午夜
4308,2022-08-02,瓦达汉堡,快餐,20,8,160,在线支付,傍晚
4309,2022-08-02,瓦达汉堡,快餐,20,6,120,现金,午夜
4310,2022-08-02,咖喱土豆球,快餐,20,11,220,在线支付,早晨
4311,2022-08-02,咖喱土豆球,快餐,20,8,160,在线支付,晚上
4312,2022-08-02,咖喱土豆球,快餐,20,5,100,现金,下午
4313,2022-08-02,冰咖啡,饮品,40,15,600,在线支付,晚上
4314,2022-08-02,瓦达汉堡,快餐,20,4,80,在线支付,下午
4315,2022-08-02,脆球点心,快餐,20,12,240,在线支付,傍晚
4316,2022-08-02,咖喱土豆球,快餐,20,9,180,其他,下午
4317,2022-08-02,招牌三明治,快餐,60,7,420,在线支付,傍晚
4318,2022-08-02,冰咖啡,饮品,40,10,400,在线支付,傍晚
4319,2022-08-02,法兰基卷,快餐,50,11,550,现金,傍晚
4320,2022-08-02,法兰基卷,快餐,50,10,500,在线支付,晚上
4321,2022-08-02,瓦达汉堡,快餐,20,13,260,现金,早晨
4322,2022-08-02,瓦达汉堡,快餐,20,14,280,在线支付,早晨
4323,2022-08-02,法兰基卷,快餐,50,4,200,现金,下午
4324,2022-08-02,招牌三明治,快餐,60,3,180,现金,早晨
4325,2022-08-02,法兰基卷,快餐,50,4,200,现金,午夜
4326,2022-08-02,法兰基卷,快餐,50,7,350,现金,早晨
4327,2022-08-02,脆球点心,快餐,20,8,160,在线支付,午夜
4328,2022-08-02,法兰基卷,快餐,50,15,750,现金,下午
4329,2022-08-02,脆球点心,快餐,20,1,20,在线支付,傍晚
4330,2022-08-02,招牌三明治,快餐,60,15,900,在线支付,下午
4331,2022-08-02,冰咖啡,饮品,40,10,400,现金,下午
4332,2022-08-02,法兰基卷,快餐,50,6,300,在线支付,下午
4333,2022-08-02,招牌三明治,快餐,60,6,360,在线支付,晚上
4334,2022-08-02,瓦达汉堡,快餐,20,9,180,在线支付,下午
4335,2022-08-02,法兰基卷,快餐,50,10,500,现金,午夜
4336,2022-08-02,新鲜甘蔗汁,饮品,25,7,175,现金,晚上
4337,2022-08-02,瓦达汉堡,快餐,20,13,260,在线支付,早晨
4338,2022-08-02,咖喱土豆球,快餐,20,12,240,现金,早晨
4339,2022-08-02,法兰基卷,快餐,50,14,700,其他,早晨
4340,2022-08-02,招牌三明治,快餐,60,9,540,在线支付,傍晚
4341,2022-08-02,招牌三明治,快餐,60,13,780,现金,午夜
4342,2022-08-02,瓦达汉堡,快餐,20,13,260,现金,傍晚
4343,2022-08-02,法兰基卷,快餐,50,6,300,现金,午夜
4344,2022-08-02,咖喱土豆球,快餐,20,4,80,在线支付,傍晚
4345,2022-08-02,瓦达汉堡,快餐,20,15,300,在线支付,下午
4346,2022-08-02,冰咖啡,饮品,40,5,200,在线支付,傍晚
4347,2022-08-02,招牌三明治,快餐,60,8,480,其他,午夜
4348,2022-08-02,法兰基卷,快餐,50,13,650,其他,早晨
4349,2022-08-02,冰咖啡,饮品,40,4,160,现金,晚上
4350,2022-08-02,脆球点心,快餐,20,10,200,在线支付,午夜
4351,2022-08-02,咖喱土豆球,快餐,20,1,20,在线支付,晚上
4352,2022-08-02,瓦达汉堡,快餐,20,6,120,现金,午夜
4353,2022-08-02,冰咖啡,饮品,40,14,560,在线支付,傍晚
4354,2022-08-02,法兰基卷,快餐,50,7,350,现金,下午
4355,2022-08-02,脆球点心,快餐,20,9,180,其他,午夜
4356,2022-08-02,冰咖啡,饮品,40,11,440,在线支付,晚上
4357,2022-08-02,法兰基卷,快餐,50,5,250,在线支付,早晨
4358,2022-08-02,法兰基卷,快餐,50,9,450,现金,早晨
4359,2022-08-02,招牌三明治,快餐,60,10,600,在线支付,下午
4360,2022-08-02,脆球点心,快餐,20,7,140,现金,傍晚
4361,2022-08-02,脆球点心,快餐,20,9,180,现金,晚上
4362,2022-08-02,新鲜甘蔗汁,饮品,25,1,25,其他,晚上
4363,2022-08-02,瓦达汉堡,快餐,20,3,60,在线支付,早晨
4364,2022-08-02,法兰基卷,快餐,50,7,350,现金,傍晚
4365,2022-08-02,瓦达汉堡,快餐,20,12,240,现金,晚上
4366,2022-08-02,瓦达汉堡,快餐,20,5,100,在线支付,傍晚
4367,2022-08-02,新鲜甘蔗汁,饮品,25,1,25,在线支付,傍晚
4368,2022-08-02,新鲜甘蔗汁,饮品,25,8,200,在线支付,傍晚
4369,2022-08-02,咖喱土豆球,快餐,20,12,240,其他,早晨
4370,2022-08-02,法兰基卷,快餐,50,14,700,在线支付,午夜
4371,2022-08-02,瓦达汉堡,快餐,20,11,220,现金,晚上
4372,2022-08-02,咖喱土豆球,快餐,20,14,280,在线支付,晚上
4373,2022-08-02,瓦达汉堡,快餐,20,12,240,现金,午夜
4374,2022-08-02,法兰基卷,快餐,50,11,550,现金,傍晚
4375,2022-08-02,新鲜甘蔗汁,饮品,25,9,225,现金,傍晚
4376,2022-08-02,瓦达汉堡,快餐,20,15,300,现金,午夜
4377,2022-08-02,法兰基卷,快餐,50,10,500,现金,傍晚
4378,2022-08-02,招牌三明治,快餐,60,9,540,现金,下午
4379,2022-08-02,冰咖啡,饮品,40,15,600,现金,晚上
4380,2022-08-02,咖喱土豆球,快餐,20,6,120,现金,晚上
4381,2022-08-02,新鲜甘蔗汁,饮品,25,6,150,现金,晚上
4382,2022-08-02,招牌三明治,快餐,60,5,300,现金,午夜
4383,2022-08-02,脆球点心,快餐,20,11,220,现金,傍晚
4384,2022-08-02,瓦达汉堡,快餐,20,10,200,其他,午夜
4385,2022-08-02,新鲜甘蔗汁,饮品,25,12,300,现金,傍晚
4386,2022-08-02,咖喱土豆球,快餐,20,11,220,在线支付,晚上
4387,2022-08-02,冰咖啡,饮品,40,7,280,现金,早晨
4388,2022-08-02,冰咖啡,饮品,40,11,440,在线支付,早晨
4389,2022-08-02,脆球点心,快餐,20,5,100,现金,下午
4390,2022-08-02,冰咖啡,饮品,40,8,320,现金,傍晚
4391,2022-08-02,瓦达汉堡,快餐,20,12,240,其他,午夜
4392,2022-08-02,脆球点心,快餐,20,11,220,其他,下午
4393,2022-08-02,冰咖啡,饮品,40,8,320,现金,晚上
4394,2022-08-02,新鲜甘蔗汁,饮品,25,9,225,在线支付,晚上
4395,2022-08-02,脆球点心,快餐,20,12,240,现金,午夜
4396,2022-08-02,脆球点心,快餐,20,2,40,在线支付,早晨
4397,2022-08-02,咖喱土豆球,快餐,20,1,20,现金,早晨
4398,2022-08-02,脆球点心,快餐,20,15,300,在线支付,傍晚
4399,2022-08-02,新鲜甘蔗汁,饮品,25,1,25,在线支付,早晨
4400,2022-08-02,招牌三明治,快餐,60,7,420,其他,傍晚
4401,2022-08-02,咖喱土豆球,快餐,20,1,20,现金,傍晚
4402,2022-08-02,脆球点心,快餐,20,6,120,现金,早晨
4403,2022-08-02,脆球点心,快餐,20,9,180,在线支付,早晨
4404,2022-08-02,瓦达汉堡,快餐,20,14,280,现金,下午
4405,2022-08-02,冰咖啡,饮品,40,10,400,在线支付,早晨
4406,2022-08-02,冰咖啡,饮品,40,11,440,现金,早晨
4407,2022-08-02,脆球点心,快餐,20,2,40,在线支付,早晨
4408,2022-08-02,新鲜甘蔗汁,饮品,25,14,350,现金,午夜
4409,2022-08-02,新鲜甘蔗汁,饮品,25,11,275,现金,早晨
4410,2022-08-02,招牌三明治,快餐,60,2,120,现金,晚上
4411,2022-08-02,冰咖啡,饮品,40,5,200,现金,下午
4412,2022-08-02,新鲜甘蔗汁,饮品,25,2,50,在线支付,午夜
4413,2022-08-02,法兰基卷,快餐,50,13,650,在线支付,晚上
4414,2022-08-02,招牌三明治,快餐,60,13,780,其他,晚上
4415,2022-08-02,瓦达汉堡,快餐,20,8,160,在线支付,早晨
4416,2022-08-02,法兰基卷,快餐,50,1,50,现金,午夜
4417,2022-08-02,法兰基卷,快餐,50,5,250,在线支付,傍晚
4418,2022-08-02,瓦达汉堡,快餐,20,13,260,现金,傍晚
4419,2022-08-02,脆球点心,快餐,20,8,160,现金,傍晚
4420,2022-08-02,脆球点心,快餐,20,1,20,现金,晚上
4421,2022-08-02,脆球点心,快餐,20,5,100,现金,晚上
4422,2022-08-02,法兰基卷,快餐,50,7,350,现金,晚上
4423,2022-08-02,新鲜甘蔗汁,饮品,25,5,125,现金,晚上
4424,2022-08-02,招牌三明治,快餐,60,14,840,在线支付,午夜
4425,2022-08-02,瓦达汉堡,快餐,20,3,60,现金,早晨
4426,2022-08-03,法兰基卷,快餐,50,15,750,现金,傍晚
4427,2022-08-03,冰咖啡,饮品,40,11,440,其他,晚上
4428,2022-08-03,咖喱土豆球,快餐,20,13,260,现金,晚上
4429,2022-08-03,招牌三明治,快餐,60,11,660,现金,晚上
4430,2022-08-03,脆球点心,快餐,20,8,160,现金,下午
4431,2022-08-03,脆球点心,快餐,20,15,300,现金,午夜
4432,2022-08-03,冰咖啡,饮品,40,4,160,其他,晚上
4433,2022-08-03,冰咖啡,饮品,40,5,200,在线支付,早晨
4434,2022-08-03,招牌三明治,快餐,60,1,60,现金,早晨
4435,2022-08-03,法兰基卷,快餐,50,3,150,现金,晚上
4436,2022-08-03,咖喱土豆球,快餐,20,14,280,现金,早晨
4437,2022-08-03,冰咖啡,饮品,40,9,360,现金,早晨
4438,2022-08-03,新鲜甘蔗汁,饮品,25,2,50,现金,早晨
4439,2022-08-03,冰咖啡,饮品,40,1,40,其他,傍晚
4440,2022-08-03,新鲜甘蔗汁,饮品,25,8,200,在线支付,午夜
4441,2022-08-03,冰咖啡,饮品,40,5,200,在线支付,晚上
4442,2022-08-03,咖喱土豆球,快餐,20,9,180,现金,下午
4443,2022-08-03,法兰基卷,快餐,50,13,650,在线支付,午夜
4444,2022-08-03,招牌三明治,快餐,60,14,840,现金,午夜
4445,2022-08-03,招牌三明治,快餐,60,9,540,在线支付,下午
4446,2022-08-03,脆球点心,快餐,20,2,40,在线支付,傍晚
4447,2022-08-03,瓦达汉堡,快餐,20,11,220,在线支付,早晨
4448,2022-08-03,冰咖啡,饮品,40,5,200,其他,早晨
4449,2022-08-03,咖喱土豆球,快餐,20,8,160,现金,晚上
4450,2022-08-03,法兰基卷,快餐,50,7,350,其他,下午
4451,2022-08-03,咖喱土豆球,快餐,20,8,160,在线支付,早晨
4452,2022-08-03,法兰基卷,快餐,50,3,150,现金,晚上
4453,2022-08-03,新鲜甘蔗汁,饮品,25,8,200,现金,晚上
4454,2022-08-03,新鲜甘蔗汁,饮品,25,4,100,在线支付,傍晚
4455,2022-08-03,脆球点心,快餐,20,3,60,现金,晚上
4456,2022-08-03,招牌三明治,快餐,60,9,540,现金,午夜
4457,2022-08-03,瓦达汉堡,快餐,20,6,120,现金,早晨
4458,2022-08-03,脆球点心,快餐,20,6,120,现金,午夜
4459,2022-08-03,招牌三明治,快餐,60,9,540,现金,下午
4460,2022-08-03,脆球点心,快餐,20,4,80,在线支付,早晨
4461,2022-08-03,咖喱土豆球,快餐,20,4,80,其他,早晨
4462,2022-08-03,冰咖啡,饮品,40,13,520,现金,下午
4463,2022-08-03,新鲜甘蔗汁,饮品,25,10,250,在线支付,下午
4464,2022-08-03,瓦达汉堡,快餐,20,6,120,其他,下午
4465,2022-08-03,新鲜甘蔗汁,饮品,25,5,125,在线支付,晚上
4466,2022-08-03,咖喱土豆球,快餐,20,14,280,现金,晚上
4467,2022-08-03,新鲜甘蔗汁,饮品,25,12,300,其他,下午
4468,2022-08-03,脆球点心,快餐,20,6,120,现金,晚上
4469,2022-08-03,法兰基卷,快餐,50,3,150,现金,晚上
4470,2022-08-03,新鲜甘蔗汁,饮品,25,8,200,其他,傍晚
4471,2022-08-03,冰咖啡,饮品,40,13,520,其他,下午
4472,2022-08-03,招牌三明治,快餐,60,5,300,现金,早晨
4473,2022-08-03,法兰基卷,快餐,50,9,450,现金,早晨
4474,2022-08-03,咖喱土豆球,快餐,20,15,300,现金,下午
4475,2022-08-03,冰咖啡,饮品,40,7,280,其他,午夜
4476,2022-08-03,脆球点心,快餐,20,6,120,在线支付,午夜
4477,2022-08-03,新鲜甘蔗汁,饮品,25,3,75,在线支付,午夜
4478,2022-08-03,新鲜甘蔗汁,饮品,25,12,300,在线支付,傍晚
4479,2022-08-03,招牌三明治,快餐,60,9,540,现金,晚上
4480,2022-08-03,咖喱土豆球,快餐,20,1,20,现金,午夜
4481,2022-08-03,脆球点心,快餐,20,9,180,在线支付,早晨
4482,2022-08-03,咖喱土豆球,快餐,20,1,20,现金,晚上
4483,2022-08-03,瓦达汉堡,快餐,20,3,60,其他,下午
4484,2022-08-03,瓦达汉堡,快餐,20,12,240,现金,傍晚
4485,2022-08-03,招牌三明治,快餐,60,14,840,现金,下午
4486,2022-08-03,冰咖啡,饮品,40,10,400,其他,下午
4487,2022-08-03,冰咖啡,饮品,40,6,240,现金,傍晚
4488,2022-08-03,脆球点心,快餐,20,1,20,现金,晚上
4489,2022-08-03,法兰基卷,快餐,50,15,750,现金,晚上
4490,2022-08-03,冰咖啡,饮品,40,6,240,在线支付,午夜
4491,2022-08-03,冰咖啡,饮品,40,13,520,现金,下午
4492,2022-08-03,招牌三明治,快餐,60,8,480,在线支付,下午
4493,2022-08-03,脆球点心,快餐,20,3,60,在线支付,午夜
4494,2022-08-03,冰咖啡,饮品,40,5,200,现金,午夜
4495,2022-08-03,冰咖啡,饮品,40,8,320,在线支付,傍晚
4496,2022-08-03,法兰基卷,快餐,50,12,600,在线支付,午夜
4497,2022-08-03,法兰基卷,快餐,50,11,550,在线支付,傍晚
4498,2022-08-03,冰咖啡,饮品,40,1,40,在线支付,傍晚
4499,2022-08-03,法兰基卷,快餐,50,10,500,在线支付,午夜
4500,2022-08-03,脆球点心,快餐,20,1,20,在线支付,早晨
4501,2022-08-03,冰咖啡,饮品,40,3,120,其他,傍晚
4502,2022-08-03,咖喱土豆球,快餐,20,9,180,现金,晚上
4503,2022-08-03,新鲜甘蔗汁,饮品,25,14,350,现金,晚上
4504,2022-08-03,新鲜甘蔗汁,饮品,25,6,150,其他,午夜
4505,2022-08-03,瓦达汉堡,快餐,20,13,260,在线支付,傍晚
4506,2022-08-03,新鲜甘蔗汁,饮品,25,2,50,现金,傍晚
4507,2022-08-03,新鲜甘蔗汁,饮品,25,6,150,在线支付,傍晚
4508,2022-08-03,瓦达汉堡,快餐,20,5,100,现金,傍晚
4509,2022-08-03,冰咖啡,饮品,40,7,280,在线支付,傍晚
4510,2022-08-03,瓦达汉堡,快餐,20,8,160,现金,晚上
4511,2022-08-03,冰咖啡,饮品,40,6,240,在线支付,午夜
4512,2022-08-03,脆球点心,快餐,20,15,300,在线支付,午夜
4513,2022-08-03,新鲜甘蔗汁,饮品,25,6,150,现金,傍晚
4514,2022-08-03,咖喱土豆球,快餐,20,8,160,在线支付,下午
4515,2022-08-03,脆球点心,快餐,20,13,260,在线支付,早晨
4516,2022-08-03,冰咖啡,饮品,40,8,320,在线支付,午夜
4517,2022-08-03,新鲜甘蔗汁,饮品,25,11,275,现金,傍晚
4518,2022-08-03,新鲜甘蔗汁,饮品,25,10,250,在线支付,下午
4519,2022-08-03,冰咖啡,饮品,40,5,200,其他,傍晚
4520,2022-08-03,冰咖啡,饮品,40,10,400,在线支付,早晨
4521,2022-08-03,咖喱土豆球,快餐,20,3,60,在线支付,早晨
4522,2022-08-03,法兰基卷,快餐,50,4,200,在线支付,晚上
4523,2022-08-03,咖喱土豆球,快餐,20,9,180,现金,午夜
4524,2022-08-03,冰咖啡,饮品,40,2,80,其他,早晨
4525,2022-08-03,冰咖啡,饮品,40,8,320,在线支付,下午
4526,2022-08-03,冰咖啡,饮品,40,7,280,现金,晚上
4527,2022-08-03,新鲜甘蔗汁,饮品,25,9,225,现金,早晨
4528,2022-08-03,冰咖啡,饮品,40,11,440,现金,傍晚
4529,2022-08-03,新鲜甘蔗汁,饮品,25,4,100,在线支付,午夜
4530,2022-08-03,法兰基卷,快餐,50,6,300,在线支付,下午
4531,2022-08-03,冰咖啡,饮品,40,2,80,现金,下午
4532,2022-08-03,冰咖啡,饮品,40,10,400,在线支付,午夜
4533,2022-08-03,法兰基卷,快餐,50,14,700,现金,下午
4534,2022-08-03,脆球点心,快餐,20,15,300,其他,午夜
4535,2022-08-03,脆球点心,快餐,20,8,160,在线支付,午夜
4536,2022-08-03,新鲜甘蔗汁,饮品,25,7,175,现金,晚上
4537,2022-08-03,冰咖啡,饮品,40,4,160,现金,午夜
4538,2022-08-03,瓦达汉堡,快餐,20,8,160,现金,早晨
4539,2022-08-03,法兰基卷,快餐,50,15,750,在线支付,下午
4540,2022-08-03,咖喱土豆球,快餐,20,6,120,在线支付,早晨
4541,2022-08-03,招牌三明治,快餐,60,11,660,其他,早晨
4542,2022-08-03,冰咖啡,饮品,40,10,400,在线支付,早晨
4543,2022-08-03,脆球点心,快餐,20,9,180,在线支付,午夜
4544,2022-08-03,瓦达汉堡,快餐,20,2,40,现金,午夜
4545,2022-08-03,新鲜甘蔗汁,饮品,25,7,175,在线支付,早晨
4546,2022-08-03,招牌三明治,快餐,60,9,540,在线支付,下午
4547,2022-08-03,瓦达汉堡,快餐,20,2,40,现金,傍晚
4548,2022-08-03,招牌三明治,快餐,60,5,300,在线支付,午夜
4549,2022-08-03,冰咖啡,饮品,40,3,120,现金,傍晚
4550,2022-08-03,脆球点心,快餐,20,6,120,现金,傍晚
4551,2022-08-03,瓦达汉堡,快餐,20,10,200,其他,早晨
4552,2022-08-03,脆球点心,快餐,20,1,20,现金,早晨
4553,2022-08-03,咖喱土豆球,快餐,20,10,200,在线支付,晚上
4554,2022-08-03,法兰基卷,快餐,50,8,400,在线支付,下午
4555,2022-08-03,瓦达汉堡,快餐,20,11,220,在线支付,晚上
4556,2022-08-03,咖喱土豆球,快餐,20,7,140,现金,晚上
4557,2022-08-03,新鲜甘蔗汁,饮品,25,13,325,在线支付,傍晚
4558,2022-08-03,脆球点心,快餐,20,3,60,现金,午夜
4559,2022-08-04,瓦达汉堡,快餐,20,11,220,在线支付,傍晚
4560,2022-08-04,瓦达汉堡,快餐,20,9,180,现金,早晨
4561,2022-08-04,瓦达汉堡,快餐,20,2,40,现金,早晨
4562,2022-08-04,瓦达汉堡,快餐,20,10,200,在线支付,午夜
4563,2022-08-04,咖喱土豆球,快餐,20,1,20,在线支付,晚上
4564,2022-08-04,冰咖啡,饮品,40,1,40,其他,傍晚
4565,2022-08-04,咖喱土豆球,快餐,20,7,140,在线支付,早晨
4566,2022-08-04,冰咖啡,饮品,40,15,600,其他,早晨
4567,2022-08-04,新鲜甘蔗汁,饮品,25,7,175,现金,午夜
4568,2022-08-04,招牌三明治,快餐,60,1,60,其他,早晨
4569,2022-08-04,招牌三明治,快餐,60,8,480,在线支付,午夜
4570,2022-08-04,冰咖啡,饮品,40,7,280,在线支付,早晨
4571,2022-08-04,法兰基卷,快餐,50,6,300,现金,晚上
4572,2022-08-04,招牌三明治,快餐,60,11,660,在线支付,晚上
4573,2022-08-04,脆球点心,快餐,20,7,140,在线支付,早晨
4574,2022-08-04,招牌三明治,快餐,60,8,480,其他,晚上
4575,2022-08-04,脆球点心,快餐,20,14,280,在线支付,傍晚
4576,2022-08-04,招牌三明治,快餐,60,13,780,在线支付,傍晚
4577,2022-08-04,新鲜甘蔗汁,饮品,25,6,150,现金,午夜
4578,2022-08-04,新鲜甘蔗汁,饮品,25,7,175,现金,晚上
4579,2022-08-04,招牌三明治,快餐,60,5,300,现金,晚上
4580,2022-08-04,冰咖啡,饮品,40,12,480,现金,傍晚
4581,2022-08-04,招牌三明治,快餐,60,12,720,在线支付,下午
4582,2022-08-04,新鲜甘蔗汁,饮品,25,14,350,现金,午夜
4583,2022-08-04,新鲜甘蔗汁,饮品,25,7,175,现金,午夜
4584,2022-08-04,招牌三明治,快餐,60,7,420,现金,早晨
4585,2022-08-04,咖喱土豆球,快餐,20,10,200,在线支付,傍晚
4586,2022-08-04,法兰基卷,快餐,50,2,100,其他,早晨
4587,2022-08-04,法兰基卷,快餐,50,7,350,在线支付,午夜
4588,2022-08-04,冰咖啡,饮品,40,8,320,其他,下午
4589,2022-08-04,法兰基卷,快餐,50,5,250,现金,晚上
4590,2022-08-04,招牌三明治,快餐,60,15,900,其他,晚上
4591,2022-08-04,瓦达汉堡,快餐,20,13,260,在线支付,下午
4592,2022-08-04,瓦达汉堡,快餐,20,11,220,现金,下午
4593,2022-08-04,新鲜甘蔗汁,饮品,25,9,225,现金,傍晚
4594,2022-08-04,咖喱土豆球,快餐,20,12,240,其他,午夜
4595,2022-08-04,法兰基卷,快餐,50,8,400,在线支付,午夜
4596,2022-08-04,脆球点心,快餐,20,15,300,现金,下午
4597,2022-08-04,咖喱土豆球,快餐,20,4,80,在线支付,早晨
4598,2022-08-04,招牌三明治,快餐,60,1,60,其他,早晨
4599,2022-08-04,冰咖啡,饮品,40,11,440,现金,早晨
4600,2022-08-04,法兰基卷,快餐,50,10,500,现金,傍晚
4601,2022-08-04,瓦达汉堡,快餐,20,10,200,现金,早晨
4602,2022-08-04,招牌三明治,快餐,60,2,120,现金,晚上
4603,2022-08-04,法兰基卷,快餐,50,8,400,在线支付,早晨
4604,2022-08-04,脆球点心,快餐,20,10,200,其他,午夜
4605,2022-08-04,脆球点心,快餐,20,15,300,现金,早晨
4606,2022-08-04,冰咖啡,饮品,40,14,560,在线支付,傍晚
4607,2022-08-04,瓦达汉堡,快餐,20,3,60,现金,晚上
4608,2022-08-04,招牌三明治,快餐,60,6,360,现金,早晨
4609,2022-08-04,新鲜甘蔗汁,饮品,25,1,25,在线支付,午夜
4610,2022-08-04,法兰基卷,快餐,50,11,550,其他,午夜
4611,2022-08-04,瓦达汉堡,快餐,20,9,180,现金,午夜
4612,2022-08-04,脆球点心,快餐,20,8,160,在线支付,午夜
4613,2022-08-04,冰咖啡,饮品,40,15,600,现金,午夜
4614,2022-08-04,脆球点心,快餐,20,6,120,现金,午夜
4615,2022-08-04,新鲜甘蔗汁,饮品,25,14,350,现金,午夜
4616,2022-08-04,新鲜甘蔗汁,饮品,25,6,150,在线支付,傍晚
4617,2022-08-04,冰咖啡,饮品,40,9,360,现金,晚上
4618,2022-08-04,瓦达汉堡,快餐,20,11,220,现金,午夜
4619,2022-08-04,新鲜甘蔗汁,饮品,25,6,150,现金,下午
4620,2022-08-04,新鲜甘蔗汁,饮品,25,10,250,现金,下午
4621,2022-08-04,脆球点心,快餐,20,13,260,在线支付,午夜
4622,2022-08-04,新鲜甘蔗汁,饮品,25,11,275,其他,下午
4623,2022-08-04,法兰基卷,快餐,50,13,650,其他,早晨
4624,2022-08-04,法兰基卷,快餐,50,8,400,现金,早晨
4625,2022-08-04,新鲜甘蔗汁,饮品,25,6,150,在线支付,傍晚
4626,2022-08-04,咖喱土豆球,快餐,20,4,80,在线支付,下午
4627,2022-08-04,脆球点心,快餐,20,10,200,在线支付,下午
4628,2022-08-04,法兰基卷,快餐,50,12,600,在线支付,傍晚
4629,2022-08-04,脆球点心,快餐,20,2,40,在线支付,下午
4630,2022-08-04,咖喱土豆球,快餐,20,14,280,在线支付,午夜
4631,2022-08-04,新鲜甘蔗汁,饮品,25,10,250,在线支付,晚上
4632,2022-08-04,咖喱土豆球,快餐,20,8,160,现金,傍晚
4633,2022-08-04,冰咖啡,饮品,40,14,560,其他,晚上
4634,2022-08-04,法兰基卷,快餐,50,6,300,现金,傍晚
4635,2022-08-04,瓦达汉堡,快餐,20,11,220,其他,午夜
4636,2022-08-04,咖喱土豆球,快餐,20,7,140,在线支付,下午
4637,2022-08-04,咖喱土豆球,快餐,20,4,80,其他,晚上
4638,2022-08-04,脆球点心,快餐,20,15,300,现金,傍晚
4639,2022-08-04,瓦达汉堡,快餐,20,11,220,现金,下午
4640,2022-08-04,咖喱土豆球,快餐,20,1,20,在线支付,下午
4641,2022-08-04,招牌三明治,快餐,60,9,540,在线支付,下午
4642,2022-08-04,脆球点心,快餐,20,11,220,现金,午夜
4643,2022-08-04,瓦达汉堡,快餐,20,8,160,现金,晚上
4644,2022-08-04,冰咖啡,饮品,40,8,320,其他,午夜
4645,2022-08-04,法兰基卷,快餐,50,11,550,现金,午夜
4646,2022-08-04,冰咖啡,饮品,40,3,120,在线支付,午夜
4647,2022-08-04,法兰基卷,快餐,50,2,100,在线支付,傍晚
4648,2022-08-04,咖喱土豆球,快餐,20,1,20,其他,傍晚
4649,2022-08-04,新鲜甘蔗汁,饮品,25,6,150,其他,早晨
4650,2022-08-04,冰咖啡,饮品,40,12,480,现金,午夜
4651,2022-08-04,冰咖啡,饮品,40,12,480,其他,傍晚
4652,2022-08-04,法兰基卷,快餐,50,9,450,现金,午夜
4653,2022-08-04,招牌三明治,快餐,60,3,180,在线支付,傍晚
4654,2022-08-04,招牌三明治,快餐,60,11,660,现金,傍晚
4655,2022-08-04,法兰基卷,快餐,50,8,400,现金,晚上
4656,2022-08-04,咖喱土豆球,快餐,20,3,60,现金,晚上
4657,2022-08-04,法兰基卷,快餐,50,12,600,在线支付,晚上
4658,2022-08-04,冰咖啡,饮品,40,7,280,现金,午夜
4659,2022-08-04,瓦达汉堡,快餐,20,6,120,现金,下午
4660,2022-08-04,新鲜甘蔗汁,饮品,25,8,200,在线支付,晚上
4661,2022-08-04,瓦达汉堡,快餐,20,12,240,现金,晚上
4662,2022-08-04,咖喱土豆球,快餐,20,2,40,现金,午夜
4663,2022-08-04,冰咖啡,饮品,40,7,280,在线支付,下午
4664,2022-08-04,咖喱土豆球,快餐,20,13,260,现金,早晨
4665,2022-08-04,冰咖啡,饮品,40,6,240,现金,晚上
4666,2022-08-04,新鲜甘蔗汁,饮品,25,6,150,现金,早晨
4667,2022-08-04,法兰基卷,快餐,50,7,350,现金,傍晚
4668,2022-08-04,招牌三明治,快餐,60,3,180,现金,晚上
4669,2022-08-04,招牌三明治,快餐,60,9,540,在线支付,早晨
4670,2022-08-04,招牌三明治,快餐,60,13,780,现金,傍晚
4671,2022-08-04,冰咖啡,饮品,40,6,240,其他,下午
4672,2022-08-04,法兰基卷,快餐,50,5,250,在线支付,傍晚
4673,2022-08-04,咖喱土豆球,快餐,20,9,180,在线支付,晚上
4674,2022-08-04,瓦达汉堡,快餐,20,1,20,现金,早晨
4675,2022-08-04,冰咖啡,饮品,40,12,480,其他,午夜
4676,2022-08-04,招牌三明治,快餐,60,10,600,现金,早晨
4677,2022-08-04,咖喱土豆球,快餐,20,9,180,现金,午夜
4678,2022-08-04,脆球点心,快餐,20,3,60,其他,午夜
4679,2022-08-04,法兰基卷,快餐,50,14,700,在线支付,傍晚
4680,2022-08-04,新鲜甘蔗汁,饮品,25,7,175,现金,早晨
4681,2022-08-04,招牌三明治,快餐,60,9,540,现金,早晨
4682,2022-08-04,瓦达汉堡,快餐,20,12,240,在线支付,下午
4683,2022-08-04,冰咖啡,饮品,40,4,160,在线支付,早晨
4684,2022-08-04,脆球点心,快餐,20,12,240,在线支付,下午
4685,2022-08-04,新鲜甘蔗汁,饮品,25,12,300,现金,下午
4686,2022-08-04,新鲜甘蔗汁,饮品,25,2,50,现金,晚上
4687,2022-08-04,瓦达汉堡,快餐,20,11,220,在线支付,晚上
4688,2022-08-04,法兰基卷,快餐,50,11,550,在线支付,早晨
4689,2022-08-04,招牌三明治,快餐,60,1,60,在线支付,下午
4690,2022-08-04,冰咖啡,饮品,40,4,160,现金,早晨
4691,2022-08-04,招牌三明治,快餐,60,4,240,在线支付,午夜
4692,2022-08-04,冰咖啡,饮品,40,6,240,现金,早晨
4693,2022-08-04,脆球点心,快餐,20,8,160,在线支付,下午
4694,2022-08-04,冰咖啡,饮品,40,11,440,其他,晚上
4695,2022-08-04,冰咖啡,饮品,40,10,400,在线支付,午夜
4696,2022-08-05,新鲜甘蔗汁,饮品,25,8,200,现金,傍晚
4697,2022-08-05,冰咖啡,饮品,40,14,560,现金,下午
4698,2022-08-05,冰咖啡,饮品,40,8,320,在线支付,晚上
4699,2022-08-05,咖喱土豆球,快餐,20,6,120,在线支付,午夜
4700,2022-08-05,脆球点心,快餐,20,5,100,现金,下午
4701,2022-08-05,招牌三明治,快餐,60,9,540,现金,午夜
4702,2022-08-05,新鲜甘蔗汁,饮品,25,12,300,现金,傍晚
4703,2022-08-05,脆球点心,快餐,20,11,220,在线支付,早晨
4704,2022-08-05,咖喱土豆球,快餐,20,6,120,在线支付,下午
4705,2022-08-05,脆球点心,快餐,20,10,200,在线支付,下午
4706,2022-08-05,法兰基卷,快餐,50,5,250,在线支付,晚上
4707,2022-08-05,法兰基卷,快餐,50,10,500,在线支付,早晨
4708,2022-08-05,冰咖啡,饮品,40,5,200,现金,晚上
4709,2022-08-05,脆球点心,快餐,20,11,220,在线支付,下午
4710,2022-08-05,招牌三明治,快餐,60,2,120,在线支付,下午
4711,2022-08-05,招牌三明治,快餐,60,7,420,在线支付,午夜
4712,2022-08-05,瓦达汉堡,快餐,20,6,120,在线支付,早晨
4713,2022-08-05,冰咖啡,饮品,40,8,320,在线支付,早晨
4714,2022-08-05,新鲜甘蔗汁,饮品,25,1,25,在线支付,下午
4715,2022-08-05,法兰基卷,快餐,50,11,550,现金,午夜
4716,2022-08-05,新鲜甘蔗汁,饮品,25,1,25,其他,晚上
4717,2022-08-05,脆球点心,快餐,20,11,220,在线支付,晚上
4718,2022-08-05,新鲜甘蔗汁,饮品,25,7,175,在线支付,午夜
4719,2022-08-05,脆球点心,快餐,20,7,140,现金,傍晚
4720,2022-08-05,法兰基卷,快餐,50,9,450,在线支付,傍晚
4721,2022-08-05,招牌三明治,快餐,60,10,600,现金,晚上
4722,2022-08-05,脆球点心,快餐,20,4,80,在线支付,傍晚
4723,2022-08-05,咖喱土豆球,快餐,20,7,140,现金,午夜
4724,2022-08-05,冰咖啡,饮品,40,8,320,现金,午夜
4725,2022-08-05,脆球点心,快餐,20,5,100,在线支付,傍晚
4726,2022-08-05,法兰基卷,快餐,50,6,300,在线支付,午夜
4727,2022-08-05,新鲜甘蔗汁,饮品,25,3,75,现金,晚上
4728,2022-08-05,瓦达汉堡,快餐,20,3,60,在线支付,早晨
4729,2022-08-05,法兰基卷,快餐,50,4,200,在线支付,午夜
4730,2022-08-05,脆球点心,快餐,20,5,100,在线支付,傍晚
4731,2022-08-05,法兰基卷,快餐,50,4,200,现金,早晨
4732,2022-08-05,法兰基卷,快餐,50,10,500,在线支付,下午
4733,2022-08-05,招牌三明治,快餐,60,10,600,现金,午夜
4734,2022-08-05,冰咖啡,饮品,40,5,200,在线支付,早晨
4735,2022-08-05,招牌三明治,快餐,60,9,540,现金,早晨
4736,2022-08-05,脆球点心,快餐,20,1,20,在线支付,傍晚
4737,2022-08-05,咖喱土豆球,快餐,20,9,180,在线支付,晚上
4738,2022-08-05,脆球点心,快餐,20,7,140,在线支付,晚上
4739,2022-08-05,瓦达汉堡,快餐,20,8,160,现金,早晨
4740,2022-08-05,新鲜甘蔗汁,饮品,25,12,300,现金,早晨
4741,2022-08-05,新鲜甘蔗汁,饮品,25,15,375,在线支付,早晨
4742,2022-08-05,法兰基卷,快餐,50,11,550,现金,晚上
4743,2022-08-05,咖喱土豆球,快餐,20,11,220,现金,午夜
4744,2022-08-05,冰咖啡,饮品,40,6,240,在线支付,下午
4745,2022-08-05,瓦达汉堡,快餐,20,6,120,现金,晚上
4746,2022-08-05,脆球点心,快餐,20,10,200,现金,下午
4747,2022-08-05,瓦达汉堡,快餐,20,15,300,在线支付,下午
4748,2022-08-05,冰咖啡,饮品,40,11,440,其他,晚上
4749,2022-08-05,法兰基卷,快餐,50,12,600,在线支付,下午
4750,2022-08-05,冰咖啡,饮品,40,1,40,现金,早晨
4751,2022-08-05,冰咖啡,饮品,40,13,520,现金,早晨
4752,2022-08-05,咖喱土豆球,快餐,20,2,40,在线支付,早晨
4753,2022-08-05,瓦达汉堡,快餐,20,2,40,现金,午夜
4754,2022-08-05,咖喱土豆球,快餐,20,15,300,现金,傍晚
4755,2022-08-05,招牌三明治,快餐,60,1,60,现金,傍晚
4756,2022-08-05,瓦达汉堡,快餐,20,1,20,在线支付,晚上
4757,2022-08-05,招牌三明治,快餐,60,15,900,在线支付,傍晚
4758,2022-08-05,咖喱土豆球,快餐,20,2,40,现金,下午
4759,2022-08-05,脆球点心,快餐,20,7,140,其他,下午
4760,2022-08-05,瓦达汉堡,快餐,20,15,300,现金,傍晚
4761,2022-08-05,冰咖啡,饮品,40,5,200,在线支付,早晨
4762,2022-08-05,冰咖啡,饮品,40,4,160,现金,早晨
4763,2022-08-05,冰咖啡,饮品,40,1,40,现金,午夜
4764,2022-08-05,招牌三明治,快餐,60,9,540,其他,早晨
4765,2022-08-05,瓦达汉堡,快餐,20,6,120,现金,下午
4766,2022-08-05,瓦达汉堡,快餐,20,15,300,在线支付,傍晚
4767,2022-08-05,招牌三明治,快餐,60,10,600,现金,下午
4768,2022-08-05,瓦达汉堡,快餐,20,11,220,现金,晚上
4769,2022-08-05,咖喱土豆球,快餐,20,6,120,在线支付,傍晚
4770,2022-08-05,脆球点心,快餐,20,12,240,在线支付,午夜
4771,2022-08-05,脆球点心,快餐,20,11,220,在线支付,傍晚
4772,2022-08-05,法兰基卷,快餐,50,6,300,在线支付,早晨
4773,2022-08-05,脆球点心,快餐,20,11,220,现金,早晨
4774,2022-08-05,招牌三明治,快餐,60,5,300,现金,晚上
4775,2022-08-05,冰咖啡,饮品,40,14,560,在线支付,午夜
4776,2022-08-05,招牌三明治,快餐,60,4,240,在线支付,晚上
4777,2022-08-05,脆球点心,快餐,20,11,220,现金,傍晚
4778,2022-08-05,新鲜甘蔗汁,饮品,25,7,175,在线支付,午夜
4779,2022-08-05,新鲜甘蔗汁,饮品,25,3,75,其他,傍晚
4780,2022-08-05,新鲜甘蔗汁,饮品,25,6,150,其他,午夜
4781,2022-08-05,咖喱土豆球,快餐,20,7,140,在线支付,下午
4782,2022-08-05,新鲜甘蔗汁,饮品,25,12,300,其他,傍晚
4783,2022-08-05,冰咖啡,饮品,40,15,600,现金,晚上
4784,2022-08-05,新鲜甘蔗汁,饮品,25,10,250,现金,早晨
4785,2022-08-05,瓦达汉堡,快餐,20,15,300,其他,早晨
4786,2022-08-05,瓦达汉堡,快餐,20,8,160,现金,下午
4787,2022-08-05,招牌三明治,快餐,60,7,420,在线支付,晚上
4788,2022-08-05,法兰基卷,快餐,50,1,50,现金,午夜
4789,2022-08-05,法兰基卷,快餐,50,14,700,在线支付,午夜
4790,2022-08-05,招牌三明治,快餐,60,11,660,其他,晚上
4791,2022-08-05,法兰基卷,快餐,50,9,450,现金,下午
4792,2022-08-05,法兰基卷,快餐,50,1,50,在线支付,傍晚
4793,2022-08-05,冰咖啡,饮品,40,6,240,现金,晚上
4794,2022-08-05,法兰基卷,快餐,50,4,200,现金,午夜
4795,2022-08-05,招牌三明治,快餐,60,8,480,其他,傍晚
4796,2022-08-05,招牌三明治,快餐,60,3,180,现金,下午
4797,2022-08-05,咖喱土豆球,快餐,20,1,20,在线支付,早晨
4798,2022-08-05,咖喱土豆球,快餐,20,9,180,现金,午夜
4799,2022-08-05,瓦达汉堡,快餐,20,14,280,在线支付,晚上
4800,2022-08-05,冰咖啡,饮品,40,7,280,现金,下午
4801,2022-08-05,瓦达汉堡,快餐,20,7,140,现金,下午
4802,2022-08-05,瓦达汉堡,快餐,20,3,60,现金,午夜
4803,2022-08-05,法兰基卷,快餐,50,6,300,在线支付,傍晚
4804,2022-08-05,冰咖啡,饮品,40,8,320,现金,午夜
4805,2022-08-05,法兰基卷,快餐,50,10,500,现金,傍晚
4806,2022-08-05,脆球点心,快餐,20,10,200,在线支付,傍晚
4807,2022-08-05,脆球点心,快餐,20,9,180,在线支付,午夜
4808,2022-08-05,瓦达汉堡,快餐,20,7,140,在线支付,下午
4809,2022-08-05,法兰基卷,快餐,50,7,350,在线支付,下午
4810,2022-08-05,脆球点心,快餐,20,8,160,现金,傍晚
4811,2022-08-05,咖喱土豆球,快餐,20,5,100,在线支付,早晨
4812,2022-08-05,脆球点心,快餐,20,9,180,在线支付,晚上
4813,2022-08-05,冰咖啡,饮品,40,13,520,现金,午夜
4814,2022-08-05,新鲜甘蔗汁,饮品,25,6,150,在线支付,早晨
4815,2022-08-05,咖喱土豆球,快餐,20,1,20,在线支付,下午
4816,2022-08-05,冰咖啡,饮品,40,15,600,其他,傍晚
4817,2022-08-05,瓦达汉堡,快餐,20,5,100,现金,晚上
4818,2022-08-05,招牌三明治,快餐,60,2,120,在线支付,午夜
4819,2022-08-05,脆球点心,快餐,20,12,240,现金,下午
4820,2022-08-05,法兰基卷,快餐,50,2,100,在线支付,早晨
4821,2022-08-05,新鲜甘蔗汁,饮品,25,14,350,现金,下午
4822,2022-08-05,招牌三明治,快餐,60,5,300,现金,晚上
4823,2022-08-05,咖喱土豆球,快餐,20,15,300,其他,早晨
4824,2022-08-05,新鲜甘蔗汁,饮品,25,8,200,在线支付,下午
4825,2022-08-05,脆球点心,快餐,20,12,240,现金,早晨
4826,2022-08-05,法兰基卷,快餐,50,15,750,在线支付,晚上
4827,2022-08-05,新鲜甘蔗汁,饮品,25,5,125,在线支付,晚上
4828,2022-08-05,脆球点心,快餐,20,8,160,在线支付,午夜
4829,2022-08-05,咖喱土豆球,快餐,20,7,140,现金,下午
4830,2022-08-05,法兰基卷,快餐,50,3,150,在线支付,晚上
4831,2022-08-06,瓦达汉堡,快餐,20,12,240,其他,傍晚
4832,2022-08-06,招牌三明治,快餐,60,10,600,在线支付,午夜
4833,2022-08-06,冰咖啡,饮品,40,13,520,在线支付,早晨
4834,2022-08-06,脆球点心,快餐,20,1,20,现金,晚上
4835,2022-08-06,新鲜甘蔗汁,饮品,25,5,125,其他,傍晚
4836,2022-08-06,瓦达汉堡,快餐,20,7,140,现金,下午
4837,2022-08-06,新鲜甘蔗汁,饮品,25,9,225,在线支付,晚上
4838,2022-08-06,招牌三明治,快餐,60,3,180,在线支付,晚上
4839,2022-08-06,冰咖啡,饮品,40,10,400,现金,早晨
4840,2022-08-06,咖喱土豆球,快餐,20,11,220,现金,早晨
4841,2022-08-06,新鲜甘蔗汁,饮品,25,8,200,现金,晚上
4842,2022-08-06,冰咖啡,饮品,40,2,80,现金,早晨
4843,2022-08-06,法兰基卷,快餐,50,5,250,在线支付,早晨
4844,2022-08-06,瓦达汉堡,快餐,20,15,300,其他,早晨
4845,2022-08-06,冰咖啡,饮品,40,9,360,现金,傍晚
4846,2022-08-06,法兰基卷,快餐,50,14,700,在线支付,傍晚
4847,2022-08-06,招牌三明治,快餐,60,12,720,在线支付,下午
4848,2022-08-06,冰咖啡,饮品,40,8,320,现金,早晨
4849,2022-08-06,招牌三明治,快餐,60,13,780,现金,晚上
4850,2022-08-06,脆球点心,快餐,20,9,180,其他,晚上
4851,2022-08-06,咖喱土豆球,快餐,20,5,100,现金,早晨
4852,2022-08-06,招牌三明治,快餐,60,5,300,其他,午夜
4853,2022-08-06,招牌三明治,快餐,60,5,300,在线支付,午夜
4854,2022-08-06,冰咖啡,饮品,40,6,240,在线支付,下午
4855,2022-08-06,咖喱土豆球,快餐,20,1,20,其他,晚上
4856,2022-08-06,新鲜甘蔗汁,饮品,25,15,375,现金,晚上
4857,2022-08-06,法兰基卷,快餐,50,7,350,其他,下午
4858,2022-08-06,法兰基卷,快餐,50,4,200,在线支付,午夜
4859,2022-08-06,招牌三明治,快餐,60,3,180,在线支付,午夜
4860,2022-08-06,法兰基卷,快餐,50,9,450,现金,傍晚
4861,2022-08-06,法兰基卷,快餐,50,4,200,现金,下午
4862,2022-08-06,新鲜甘蔗汁,饮品,25,8,200,在线支付,傍晚
4863,2022-08-06,新鲜甘蔗汁,饮品,25,5,125,其他,午夜
4864,2022-08-06,瓦达汉堡,快餐,20,15,300,现金,晚上
4865,2022-08-06,法兰基卷,快餐,50,11,550,在线支付,下午
4866,2022-08-06,瓦达汉堡,快餐,20,4,80,在线支付,下午
4867,2022-08-06,新鲜甘蔗汁,饮品,25,4,100,在线支付,下午
4868,2022-08-06,法兰基卷,快餐,50,10,500,在线支付,下午
4869,2022-08-06,冰咖啡,饮品,40,2,80,现金,傍晚
4870,2022-08-06,新鲜甘蔗汁,饮品,25,10,250,在线支付,下午
4871,2022-08-06,新鲜甘蔗汁,饮品,25,13,325,在线支付,下午
4872,2022-08-06,新鲜甘蔗汁,饮品,25,10,250,现金,下午
4873,2022-08-06,冰咖啡,饮品,40,6,240,在线支付,晚上
4874,2022-08-06,招牌三明治,快餐,60,11,660,在线支付,午夜
4875,2022-08-06,瓦达汉堡,快餐,20,13,260,现金,早晨
4876,2022-08-06,脆球点心,快餐,20,15,300,在线支付,午夜
4877,2022-08-06,冰咖啡,饮品,40,3,120,其他,下午
4878,2022-08-06,法兰基卷,快餐,50,4,200,现金,傍晚
4879,2022-08-06,瓦达汉堡,快餐,20,10,200,现金,早晨
4880,2022-08-06,咖喱土豆球,快餐,20,1,20,现金,晚上
4881,2022-08-06,瓦达汉堡,快餐,20,5,100,在线支付,下午
4882,2022-08-06,瓦达汉堡,快餐,20,12,240,现金,傍晚
4883,2022-08-06,法兰基卷,快餐,50,11,550,现金,午夜
4884,2022-08-06,瓦达汉堡,快餐,20,8,160,现金,晚上
4885,2022-08-06,瓦达汉堡,快餐,20,9,180,现金,傍晚
4886,2022-08-06,咖喱土豆球,快餐,20,6,120,在线支付,傍晚
4887,2022-08-06,法兰基卷,快餐,50,8,400,在线支付,晚上
4888,2022-08-06,新鲜甘蔗汁,饮品,25,6,150,现金,下午
4889,2022-08-06,咖喱土豆球,快餐,20,3,60,现金,傍晚
4890,2022-08-06,冰咖啡,饮品,40,13,520,在线支付,晚上
4891,2022-08-06,冰咖啡,饮品,40,7,280,现金,早晨
4892,2022-08-06,脆球点心,快餐,20,10,200,在线支付,傍晚
4893,2022-08-06,咖喱土豆球,快餐,20,2,40,现金,下午
4894,2022-08-06,瓦达汉堡,快餐,20,9,180,现金,下午
4895,2022-08-06,新鲜甘蔗汁,饮品,25,14,350,现金,午夜
4896,2022-08-06,冰咖啡,饮品,40,12,480,在线支付,下午
4897,2022-08-06,冰咖啡,饮品,40,10,400,在线支付,晚上
4898,2022-08-06,冰咖啡,饮品,40,9,360,在线支付,晚上
4899,2022-08-06,脆球点心,快餐,20,14,280,其他,傍晚
4900,2022-08-06,瓦达汉堡,快餐,20,7,140,现金,午夜
4901,2022-08-06,脆球点心,快餐,20,5,100,其他,午夜
4902,2022-08-06,法兰基卷,快餐,50,1,50,其他,下午
4903,2022-08-06,冰咖啡,饮品,40,15,600,在线支付,傍晚
4904,2022-08-06,脆球点心,快餐,20,13,260,在线支付,早晨
4905,2022-08-06,招牌三明治,快餐,60,12,720,现金,晚上
4906,2022-08-06,脆球点心,快餐,20,4,80,现金,傍晚
4907,2022-08-06,瓦达汉堡,快餐,20,15,300,现金,晚上
4908,2022-08-06,法兰基卷,快餐,50,6,300,现金,下午
4909,2022-08-06,冰咖啡,饮品,40,9,360,现金,傍晚
4910,2022-08-06,新鲜甘蔗汁,饮品,25,9,225,其他,午夜
4911,2022-08-06,瓦达汉堡,快餐,20,6,120,现金,下午
4912,2022-08-06,咖喱土豆球,快餐,20,1,20,其他,傍晚
4913,2022-08-06,招牌三明治,快餐,60,8,480,现金,晚上
4914,2022-08-06,新鲜甘蔗汁,饮品,25,15,375,现金,早晨
4915,2022-08-06,法兰基卷,快餐,50,6,300,现金,午夜
4916,2022-08-06,脆球点心,快餐,20,7,140,现金,早晨
4917,2022-08-06,脆球点心,快餐,20,6,120,在线支付,下午
4918,2022-08-06,冰咖啡,饮品,40,2,80,在线支付,午夜
4919,2022-08-06,脆球点心,快餐,20,11,220,现金,早晨
4920,2022-08-06,脆球点心,快餐,20,6,120,在线支付,傍晚
4921,2022-08-06,冰咖啡,饮品,40,9,360,现金,午夜
4922,2022-08-06,瓦达汉堡,快餐,20,13,260,现金,下午
4923,2022-08-06,瓦达汉堡,快餐,20,15,300,现金,下午
4924,2022-08-06,招牌三明治,快餐,60,15,900,在线支付,午夜
4925,2022-08-06,新鲜甘蔗汁,饮品,25,8,200,现金,下午
4926,2022-08-06,新鲜甘蔗汁,饮品,25,4,100,现金,晚上
4927,2022-08-06,新鲜甘蔗汁,饮品,25,15,375,在线支付,早晨
4928,2022-08-06,法兰基卷,快餐,50,4,200,在线支付,傍晚
4929,2022-08-06,脆球点心,快餐,20,7,140,其他,下午
4930,2022-08-06,新鲜甘蔗汁,饮品,25,5,125,在线支付,早晨
4931,2022-08-06,招牌三明治,快餐,60,5,300,现金,下午
4932,2022-08-06,瓦达汉堡,快餐,20,8,160,在线支付,晚上
4933,2022-08-06,冰咖啡,饮品,40,6,240,现金,下午
4934,2022-08-06,法兰基卷,快餐,50,14,700,现金,傍晚
4935,2022-08-06,法兰基卷,快餐,50,13,650,现金,下午
4936,2022-08-06,脆球点心,快餐,20,2,40,现金,晚上
4937,2022-08-06,瓦达汉堡,快餐,20,8,160,现金,下午
4938,2022-08-06,冰咖啡,饮品,40,8,320,其他,晚上
4939,2022-08-06,咖喱土豆球,快餐,20,8,160,现金,早晨
4940,2022-08-06,脆球点心,快餐,20,7,140,现金,早晨
4941,2022-08-06,脆球点心,快餐,20,13,260,现金,下午
4942,2022-08-06,脆球点心,快餐,20,15,300,现金,下午
4943,2022-08-06,脆球点心,快餐,20,7,140,在线支付,早晨
4944,2022-08-06,脆球点心,快餐,20,5,100,其他,下午
4945,2022-08-06,新鲜甘蔗汁,饮品,25,15,375,现金,午夜
4946,2022-08-06,咖喱土豆球,快餐,20,8,160,其他,早晨
4947,2022-08-06,新鲜甘蔗汁,饮品,25,9,225,在线支付,晚上
4948,2022-08-06,招牌三明治,快餐,60,4,240,现金,下午
4949,2022-08-06,咖喱土豆球,快餐,20,7,140,现金,午夜
4950,2022-08-06,脆球点心,快餐,20,2,40,在线支付,早晨
4951,2022-08-06,脆球点心,快餐,20,6,120,在线支付,午夜
4952,2022-08-06,冰咖啡,饮品,40,8,320,在线支付,晚上
4953,2022-08-06,咖喱土豆球,快餐,20,9,180,在线支付,早晨
4954,2022-08-06,脆球点心,快餐,20,8,160,现金,晚上
4955,2022-08-06,招牌三明治,快餐,60,12,720,现金,下午
4956,2022-08-06,法兰基卷,快餐,50,5,250,在线支付,午夜
4957,2022-08-06,法兰基卷,快餐,50,15,750,现金,下午
4958,2022-08-06,招牌三明治,快餐,60,3,180,在线支付,晚上
4959,2022-08-06,新鲜甘蔗汁,饮品,25,10,250,在线支付,午夜
4960,2022-08-06,冰咖啡,饮品,40,4,160,在线支付,晚上
4961,2022-08-06,瓦达汉堡,快餐,20,5,100,现金,傍晚
4962,2022-08-06,法兰基卷,快餐,50,10,500,在线支付,傍晚
4963,2022-08-06,咖喱土豆球,快餐,20,1,20,现金,晚上
4964,2022-08-06,瓦达汉堡,快餐,20,3,60,在线支付,下午
4965,2022-08-06,咖喱土豆球,快餐,20,13,260,现金,下午
4966,2022-08-06,冰咖啡,饮品,40,12,480,现金,傍晚
4967,2022-08-07,脆球点心,快餐,20,7,140,在线支付,傍晚
4968,2022-08-07,招牌三明治,快餐,60,6,360,现金,傍晚
4969,2022-08-07,招牌三明治,快餐,60,4,240,在线支付,下午
4970,2022-08-07,法兰基卷,快餐,50,9,450,现金,晚上
4971,2022-08-07,冰咖啡,饮品,40,5,200,现金,傍晚
4972,2022-08-07,脆球点心,快餐,20,12,240,现金,早晨
4973,2022-08-07,咖喱土豆球,快餐,20,5,100,现金,下午
4974,2022-08-07,招牌三明治,快餐,60,15,900,在线支付,午夜
4975,2022-08-07,招牌三明治,快餐,60,13,780,现金,早晨
4976,2022-08-07,瓦达汉堡,快餐,20,8,160,现金,傍晚
4977,2022-08-07,脆球点心,快餐,20,11,220,现金,早晨
4978,2022-08-07,脆球点心,快餐,20,8,160,在线支付,下午
4979,2022-08-07,咖喱土豆球,快餐,20,7,140,在线支付,午夜
4980,2022-08-07,脆球点心,快餐,20,3,60,在线支付,早晨
4981,2022-08-07,咖喱土豆球,快餐,20,12,240,现金,早晨
4982,2022-08-07,法兰基卷,快餐,50,12,600,其他,晚上
4983,2022-08-07,新鲜甘蔗汁,饮品,25,8,200,在线支付,下午
4984,2022-08-07,冰咖啡,饮品,40,3,120,现金,早晨
4985,2022-08-07,冰咖啡,饮品,40,9,360,在线支付,晚上
4986,2022-08-07,新鲜甘蔗汁,饮品,25,12,300,现金,午夜
4987,2022-08-07,新鲜甘蔗汁,饮品,25,1,25,现金,傍晚
4988,2022-08-07,招牌三明治,快餐,60,7,420,现金,早晨
4989,2022-08-07,咖喱土豆球,快餐,20,12,240,其他,傍晚
4990,2022-08-07,脆球点心,快餐,20,6,120,在线支付,晚上
4991,2022-08-07,瓦达汉堡,快餐,20,9,180,在线支付,午夜
4992,2022-08-07,冰咖啡,饮品,40,11,440,现金,下午
4993,2022-08-07,瓦达汉堡,快餐,20,12,240,现金,下午
4994,2022-08-07,招牌三明治,快餐,60,2,120,在线支付,午夜
4995,2022-08-07,咖喱土豆球,快餐,20,15,300,现金,晚上
4996,2022-08-07,法兰基卷,快餐,50,12,600,现金,傍晚
4997,2022-08-07,法兰基卷,快餐,50,10,500,其他,傍晚
4998,2022-08-07,咖喱土豆球,快餐,20,4,80,在线支付,傍晚
4999,2022-08-07,新鲜甘蔗汁,饮品,25,7,175,在线支付,午夜
5000,2022-08-07,招牌三明治,快餐,60,6,360,在线支付,傍晚
5001,2022-08-07,咖喱土豆球,快餐,20,8,160,现金,晚上
5002,2022-08-07,冰咖啡,饮品,40,15,600,现金,午夜
5003,2022-08-07,招牌三明治,快餐,60,4,240,现金,早晨
5004,2022-08-07,脆球点心,快餐,20,8,160,在线支付,下午
5005,2022-08-07,招牌三明治,快餐,60,10,600,在线支付,早晨
5006,2022-08-07,新鲜甘蔗汁,饮品,25,15,375,在线支付,午夜
5007,2022-08-07,瓦达汉堡,快餐,20,14,280,在线支付,午夜
5008,2022-08-07,脆球点心,快餐,20,13,260,在线支付,下午
5009,2022-08-07,冰咖啡,饮品,40,7,280,在线支付,傍晚
5010,2022-08-07,咖喱土豆球,快餐,20,1,20,在线支付,早晨
5011,2022-08-07,瓦达汉堡,快餐,20,4,80,现金,下午
5012,2022-08-07,招牌三明治,快餐,60,3,180,现金,午夜
5013,2022-08-07,脆球点心,快餐,20,12,240,在线支付,傍晚
5014,2022-08-07,冰咖啡,饮品,40,4,160,现金,早晨
5015,2022-08-07,咖喱土豆球,快餐,20,8,160,现金,晚上
5016,2022-08-07,咖喱土豆球,快餐,20,4,80,在线支付,午夜
5017,2022-08-07,瓦达汉堡,快餐,20,9,180,在线支付,下午
5018,2022-08-07,新鲜甘蔗汁,饮品,25,5,125,在线支付,下午
5019,2022-08-07,新鲜甘蔗汁,饮品,25,12,300,在线支付,下午
5020,2022-08-07,招牌三明治,快餐,60,7,420,现金,傍晚
5021,2022-08-07,瓦达汉堡,快餐,20,4,80,在线支付,下午
5022,2022-08-07,冰咖啡,饮品,40,8,320,在线支付,早晨
5023,2022-08-07,法兰基卷,快餐,50,2,100,现金,晚上
5024,2022-08-07,冰咖啡,饮品,40,13,520,现金,傍晚
5025,2022-08-07,冰咖啡,饮品,40,11,440,现金,下午
5026,2022-08-07,法兰基卷,快餐,50,1,50,其他,午夜
5027,2022-08-07,瓦达汉堡,快餐,20,12,240,现金,午夜
5028,2022-08-07,咖喱土豆球,快餐,20,15,300,在线支付,晚上
5029,2022-08-07,新鲜甘蔗汁,饮品,25,9,225,现金,晚上
5030,2022-08-07,咖喱土豆球,快餐,20,10,200,在线支付,下午
5031,2022-08-07,脆球点心,快餐,20,1,20,现金,晚上
5032,2022-08-07,新鲜甘蔗汁,饮品,25,11,275,在线支付,傍晚
5033,2022-08-07,冰咖啡,饮品,40,7,280,现金,早晨
5034,2022-08-07,瓦达汉堡,快餐,20,6,120,现金,午夜
5035,2022-08-07,招牌三明治,快餐,60,5,300,现金,下午
5036,2022-08-07,脆球点心,快餐,20,9,180,在线支付,傍晚
5037,2022-08-07,冰咖啡,饮品,40,15,600,在线支付,晚上
5038,2022-08-07,咖喱土豆球,快餐,20,1,20,现金,傍晚
5039,2022-08-07,法兰基卷,快餐,50,2,100,在线支付,傍晚
5040,2022-08-07,咖喱土豆球,快餐,20,3,60,其他,下午
5041,2022-08-07,新鲜甘蔗汁,饮品,25,1,25,在线支付,傍晚
5042,2022-08-07,冰咖啡,饮品,40,3,120,现金,下午
5043,2022-08-07,新鲜甘蔗汁,饮品,25,12,300,在线支付,晚上
5044,2022-08-07,脆球点心,快餐,20,10,200,其他,早晨
5045,2022-08-07,咖喱土豆球,快餐,20,12,240,现金,傍晚
5046,2022-08-07,法兰基卷,快餐,50,10,500,现金,午夜
5047,2022-08-07,咖喱土豆球,快餐,20,8,160,现金,下午
5048,2022-08-07,瓦达汉堡,快餐,20,8,160,现金,早晨
5049,2022-08-07,法兰基卷,快餐,50,1,50,在线支付,下午
5050,2022-08-07,招牌三明治,快餐,60,11,660,现金,午夜
5051,2022-08-07,新鲜甘蔗汁,饮品,25,7,175,现金,晚上
5052,2022-08-07,冰咖啡,饮品,40,15,600,在线支付,下午
5053,2022-08-07,法兰基卷,快餐,50,11,550,现金,傍晚
5054,2022-08-07,脆球点心,快餐,20,7,140,在线支付,午夜
5055,2022-08-07,新鲜甘蔗汁,饮品,25,13,325,其他,傍晚
5056,2022-08-07,咖喱土豆球,快餐,20,6,120,现金,早晨
5057,2022-08-07,脆球点心,快餐,20,6,120,现金,午夜
5058,2022-08-07,法兰基卷,快餐,50,15,750,其他,早晨
5059,2022-08-07,招牌三明治,快餐,60,8,480,现金,晚上
5060,2022-08-07,瓦达汉堡,快餐,20,11,220,现金,午夜
5061,2022-08-07,招牌三明治,快餐,60,10,600,在线支付,晚上
5062,2022-08-07,脆球点心,快餐,20,11,220,现金,早晨
5063,2022-08-07,冰咖啡,饮品,40,8,320,在线支付,傍晚
5064,2022-08-07,法兰基卷,快餐,50,5,250,现金,晚上
5065,2022-08-07,法兰基卷,快餐,50,2,100,在线支付,早晨
5066,2022-08-07,新鲜甘蔗汁,饮品,25,15,375,在线支付,午夜
5067,2022-08-07,咖喱土豆球,快餐,20,12,240,其他,早晨
5068,2022-08-07,法兰基卷,快餐,50,7,350,现金,早晨
5069,2022-08-07,新鲜甘蔗汁,饮品,25,2,50,现金,傍晚
5070,2022-08-07,新鲜甘蔗汁,饮品,25,5,125,现金,晚上
5071,2022-08-07,脆球点心,快餐,20,5,100,现金,晚上
5072,2022-08-07,法兰基卷,快餐,50,5,250,现金,下午
5073,2022-08-07,新鲜甘蔗汁,饮品,25,7,175,在线支付,下午
5074,2022-08-07,瓦达汉堡,快餐,20,6,120,现金,午夜
5075,2022-08-07,招牌三明治,快餐,60,8,480,现金,午夜
5076,2022-08-07,脆球点心,快餐,20,6,120,现金,晚上
5077,2022-08-07,脆球点心,快餐,20,13,260,在线支付,傍晚
5078,2022-08-07,新鲜甘蔗汁,饮品,25,9,225,在线支付,午夜
5079,2022-08-07,瓦达汉堡,快餐,20,6,120,在线支付,早晨
5080,2022-08-07,脆球点心,快餐,20,5,100,在线支付,午夜
5081,2022-08-07,法兰基卷,快餐,50,7,350,在线支付,早晨
5082,2022-08-07,法兰基卷,快餐,50,9,450,现金,早晨
5083,2022-08-07,新鲜甘蔗汁,饮品,25,6,150,在线支付,晚上
5084,2022-08-07,脆球点心,快餐,20,9,180,在线支付,傍晚
5085,2022-08-07,新鲜甘蔗汁,饮品,25,5,125,现金,下午
5086,2022-08-07,瓦达汉堡,快餐,20,7,140,现金,午夜
5087,2022-08-07,新鲜甘蔗汁,饮品,25,12,300,现金,傍晚
5088,2022-08-07,招牌三明治,快餐,60,11,660,现金,下午
5089,2022-08-07,瓦达汉堡,快餐,20,11,220,现金,午夜
5090,2022-08-07,冰咖啡,饮品,40,4,160,现金,午夜
5091,2022-08-07,冰咖啡,饮品,40,9,360,现金,午夜
5092,2022-08-07,咖喱土豆球,快餐,20,11,220,其他,午夜
5093,2022-08-07,咖喱土豆球,快餐,20,1,20,其他,下午
5094,2022-08-07,咖喱土豆球,快餐,20,6,120,现金,午夜
5095,2022-08-07,新鲜甘蔗汁,饮品,25,6,150,在线支付,傍晚
5096,2022-08-07,法兰基卷,快餐,50,2,100,在线支付,下午
5097,2022-08-08,新鲜甘蔗汁,饮品,25,10,250,在线支付,晚上
5098,2022-08-08,新鲜甘蔗汁,饮品,25,1,25,在线支付,早晨
5099,2022-08-08,法兰基卷,快餐,50,10,500,在线支付,晚上
5100,2022-08-08,咖喱土豆球,快餐,20,7,140,现金,晚上
5101,2022-08-08,冰咖啡,饮品,40,12,480,现金,下午
5102,2022-08-08,瓦达汉堡,快餐,20,14,280,其他,傍晚
5103,2022-08-08,瓦达汉堡,快餐,20,12,240,现金,晚上
5104,2022-08-08,法兰基卷,快餐,50,7,350,在线支付,午夜
5105,2022-08-08,新鲜甘蔗汁,饮品,25,7,175,现金,傍晚
5106,2022-08-08,咖喱土豆球,快餐,20,1,20,在线支付,傍晚
5107,2022-08-08,冰咖啡,饮品,40,8,320,现金,下午
5108,2022-08-08,法兰基卷,快餐,50,6,300,其他,午夜
5109,2022-08-08,脆球点心,快餐,20,9,180,现金,早晨
5110,2022-08-08,新鲜甘蔗汁,饮品,25,11,275,现金,下午
5111,2022-08-08,新鲜甘蔗汁,饮品,25,10,250,在线支付,下午
5112,2022-08-08,咖喱土豆球,快餐,20,11,220,现金,晚上
5113,2022-08-08,瓦达汉堡,快餐,20,6,120,现金,下午
5114,2022-08-08,瓦达汉堡,快餐,20,6,120,在线支付,晚上
5115,2022-08-08,脆球点心,快餐,20,14,280,现金,早晨
5116,2022-08-08,脆球点心,快餐,20,6,120,在线支付,晚上
5117,2022-08-08,瓦达汉堡,快餐,20,15,300,在线支付,晚上
5118,2022-08-08,咖喱土豆球,快餐,20,8,160,在线支付,傍晚
5119,2022-08-08,冰咖啡,饮品,40,4,160,在线支付,午夜
5120,2022-08-08,咖喱土豆球,快餐,20,6,120,现金,早晨
5121,2022-08-08,脆球点心,快餐,20,9,180,其他,傍晚
5122,2022-08-08,脆球点心,快餐,20,4,80,其他,早晨
5123,2022-08-08,冰咖啡,饮品,40,9,360,现金,早晨
5124,2022-08-08,招牌三明治,快餐,60,7,420,现金,午夜
5125,2022-08-08,脆球点心,快餐,20,11,220,在线支付,午夜
5126,2022-08-08,新鲜甘蔗汁,饮品,25,7,175,在线支付,晚上
5127,2022-08-08,瓦达汉堡,快餐,20,11,220,在线支付,晚上
5128,2022-08-08,咖喱土豆球,快餐,20,8,160,在线支付,下午
5129,2022-08-08,新鲜甘蔗汁,饮品,25,9,225,其他,午夜
5130,2022-08-08,脆球点心,快餐,20,14,280,现金,下午
5131,2022-08-08,咖喱土豆球,快餐,20,11,220,现金,早晨
5132,2022-08-08,咖喱土豆球,快餐,20,9,180,现金,傍晚
5133,2022-08-08,脆球点心,快餐,20,9,180,现金,下午
5134,2022-08-08,咖喱土豆球,快餐,20,13,260,在线支付,早晨
5135,2022-08-08,瓦达汉堡,快餐,20,4,80,现金,傍晚
5136,2022-08-08,咖喱土豆球,快餐,20,6,120,现金,傍晚
5137,2022-08-08,咖喱土豆球,快餐,20,10,200,现金,下午
5138,2022-08-08,咖喱土豆球,快餐,20,3,60,在线支付,午夜
5139,2022-08-08,咖喱土豆球,快餐,20,8,160,现金,晚上
5140,2022-08-08,咖喱土豆球,快餐,20,11,220,在线支付,午夜
5141,2022-08-08,招牌三明治,快餐,60,11,660,在线支付,傍晚
5142,2022-08-08,新鲜甘蔗汁,饮品,25,12,300,其他,下午
5143,2022-08-08,脆球点心,快餐,20,5,100,现金,午夜
5144,2022-08-08,法兰基卷,快餐,50,5,250,现金,午夜
5145,2022-08-08,瓦达汉堡,快餐,20,15,300,现金,早晨
5146,2022-08-08,冰咖啡,饮品,40,8,320,在线支付,傍晚
5147,2022-08-08,瓦达汉堡,快餐,20,6,120,现金,午夜
5148,2022-08-08,新鲜甘蔗汁,饮品,25,8,200,其他,傍晚
5149,2022-08-08,咖喱土豆球,快餐,20,9,180,在线支付,傍晚
5150,2022-08-08,新鲜甘蔗汁,饮品,25,4,100,在线支付,下午
5151,2022-08-08,脆球点心,快餐,20,3,60,现金,午夜
5152,2022-08-08,咖喱土豆球,快餐,20,6,120,其他,下午
5153,2022-08-08,咖喱土豆球,快餐,20,15,300,现金,午夜
5154,2022-08-08,新鲜甘蔗汁,饮品,25,15,375,现金,傍晚
5155,2022-08-08,新鲜甘蔗汁,饮品,25,2,50,在线支付,傍晚
5156,2022-08-08,冰咖啡,饮品,40,10,400,在线支付,午夜
5157,2022-08-08,咖喱土豆球,快餐,20,6,120,在线支付,早晨
5158,2022-08-08,冰咖啡,饮品,40,1,40,其他,傍晚
5159,2022-08-08,新鲜甘蔗汁,饮品,25,6,150,现金,傍晚
5160,2022-08-08,法兰基卷,快餐,50,1,50,现金,早晨
5161,2022-08-08,脆球点心,快餐,20,8,160,现金,早晨
5162,2022-08-08,冰咖啡,饮品,40,12,480,现金,下午
5163,2022-08-08,冰咖啡,饮品,40,3,120,其他,下午
5164,2022-08-08,脆球点心,快餐,20,3,60,在线支付,晚上
5165,2022-08-08,法兰基卷,快餐,50,8,400,其他,晚上
5166,2022-08-08,咖喱土豆球,快餐,20,5,100,现金,午夜
5167,2022-08-08,法兰基卷,快餐,50,4,200,在线支付,晚上
5168,2022-08-08,法兰基卷,快餐,50,13,650,其他,傍晚
5169,2022-08-08,新鲜甘蔗汁,饮品,25,10,250,其他,傍晚
5170,2022-08-08,招牌三明治,快餐,60,10,600,在线支付,午夜
5171,2022-08-08,法兰基卷,快餐,50,4,200,在线支付,晚上
5172,2022-08-08,新鲜甘蔗汁,饮品,25,9,225,在线支付,午夜
5173,2022-08-08,招牌三明治,快餐,60,15,900,在线支付,傍晚
5174,2022-08-08,脆球点心,快餐,20,8,160,在线支付,下午
5175,2022-08-08,瓦达汉堡,快餐,20,15,300,现金,傍晚
5176,2022-08-08,冰咖啡,饮品,40,12,480,在线支付,晚上
5177,2022-08-08,瓦达汉堡,快餐,20,9,180,在线支付,下午
5178,2022-08-08,咖喱土豆球,快餐,20,5,100,在线支付,傍晚
5179,2022-08-08,咖喱土豆球,快餐,20,9,180,现金,晚上
5180,2022-08-08,冰咖啡,饮品,40,8,320,现金,下午
5181,2022-08-08,脆球点心,快餐,20,11,220,现金,傍晚
5182,2022-08-08,咖喱土豆球,快餐,20,9,180,在线支付,晚上
5183,2022-08-08,新鲜甘蔗汁,饮品,25,1,25,在线支付,傍晚
5184,2022-08-08,新鲜甘蔗汁,饮品,25,2,50,其他,早晨
5185,2022-08-08,招牌三明治,快餐,60,11,660,现金,傍晚
5186,2022-08-08,招牌三明治,快餐,60,15,900,其他,晚上
5187,2022-08-08,瓦达汉堡,快餐,20,11,220,现金,晚上
5188,2022-08-08,新鲜甘蔗汁,饮品,25,15,375,在线支付,下午
5189,2022-08-08,咖喱土豆球,快餐,20,15,300,现金,晚上
5190,2022-08-08,法兰基卷,快餐,50,10,500,其他,晚上
5191,2022-08-08,脆球点心,快餐,20,6,120,在线支付,傍晚
5192,2022-08-08,冰咖啡,饮品,40,7,280,现金,早晨
5193,2022-08-08,瓦达汉堡,快餐,20,10,200,其他,晚上
5194,2022-08-08,新鲜甘蔗汁,饮品,25,10,250,其他,晚上
5195,2022-08-08,瓦达汉堡,快餐,20,8,160,现金,傍晚
5196,2022-08-08,瓦达汉堡,快餐,20,7,140,在线支付,下午
5197,2022-08-08,咖喱土豆球,快餐,20,4,80,现金,晚上
5198,2022-08-08,招牌三明治,快餐,60,1,60,在线支付,下午
5199,2022-08-08,脆球点心,快餐,20,10,200,现金,晚上
5200,2022-08-08,招牌三明治,快餐,60,11,660,在线支付,下午
5201,2022-08-08,咖喱土豆球,快餐,20,13,260,在线支付,早晨
5202,2022-08-08,招牌三明治,快餐,60,5,300,在线支付,晚上
5203,2022-08-08,法兰基卷,快餐,50,6,300,在线支付,早晨
5204,2022-08-08,招牌三明治,快餐,60,5,300,其他,晚上
5205,2022-08-08,瓦达汉堡,快餐,20,8,160,在线支付,晚上
5206,2022-08-08,法兰基卷,快餐,50,5,250,其他,傍晚
5207,2022-08-08,冰咖啡,饮品,40,2,80,现金,晚上
5208,2022-08-08,法兰基卷,快餐,50,5,250,在线支付,晚上
5209,2022-08-08,冰咖啡,饮品,40,14,560,现金,晚上
5210,2022-08-08,冰咖啡,饮品,40,11,440,现金,下午
5211,2022-08-08,新鲜甘蔗汁,饮品,25,1,25,在线支付,傍晚
5212,2022-08-08,脆球点心,快餐,20,5,100,现金,午夜
5213,2022-08-08,招牌三明治,快餐,60,12,720,在线支付,晚上
5214,2022-08-08,招牌三明治,快餐,60,4,240,在线支付,傍晚
5215,2022-08-08,瓦达汉堡,快餐,20,14,280,在线支付,早晨
5216,2022-08-08,咖喱土豆球,快餐,20,5,100,现金,午夜
5217,2022-08-08,脆球点心,快餐,20,9,180,其他,下午
5218,2022-08-08,咖喱土豆球,快餐,20,7,140,其他,下午
5219,2022-08-09,新鲜甘蔗汁,饮品,25,5,125,在线支付,晚上
5220,2022-08-09,冰咖啡,饮品,40,6,240,现金,早晨
5221,2022-08-09,新鲜甘蔗汁,饮品,25,11,275,在线支付,下午
5222,2022-08-09,瓦达汉堡,快餐,20,15,300,现金,傍晚
5223,2022-08-09,新鲜甘蔗汁,饮品,25,15,375,现金,下午
5224,2022-08-09,脆球点心,快餐,20,12,240,在线支付,午夜
5225,2022-08-09,新鲜甘蔗汁,饮品,25,7,175,在线支付,晚上
5226,2022-08-09,冰咖啡,饮品,40,9,360,现金,早晨
5227,2022-08-09,瓦达汉堡,快餐,20,15,300,其他,下午
5228,2022-08-09,新鲜甘蔗汁,饮品,25,4,100,在线支付,傍晚
5229,2022-08-09,法兰基卷,快餐,50,11,550,现金,下午
5230,2022-08-09,瓦达汉堡,快餐,20,1,20,现金,午夜
5231,2022-08-09,冰咖啡,饮品,40,12,480,现金,晚上
5232,2022-08-09,法兰基卷,快餐,50,3,150,现金,午夜
5233,2022-08-09,冰咖啡,饮品,40,8,320,现金,晚上
5234,2022-08-09,咖喱土豆球,快餐,20,9,180,在线支付,早晨
5235,2022-08-09,法兰基卷,快餐,50,15,750,现金,傍晚
5236,2022-08-09,瓦达汉堡,快餐,20,5,100,在线支付,晚上
5237,2022-08-09,招牌三明治,快餐,60,5,300,现金,傍晚
5238,2022-08-09,新鲜甘蔗汁,饮品,25,12,300,现金,午夜
5239,2022-08-09,法兰基卷,快餐,50,10,500,在线支付,下午
5240,2022-08-09,招牌三明治,快餐,60,7,420,现金,早晨
5241,2022-08-09,法兰基卷,快餐,50,9,450,在线支付,傍晚
5242,2022-08-09,法兰基卷,快餐,50,5,250,在线支付,午夜
5243,2022-08-09,咖喱土豆球,快餐,20,2,40,现金,午夜
5244,2022-08-09,瓦达汉堡,快餐,20,1,20,现金,下午
5245,2022-08-09,招牌三明治,快餐,60,9,540,现金,傍晚
5246,2022-08-09,法兰基卷,快餐,50,8,400,现金,下午
5247,2022-08-09,冰咖啡,饮品,40,4,160,在线支付,傍晚
5248,2022-08-09,招牌三明治,快餐,60,3,180,现金,下午
5249,2022-08-09,冰咖啡,饮品,40,3,120,现金,早晨
5250,2022-08-09,新鲜甘蔗汁,饮品,25,13,325,现金,晚上
5251,2022-08-09,冰咖啡,饮品,40,10,400,现金,下午
5252,2022-08-09,新鲜甘蔗汁,饮品,25,7,175,现金,午夜
5253,2022-08-09,瓦达汉堡,快餐,20,8,160,现金,傍晚
5254,2022-08-09,脆球点心,快餐,20,8,160,现金,傍晚
5255,2022-08-09,招牌三明治,快餐,60,13,780,现金,早晨
5256,2022-08-09,法兰基卷,快餐,50,3,150,现金,晚上
5257,2022-08-09,新鲜甘蔗汁,饮品,25,3,75,现金,晚上
5258,2022-08-09,咖喱土豆球,快餐,20,10,200,在线支付,午夜
5259,2022-08-09,咖喱土豆球,快餐,20,1,20,现金,早晨
5260,2022-08-09,冰咖啡,饮品,40,6,240,在线支付,傍晚
5261,2022-08-09,脆球点心,快餐,20,14,280,其他,午夜
5262,2022-08-09,新鲜甘蔗汁,饮品,25,5,125,现金,下午
5263,2022-08-09,冰咖啡,饮品,40,9,360,其他,早晨
5264,2022-08-09,瓦达汉堡,快餐,20,8,160,现金,晚上
5265,2022-08-09,招牌三明治,快餐,60,3,180,现金,午夜
5266,2022-08-09,脆球点心,快餐,20,13,260,现金,傍晚
5267,2022-08-09,咖喱土豆球,快餐,20,9,180,在线支付,傍晚
5268,2022-08-09,瓦达汉堡,快餐,20,6,120,现金,午夜
5269,2022-08-09,瓦达汉堡,快餐,20,9,180,在线支付,午夜
5270,2022-08-09,新鲜甘蔗汁,饮品,25,13,325,现金,下午
5271,2022-08-09,招牌三明治,快餐,60,11,660,在线支付,下午
5272,2022-08-09,瓦达汉堡,快餐,20,6,120,在线支付,晚上
5273,2022-08-09,脆球点心,快餐,20,14,280,在线支付,午夜
5274,2022-08-09,冰咖啡,饮品,40,8,320,其他,晚上
5275,2022-08-09,冰咖啡,饮品,40,5,200,现金,下午
5276,2022-08-09,脆球点心,快餐,20,8,160,现金,早晨
5277,2022-08-09,冰咖啡,饮品,40,1,40,现金,下午
5278,2022-08-09,招牌三明治,快餐,60,15,900,现金,午夜
5279,2022-08-09,咖喱土豆球,快餐,20,8,160,现金,下午
5280,2022-08-09,招牌三明治,快餐,60,15,900,现金,早晨
5281,2022-08-09,新鲜甘蔗汁,饮品,25,1,25,其他,下午
5282,2022-08-09,冰咖啡,饮品,40,11,440,在线支付,午夜
5283,2022-08-09,招牌三明治,快餐,60,15,900,现金,午夜
5284,2022-08-09,新鲜甘蔗汁,饮品,25,1,25,现金,午夜
5285,2022-08-09,新鲜甘蔗汁,饮品,25,7,175,在线支付,午夜
5286,2022-08-09,咖喱土豆球,快餐,20,10,200,现金,下午
5287,2022-08-09,脆球点心,快餐,20,10,200,现金,早晨
5288,2022-08-09,新鲜甘蔗汁,饮品,25,15,375,在线支付,早晨
5289,2022-08-09,脆球点心,快餐,20,8,160,在线支付,傍晚
5290,2022-08-09,法兰基卷,快餐,50,10,500,在线支付,晚上
5291,2022-08-09,瓦达汉堡,快餐,20,5,100,现金,午夜
5292,2022-08-09,脆球点心,快餐,20,7,140,现金,晚上
5293,2022-08-09,冰咖啡,饮品,40,1,40,现金,晚上
5294,2022-08-09,法兰基卷,快餐,50,3,150,在线支付,傍晚
5295,2022-08-09,瓦达汉堡,快餐,20,13,260,其他,傍晚
5296,2022-08-09,新鲜甘蔗汁,饮品,25,7,175,在线支付,早晨
5297,2022-08-09,法兰基卷,快餐,50,14,700,在线支付,晚上
5298,2022-08-09,冰咖啡,饮品,40,7,280,在线支付,下午
5299,2022-08-09,法兰基卷,快餐,50,14,700,现金,下午
5300,2022-08-09,法兰基卷,快餐,50,12,600,在线支付,午夜
5301,2022-08-09,瓦达汉堡,快餐,20,1,20,现金,早晨
5302,2022-08-09,咖喱土豆球,快餐,20,7,140,在线支付,傍晚
5303,2022-08-09,招牌三明治,快餐,60,2,120,在线支付,下午
5304,2022-08-09,咖喱土豆球,快餐,20,13,260,现金,晚上
5305,2022-08-09,法兰基卷,快餐,50,6,300,在线支付,晚上
5306,2022-08-09,新鲜甘蔗汁,饮品,25,3,75,现金,晚上
5307,2022-08-09,瓦达汉堡,快餐,20,4,80,现金,下午
5308,2022-08-09,冰咖啡,饮品,40,5,200,现金,午夜
5309,2022-08-09,咖喱土豆球,快餐,20,14,280,其他,午夜
5310,2022-08-09,招牌三明治,快餐,60,7,420,在线支付,傍晚
5311,2022-08-09,脆球点心,快餐,20,15,300,在线支付,早晨
5312,2022-08-09,咖喱土豆球,快餐,20,12,240,其他,下午
5313,2022-08-09,脆球点心,快餐,20,5,100,现金,傍晚
5314,2022-08-09,咖喱土豆球,快餐,20,9,180,其他,傍晚
5315,2022-08-09,新鲜甘蔗汁,饮品,25,6,150,在线支付,晚上
5316,2022-08-09,咖喱土豆球,快餐,20,2,40,其他,午夜
5317,2022-08-09,法兰基卷,快餐,50,15,750,现金,午夜
5318,2022-08-09,招牌三明治,快餐,60,10,600,现金,下午
5319,2022-08-09,咖喱土豆球,快餐,20,6,120,现金,晚上
5320,2022-08-09,瓦达汉堡,快餐,20,4,80,现金,早晨
5321,2022-08-09,冰咖啡,饮品,40,1,40,现金,傍晚
5322,2022-08-09,冰咖啡,饮品,40,3,120,在线支付,午夜
5323,2022-08-09,脆球点心,快餐,20,8,160,现金,早晨
5324,2022-08-09,冰咖啡,饮品,40,15,600,现金,早晨
5325,2022-08-09,法兰基卷,快餐,50,13,650,在线支付,傍晚
5326,2022-08-09,招牌三明治,快餐,60,7,420,在线支付,下午
5327,2022-08-09,脆球点心,快餐,20,9,180,在线支付,傍晚
5328,2022-08-09,咖喱土豆球,快餐,20,11,220,现金,下午
5329,2022-08-09,新鲜甘蔗汁,饮品,25,10,250,在线支付,晚上
5330,2022-08-09,冰咖啡,饮品,40,10,400,在线支付,下午
5331,2022-08-09,咖喱土豆球,快餐,20,4,80,现金,午夜
5332,2022-08-09,瓦达汉堡,快餐,20,15,300,在线支付,傍晚
5333,2022-08-09,咖喱土豆球,快餐,20,10,200,在线支付,早晨
5334,2022-08-09,瓦达汉堡,快餐,20,1,20,现金,晚上
5335,2022-08-09,瓦达汉堡,快餐,20,10,200,现金,早晨
5336,2022-08-09,招牌三明治,快餐,60,4,240,在线支付,晚上
5337,2022-08-09,脆球点心,快餐,20,10,200,其他,早晨
5338,2022-08-09,瓦达汉堡,快餐,20,5,100,现金,午夜
5339,2022-08-09,咖喱土豆球,快餐,20,10,200,现金,早晨
5340,2022-08-09,招牌三明治,快餐,60,4,240,现金,傍晚
5341,2022-08-09,冰咖啡,饮品,40,11,440,现金,早晨
5342,2022-08-09,咖喱土豆球,快餐,20,3,60,在线支付,下午
5343,2022-08-09,咖喱土豆球,快餐,20,13,260,现金,下午
5344,2022-08-09,冰咖啡,饮品,40,10,400,现金,晚上
5345,2022-08-09,新鲜甘蔗汁,饮品,25,9,225,在线支付,傍晚
5346,2022-08-09,瓦达汉堡,快餐,20,6,120,在线支付,晚上
5347,2022-08-09,招牌三明治,快餐,60,7,420,在线支付,午夜
5348,2022-08-10,新鲜甘蔗汁,饮品,25,12,300,在线支付,早晨
5349,2022-08-10,法兰基卷,快餐,50,5,250,现金,早晨
5350,2022-08-10,咖喱土豆球,快餐,20,6,120,在线支付,下午
5351,2022-08-10,招牌三明治,快餐,60,1,60,现金,早晨
5352,2022-08-10,法兰基卷,快餐,50,6,300,现金,午夜
5353,2022-08-10,招牌三明治,快餐,60,1,60,现金,晚上
5354,2022-08-10,招牌三明治,快餐,60,12,720,现金,午夜
5355,2022-08-10,脆球点心,快餐,20,10,200,其他,下午
5356,2022-08-10,招牌三明治,快餐,60,12,720,在线支付,下午
5357,2022-08-10,脆球点心,快餐,20,5,100,现金,傍晚
5358,2022-08-10,冰咖啡,饮品,40,9,360,现金,晚上
5359,2022-08-10,瓦达汉堡,快餐,20,5,100,在线支付,早晨
5360,2022-08-10,瓦达汉堡,快餐,20,11,220,在线支付,晚上
5361,2022-08-10,脆球点心,快餐,20,5,100,在线支付,早晨
5362,2022-08-10,招牌三明治,快餐,60,11,660,在线支付,傍晚
5363,2022-08-10,脆球点心,快餐,20,3,60,其他,午夜
5364,2022-08-10,新鲜甘蔗汁,饮品,25,6,150,现金,傍晚
5365,2022-08-10,冰咖啡,饮品,40,12,480,现金,晚上
5366,2022-08-10,瓦达汉堡,快餐,20,11,220,现金,午夜
5367,2022-08-10,冰咖啡,饮品,40,7,280,在线支付,下午
5368,2022-08-10,法兰基卷,快餐,50,9,450,现金,傍晚
5369,2022-08-10,冰咖啡,饮品,40,3,120,现金,晚上
5370,2022-08-10,咖喱土豆球,快餐,20,11,220,现金,午夜
5371,2022-08-10,新鲜甘蔗汁,饮品,25,1,25,现金,傍晚
5372,2022-08-10,脆球点心,快餐,20,15,300,在线支付,午夜
5373,2022-08-10,法兰基卷,快餐,50,14,700,现金,晚上
5374,2022-08-10,冰咖啡,饮品,40,7,280,在线支付,午夜
5375,2022-08-10,咖喱土豆球,快餐,20,13,260,在线支付,傍晚
5376,2022-08-10,新鲜甘蔗汁,饮品,25,15,375,在线支付,下午
5377,2022-08-10,咖喱土豆球,快餐,20,13,260,现金,午夜
5378,2022-08-10,法兰基卷,快餐,50,6,300,在线支付,傍晚
5379,2022-08-10,招牌三明治,快餐,60,3,180,现金,晚上
5380,2022-08-10,招牌三明治,快餐,60,8,480,在线支付,午夜
5381,2022-08-10,脆球点心,快餐,20,12,240,现金,午夜
5382,2022-08-10,新鲜甘蔗汁,饮品,25,5,125,在线支付,午夜
5383,2022-08-10,新鲜甘蔗汁,饮品,25,15,375,在线支付,傍晚
5384,2022-08-10,脆球点心,快餐,20,9,180,现金,傍晚
5385,2022-08-10,招牌三明治,快餐,60,15,900,在线支付,晚上
5386,2022-08-10,咖喱土豆球,快餐,20,14,280,在线支付,早晨
5387,2022-08-10,新鲜甘蔗汁,饮品,25,12,300,现金,早晨
5388,2022-08-10,脆球点心,快餐,20,9,180,在线支付,早晨
5389,2022-08-10,冰咖啡,饮品,40,15,600,现金,午夜
5390,2022-08-10,脆球点心,快餐,20,5,100,现金,下午
5391,2022-08-10,新鲜甘蔗汁,饮品,25,7,175,其他,晚上
5392,2022-08-10,咖喱土豆球,快餐,20,9,180,在线支付,午夜
5393,2022-08-10,咖喱土豆球,快餐,20,5,100,在线支付,晚上
5394,2022-08-10,冰咖啡,饮品,40,10,400,在线支付,早晨
5395,2022-08-10,招牌三明治,快餐,60,4,240,其他,午夜
5396,2022-08-10,新鲜甘蔗汁,饮品,25,13,325,在线支付,傍晚
5397,2022-08-10,招牌三明治,快餐,60,4,240,在线支付,晚上
5398,2022-08-10,脆球点心,快餐,20,7,140,在线支付,下午
5399,2022-08-10,脆球点心,快餐,20,3,60,现金,早晨
5400,2022-08-10,脆球点心,快餐,20,8,160,在线支付,晚上
5401,2022-08-10,冰咖啡,饮品,40,12,480,现金,傍晚
5402,2022-08-10,脆球点心,快餐,20,11,220,现金,晚上
5403,2022-08-10,瓦达汉堡,快餐,20,5,100,在线支付,下午
5404,2022-08-10,咖喱土豆球,快餐,20,10,200,现金,晚上
5405,2022-08-10,冰咖啡,饮品,40,5,200,现金,下午
5406,2022-08-10,新鲜甘蔗汁,饮品,25,8,200,现金,午夜
5407,2022-08-10,冰咖啡,饮品,40,6,240,其他,午夜
5408,2022-08-10,新鲜甘蔗汁,饮品,25,1,25,现金,下午
5409,2022-08-10,法兰基卷,快餐,50,13,650,现金,晚上
5410,2022-08-10,新鲜甘蔗汁,饮品,25,13,325,现金,下午
5411,2022-08-10,法兰基卷,快餐,50,3,150,现金,早晨
5412,2022-08-10,新鲜甘蔗汁,饮品,25,9,225,其他,午夜
5413,2022-08-10,招牌三明治,快餐,60,14,840,现金,傍晚
5414,2022-08-10,咖喱土豆球,快餐,20,8,160,现金,早晨
5415,2022-08-10,新鲜甘蔗汁,饮品,25,10,250,在线支付,早晨
5416,2022-08-10,脆球点心,快餐,20,6,120,其他,午夜
5417,2022-08-10,招牌三明治,快餐,60,7,420,现金,早晨
5418,2022-08-10,咖喱土豆球,快餐,20,12,240,在线支付,傍晚
5419,2022-08-10,瓦达汉堡,快餐,20,4,80,在线支付,午夜
5420,2022-08-10,咖喱土豆球,快餐,20,13,260,其他,下午
5421,2022-08-10,脆球点心,快餐,20,13,260,现金,下午
5422,2022-08-10,新鲜甘蔗汁,饮品,25,12,300,现金,午夜
5423,2022-08-10,法兰基卷,快餐,50,12,600,在线支付,下午
5424,2022-08-10,招牌三明治,快餐,60,4,240,现金,午夜
5425,2022-08-10,咖喱土豆球,快餐,20,11,220,现金,早晨
5426,2022-08-10,招牌三明治,快餐,60,9,540,在线支付,早晨
5427,2022-08-10,新鲜甘蔗汁,饮品,25,11,275,现金,晚上
5428,2022-08-10,瓦达汉堡,快餐,20,9,180,在线支付,下午
5429,2022-08-10,瓦达汉堡,快餐,20,15,300,现金,晚上
5430,2022-08-10,脆球点心,快餐,20,2,40,在线支付,下午
5431,2022-08-10,脆球点心,快餐,20,7,140,在线支付,早晨
5432,2022-08-10,招牌三明治,快餐,60,9,540,在线支付,傍晚
5433,2022-08-10,瓦达汉堡,快餐,20,4,80,现金,晚上
5434,2022-08-10,脆球点心,快餐,20,6,120,在线支付,午夜
5435,2022-08-10,瓦达汉堡,快餐,20,15,300,现金,早晨
5436,2022-08-10,咖喱土豆球,快餐,20,15,300,其他,早晨
5437,2022-08-10,新鲜甘蔗汁,饮品,25,9,225,在线支付,傍晚
5438,2022-08-10,咖喱土豆球,快餐,20,9,180,现金,下午
5439,2022-08-10,咖喱土豆球,快餐,20,8,160,现金,晚上
5440,2022-08-10,咖喱土豆球,快餐,20,7,140,现金,下午
5441,2022-08-10,法兰基卷,快餐,50,11,550,现金,傍晚
5442,2022-08-10,冰咖啡,饮品,40,10,400,在线支付,晚上
5443,2022-08-10,脆球点心,快餐,20,1,20,现金,早晨
5444,2022-08-10,瓦达汉堡,快餐,20,4,80,现金,傍晚
5445,2022-08-10,脆球点心,快餐,20,8,160,在线支付,晚上
5446,2022-08-10,冰咖啡,饮品,40,11,440,现金,晚上
5447,2022-08-10,法兰基卷,快餐,50,11,550,在线支付,午夜
5448,2022-08-10,冰咖啡,饮品,40,7,280,其他,午夜
5449,2022-08-10,咖喱土豆球,快餐,20,4,80,现金,下午
5450,2022-08-10,咖喱土豆球,快餐,20,7,140,现金,下午
5451,2022-08-10,招牌三明治,快餐,60,7,420,现金,晚上
5452,2022-08-10,瓦达汉堡,快餐,20,15,300,现金,下午
5453,2022-08-10,招牌三明治,快餐,60,5,300,在线支付,午夜
5454,2022-08-10,招牌三明治,快餐,60,9,540,现金,早晨
5455,2022-08-10,招牌三明治,快餐,60,3,180,在线支付,傍晚
5456,2022-08-10,脆球点心,快餐,20,1,20,现金,下午
5457,2022-08-10,瓦达汉堡,快餐,20,7,140,现金,晚上
5458,2022-08-10,脆球点心,快餐,20,1,20,在线支付,傍晚
5459,2022-08-10,冰咖啡,饮品,40,10,400,其他,下午
5460,2022-08-10,冰咖啡,饮品,40,10,400,现金,晚上
5461,2022-08-10,冰咖啡,饮品,40,11,440,现金,傍晚
5462,2022-08-10,新鲜甘蔗汁,饮品,25,15,375,现金,午夜
5463,2022-08-10,招牌三明治,快餐,60,14,840,其他,下午
5464,2022-08-10,冰咖啡,饮品,40,9,360,其他,傍晚
5465,2022-08-10,招牌三明治,快餐,60,4,240,现金,下午
5466,2022-08-10,咖喱土豆球,快餐,20,6,120,现金,午夜
5467,2022-08-10,招牌三明治,快餐,60,15,900,在线支付,早晨
5468,2022-08-10,咖喱土豆球,快餐,20,14,280,现金,晚上
5469,2022-08-10,瓦达汉堡,快餐,20,7,140,现金,下午
5470,2022-08-10,新鲜甘蔗汁,饮品,25,8,200,现金,傍晚
5471,2022-08-10,招牌三明治,快餐,60,5,300,在线支付,下午
5472,2022-08-10,脆球点心,快餐,20,9,180,现金,早晨
5473,2022-08-10,咖喱土豆球,快餐,20,3,60,在线支付,下午
5474,2022-08-10,招牌三明治,快餐,60,1,60,现金,晚上
5475,2022-08-10,法兰基卷,快餐,50,14,700,现金,傍晚
5476,2022-08-10,冰咖啡,饮品,40,8,320,现金,晚上
5477,2022-08-10,脆球点心,快餐,20,9,180,在线支付,傍晚
5478,2022-08-10,脆球点心,快餐,20,4,80,其他,晚上
5479,2022-08-10,冰咖啡,饮品,40,13,520,在线支付,傍晚
5480,2022-08-10,招牌三明治,快餐,60,3,180,在线支付,晚上
5481,2022-08-10,法兰基卷,快餐,50,11,550,现金,下午
5482,2022-08-10,新鲜甘蔗汁,饮品,25,5,125,在线支付,午夜
5483,2022-08-10,咖喱土豆球,快餐,20,5,100,现金,午夜
5484,2022-08-10,冰咖啡,饮品,40,2,80,现金,早晨
5485,2022-08-11,法兰基卷,快餐,50,8,400,现金,早晨
5486,2022-08-11,脆球点心,快餐,20,4,80,现金,下午
5487,2022-08-11,法兰基卷,快餐,50,3,150,现金,午夜
5488,2022-08-11,冰咖啡,饮品,40,6,240,在线支付,下午
5489,2022-08-11,瓦达汉堡,快餐,20,9,180,在线支付,傍晚
5490,2022-08-11,法兰基卷,快餐,50,14,700,现金,午夜
5491,2022-08-11,脆球点心,快餐,20,11,220,现金,晚上
5492,2022-08-11,新鲜甘蔗汁,饮品,25,15,375,在线支付,早晨
5493,2022-08-11,法兰基卷,快餐,50,7,350,在线支付,午夜
5494,2022-08-11,咖喱土豆球,快餐,20,1,20,在线支付,早晨
5495,2022-08-11,瓦达汉堡,快餐,20,14,280,现金,晚上
5496,2022-08-11,新鲜甘蔗汁,饮品,25,4,100,现金,早晨
5497,2022-08-11,冰咖啡,饮品,40,13,520,现金,午夜
5498,2022-08-11,新鲜甘蔗汁,饮品,25,5,125,在线支付,晚上
5499,2022-08-11,冰咖啡,饮品,40,10,400,在线支付,傍晚
5500,2022-08-11,法兰基卷,快餐,50,12,600,现金,下午
5501,2022-08-11,咖喱土豆球,快餐,20,7,140,现金,下午
5502,2022-08-11,法兰基卷,快餐,50,6,300,在线支付,下午
5503,2022-08-11,脆球点心,快餐,20,4,80,在线支付,下午
5504,2022-08-11,脆球点心,快餐,20,8,160,其他,晚上
5505,2022-08-11,咖喱土豆球,快餐,20,9,180,现金,早晨
5506,2022-08-11,新鲜甘蔗汁,饮品,25,10,250,现金,傍晚
5507,2022-08-11,脆球点心,快餐,20,10,200,在线支付,下午
5508,2022-08-11,瓦达汉堡,快餐,20,12,240,现金,傍晚
5509,2022-08-11,脆球点心,快餐,20,3,60,在线支付,傍晚
5510,2022-08-11,法兰基卷,快餐,50,9,450,其他,晚上
5511,2022-08-11,冰咖啡,饮品,40,5,200,在线支付,午夜
5512,2022-08-11,法兰基卷,快餐,50,11,550,在线支付,晚上
5513,2022-08-11,脆球点心,快餐,20,5,100,现金,下午
5514,2022-08-11,招牌三明治,快餐,60,11,660,现金,下午
5515,2022-08-11,新鲜甘蔗汁,饮品,25,15,375,在线支付,午夜
5516,2022-08-11,招牌三明治,快餐,60,9,540,现金,晚上
5517,2022-08-11,脆球点心,快餐,20,8,160,在线支付,晚上
5518,2022-08-11,法兰基卷,快餐,50,6,300,在线支付,晚上
5519,2022-08-11,法兰基卷,快餐,50,13,650,在线支付,傍晚
5520,2022-08-11,冰咖啡,饮品,40,2,80,现金,下午
5521,2022-08-11,新鲜甘蔗汁,饮品,25,6,150,在线支付,早晨
5522,2022-08-11,冰咖啡,饮品,40,11,440,现金,午夜
5523,2022-08-11,脆球点心,快餐,20,11,220,在线支付,下午
5524,2022-08-11,瓦达汉堡,快餐,20,9,180,在线支付,午夜
5525,2022-08-11,冰咖啡,饮品,40,2,80,现金,下午
5526,2022-08-11,招牌三明治,快餐,60,5,300,在线支付,傍晚
5527,2022-08-11,法兰基卷,快餐,50,5,250,其他,下午
5528,2022-08-11,脆球点心,快餐,20,7,140,在线支付,下午
5529,2022-08-11,瓦达汉堡,快餐,20,14,280,其他,晚上
5530,2022-08-11,冰咖啡,饮品,40,5,200,现金,下午
5531,2022-08-11,法兰基卷,快餐,50,13,650,现金,午夜
5532,2022-08-11,脆球点心,快餐,20,10,200,现金,早晨
5533,2022-08-11,脆球点心,快餐,20,10,200,现金,午夜
5534,2022-08-11,冰咖啡,饮品,40,9,360,其他,早晨
5535,2022-08-11,法兰基卷,快餐,50,6,300,现金,下午
5536,2022-08-11,招牌三明治,快餐,60,4,240,现金,下午
5537,2022-08-11,瓦达汉堡,快餐,20,7,140,现金,早晨
5538,2022-08-11,招牌三明治,快餐,60,10,600,在线支付,午夜
5539,2022-08-11,招牌三明治,快餐,60,8,480,现金,午夜
5540,2022-08-11,新鲜甘蔗汁,饮品,25,3,75,现金,晚上
5541,2022-08-11,法兰基卷,快餐,50,6,300,现金,晚上
5542,2022-08-11,冰咖啡,饮品,40,11,440,在线支付,午夜
5543,2022-08-11,脆球点心,快餐,20,12,240,在线支付,傍晚
5544,2022-08-11,新鲜甘蔗汁,饮品,25,7,175,其他,午夜
5545,2022-08-11,瓦达汉堡,快餐,20,7,140,在线支付,傍晚
5546,2022-08-11,脆球点心,快餐,20,10,200,在线支付,早晨
5547,2022-08-11,咖喱土豆球,快餐,20,4,80,现金,早晨
5548,2022-08-11,冰咖啡,饮品,40,4,160,现金,晚上
5549,2022-08-11,法兰基卷,快餐,50,14,700,在线支付,下午
5550,2022-08-11,法兰基卷,快餐,50,7,350,在线支付,下午
5551,2022-08-11,新鲜甘蔗汁,饮品,25,1,25,其他,傍晚
5552,2022-08-11,法兰基卷,快餐,50,5,250,在线支付,早晨
5553,2022-08-11,冰咖啡,饮品,40,10,400,现金,早晨
5554,2022-08-11,招牌三明治,快餐,60,6,360,现金,下午
5555,2022-08-11,法兰基卷,快餐,50,15,750,在线支付,下午
5556,2022-08-11,瓦达汉堡,快餐,20,15,300,在线支付,下午
5557,2022-08-11,新鲜甘蔗汁,饮品,25,7,175,现金,早晨
5558,2022-08-11,新鲜甘蔗汁,饮品,25,2,50,现金,晚上
5559,2022-08-11,招牌三明治,快餐,60,10,600,现金,早晨
5560,2022-08-11,瓦达汉堡,快餐,20,10,200,现金,下午
5561,2022-08-11,法兰基卷,快餐,50,6,300,现金,下午
5562,2022-08-11,招牌三明治,快餐,60,7,420,在线支付,晚上
5563,2022-08-11,脆球点心,快餐,20,13,260,现金,早晨
5564,2022-08-11,脆球点心,快餐,20,13,260,现金,早晨
5565,2022-08-11,瓦达汉堡,快餐,20,7,140,在线支付,午夜
5566,2022-08-11,咖喱土豆球,快餐,20,9,180,现金,早晨
5567,2022-08-11,法兰基卷,快餐,50,15,750,在线支付,傍晚
5568,2022-08-11,招牌三明治,快餐,60,10,600,在线支付,晚上
5569,2022-08-11,法兰基卷,快餐,50,12,600,现金,午夜
5570,2022-08-11,冰咖啡,饮品,40,9,360,现金,午夜
5571,2022-08-11,新鲜甘蔗汁,饮品,25,8,200,现金,早晨
5572,2022-08-11,新鲜甘蔗汁,饮品,25,13,325,其他,早晨
5573,2022-08-11,咖喱土豆球,快餐,20,7,140,在线支付,下午
5574,2022-08-11,法兰基卷,快餐,50,11,550,现金,下午
5575,2022-08-11,新鲜甘蔗汁,饮品,25,14,350,现金,下午
5576,2022-08-11,咖喱土豆球,快餐,20,13,260,在线支付,晚上
5577,2022-08-11,法兰基卷,快餐,50,13,650,在线支付,晚上
5578,2022-08-11,招牌三明治,快餐,60,11,660,在线支付,傍晚
5579,2022-08-11,脆球点心,快餐,20,15,300,在线支付,晚上
5580,2022-08-11,新鲜甘蔗汁,饮品,25,9,225,在线支付,下午
5581,2022-08-11,脆球点心,快餐,20,9,180,其他,晚上
5582,2022-08-11,法兰基卷,快餐,50,3,150,在线支付,晚上
5583,2022-08-11,招牌三明治,快餐,60,13,780,其他,晚上
5584,2022-08-11,脆球点心,快餐,20,2,40,在线支付,下午
5585,2022-08-11,脆球点心,快餐,20,15,300,现金,早晨
5586,2022-08-11,瓦达汉堡,快餐,20,5,100,其他,晚上
5587,2022-08-11,招牌三明治,快餐,60,11,660,现金,早晨
5588,2022-08-11,冰咖啡,饮品,40,14,560,在线支付,下午
5589,2022-08-11,冰咖啡,饮品,40,15,600,其他,早晨
5590,2022-08-11,瓦达汉堡,快餐,20,6,120,现金,下午
5591,2022-08-11,瓦达汉堡,快餐,20,14,280,现金,傍晚
5592,2022-08-11,咖喱土豆球,快餐,20,1,20,现金,晚上
5593,2022-08-11,新鲜甘蔗汁,饮品,25,15,375,在线支付,下午
5594,2022-08-11,咖喱土豆球,快餐,20,9,180,现金,午夜
5595,2022-08-11,瓦达汉堡,快餐,20,5,100,在线支付,傍晚
5596,2022-08-11,冰咖啡,饮品,40,15,600,现金,晚上
5597,2022-08-11,招牌三明治,快餐,60,6,360,在线支付,傍晚
5598,2022-08-11,脆球点心,快餐,20,9,180,在线支付,晚上
5599,2022-08-11,招牌三明治,快餐,60,7,420,现金,早晨
5600,2022-08-11,招牌三明治,快餐,60,12,720,在线支付,下午
5601,2022-08-11,瓦达汉堡,快餐,20,10,200,现金,晚上
5602,2022-08-11,新鲜甘蔗汁,饮品,25,9,225,在线支付,下午
5603,2022-08-11,法兰基卷,快餐,50,6,300,现金,傍晚
5604,2022-08-11,新鲜甘蔗汁,饮品,25,11,275,现金,早晨
5605,2022-08-11,咖喱土豆球,快餐,20,3,60,现金,傍晚
5606,2022-08-11,法兰基卷,快餐,50,8,400,现金,晚上
5607,2022-08-11,脆球点心,快餐,20,8,160,现金,下午
5608,2022-08-11,法兰基卷,快餐,50,14,700,现金,午夜
5609,2022-08-11,脆球点心,快餐,20,6,120,其他,傍晚
5610,2022-08-11,法兰基卷,快餐,50,15,750,现金,早晨
5611,2022-08-11,咖喱土豆球,快餐,20,11,220,现金,傍晚
5612,2022-08-11,脆球点心,快餐,20,6,120,现金,傍晚
5613,2022-08-11,招牌三明治,快餐,60,8,480,现金,早晨
5614,2022-08-11,咖喱土豆球,快餐,20,5,100,其他,傍晚
5615,2022-08-12,冰咖啡,饮品,40,8,320,现金,午夜
5616,2022-08-12,招牌三明治,快餐,60,8,480,现金,午夜
5617,2022-08-12,脆球点心,快餐,20,10,200,现金,晚上
5618,2022-08-12,新鲜甘蔗汁,饮品,25,5,125,在线支付,午夜
5619,2022-08-12,新鲜甘蔗汁,饮品,25,2,50,在线支付,早晨
5620,2022-08-12,脆球点心,快餐,20,5,100,现金,傍晚
5621,2022-08-12,咖喱土豆球,快餐,20,10,200,现金,午夜
5622,2022-08-12,法兰基卷,快餐,50,1,50,现金,晚上
5623,2022-08-12,新鲜甘蔗汁,饮品,25,9,225,现金,早晨
5624,2022-08-12,招牌三明治,快餐,60,5,300,现金,下午
5625,2022-08-12,咖喱土豆球,快餐,20,6,120,在线支付,午夜
5626,2022-08-12,瓦达汉堡,快餐,20,8,160,在线支付,下午
5627,2022-08-12,新鲜甘蔗汁,饮品,25,2,50,现金,傍晚
5628,2022-08-12,新鲜甘蔗汁,饮品,25,12,300,在线支付,早晨
5629,2022-08-12,法兰基卷,快餐,50,11,550,在线支付,傍晚
5630,2022-08-12,新鲜甘蔗汁,饮品,25,13,325,现金,傍晚
5631,2022-08-12,新鲜甘蔗汁,饮品,25,11,275,现金,傍晚
5632,2022-08-12,新鲜甘蔗汁,饮品,25,3,75,在线支付,下午
5633,2022-08-12,瓦达汉堡,快餐,20,1,20,其他,午夜
5634,2022-08-12,瓦达汉堡,快餐,20,2,40,现金,晚上
5635,2022-08-12,脆球点心,快餐,20,4,80,其他,早晨
5636,2022-08-12,冰咖啡,饮品,40,10,400,现金,午夜
5637,2022-08-12,新鲜甘蔗汁,饮品,25,8,200,现金,晚上
5638,2022-08-12,新鲜甘蔗汁,饮品,25,5,125,在线支付,晚上
5639,2022-08-12,新鲜甘蔗汁,饮品,25,9,225,现金,早晨
5640,2022-08-12,瓦达汉堡,快餐,20,14,280,现金,下午
5641,2022-08-12,法兰基卷,快餐,50,11,550,在线支付,下午
5642,2022-08-12,脆球点心,快餐,20,1,20,现金,早晨
5643,2022-08-12,脆球点心,快餐,20,8,160,在线支付,晚上
5644,2022-08-12,脆球点心,快餐,20,13,260,现金,下午
5645,2022-08-12,新鲜甘蔗汁,饮品,25,5,125,其他,傍晚
5646,2022-08-12,咖喱土豆球,快餐,20,2,40,在线支付,晚上
5647,2022-08-12,招牌三明治,快餐,60,10,600,现金,早晨
5648,2022-08-12,咖喱土豆球,快餐,20,5,100,在线支付,早晨
5649,2022-08-12,冰咖啡,饮品,40,3,120,现金,傍晚
5650,2022-08-12,法兰基卷,快餐,50,10,500,其他,午夜
5651,2022-08-12,法兰基卷,快餐,50,6,300,现金,下午
5652,2022-08-12,新鲜甘蔗汁,饮品,25,6,150,在线支付,午夜
5653,2022-08-12,冰咖啡,饮品,40,9,360,现金,晚上
5654,2022-08-12,招牌三明治,快餐,60,6,360,在线支付,午夜
5655,2022-08-12,咖喱土豆球,快餐,20,5,100,在线支付,晚上
5656,2022-08-12,冰咖啡,饮品,40,8,320,现金,晚上
5657,2022-08-12,冰咖啡,饮品,40,12,480,现金,傍晚
5658,2022-08-12,瓦达汉堡,快餐,20,10,200,其他,晚上
5659,2022-08-12,咖喱土豆球,快餐,20,14,280,现金,午夜
5660,2022-08-12,咖喱土豆球,快餐,20,11,220,现金,下午
5661,2022-08-12,咖喱土豆球,快餐,20,6,120,在线支付,早晨
5662,2022-08-12,法兰基卷,快餐,50,14,700,在线支付,下午
5663,2022-08-12,新鲜甘蔗汁,饮品,25,11,275,现金,早晨
5664,2022-08-12,冰咖啡,饮品,40,10,400,在线支付,傍晚
5665,2022-08-12,脆球点心,快餐,20,5,100,在线支付,早晨
5666,2022-08-12,瓦达汉堡,快餐,20,9,180,现金,下午
5667,2022-08-12,新鲜甘蔗汁,饮品,25,11,275,在线支付,午夜
5668,2022-08-12,冰咖啡,饮品,40,9,360,在线支付,早晨
5669,2022-08-12,新鲜甘蔗汁,饮品,25,6,150,在线支付,傍晚
5670,2022-08-12,冰咖啡,饮品,40,1,40,在线支付,早晨
5671,2022-08-12,新鲜甘蔗汁,饮品,25,6,150,在线支付,午夜
5672,2022-08-12,法兰基卷,快餐,50,1,50,现金,傍晚
5673,2022-08-12,新鲜甘蔗汁,饮品,25,13,325,在线支付,早晨
5674,2022-08-12,冰咖啡,饮品,40,10,400,现金,午夜
5675,2022-08-12,招牌三明治,快餐,60,6,360,其他,傍晚
5676,2022-08-12,新鲜甘蔗汁,饮品,25,7,175,现金,晚上
5677,2022-08-12,脆球点心,快餐,20,13,260,现金,午夜
5678,2022-08-12,瓦达汉堡,快餐,20,11,220,现金,傍晚
5679,2022-08-12,法兰基卷,快餐,50,12,600,现金,傍晚
5680,2022-08-12,法兰基卷,快餐,50,11,550,现金,早晨
5681,2022-08-12,瓦达汉堡,快餐,20,8,160,现金,下午
5682,2022-08-12,招牌三明治,快餐,60,5,300,现金,晚上
5683,2022-08-12,冰咖啡,饮品,40,11,440,现金,下午
5684,2022-08-12,脆球点心,快餐,20,12,240,在线支付,午夜
5685,2022-08-12,瓦达汉堡,快餐,20,1,20,在线支付,早晨
5686,2022-08-12,瓦达汉堡,快餐,20,15,300,其他,傍晚
5687,2022-08-12,瓦达汉堡,快餐,20,5,100,现金,早晨
5688,2022-08-12,法兰基卷,快餐,50,10,500,现金,早晨
5689,2022-08-12,法兰基卷,快餐,50,15,750,在线支付,早晨
5690,2022-08-12,新鲜甘蔗汁,饮品,25,10,250,现金,下午
5691,2022-08-12,法兰基卷,快餐,50,9,450,现金,午夜
5692,2022-08-12,法兰基卷,快餐,50,6,300,现金,傍晚
5693,2022-08-12,招牌三明治,快餐,60,5,300,现金,下午
5694,2022-08-12,咖喱土豆球,快餐,20,10,200,现金,午夜
5695,2022-08-12,咖喱土豆球,快餐,20,7,140,现金,午夜
5696,2022-08-12,新鲜甘蔗汁,饮品,25,8,200,其他,早晨
5697,2022-08-12,招牌三明治,快餐,60,12,720,在线支付,早晨
5698,2022-08-12,冰咖啡,饮品,40,1,40,在线支付,下午
5699,2022-08-12,瓦达汉堡,快餐,20,4,80,现金,傍晚
5700,2022-08-12,新鲜甘蔗汁,饮品,25,7,175,现金,午夜
5701,2022-08-12,瓦达汉堡,快餐,20,9,180,在线支付,傍晚
5702,2022-08-12,新鲜甘蔗汁,饮品,25,11,275,在线支付,早晨
5703,2022-08-12,咖喱土豆球,快餐,20,7,140,现金,下午
5704,2022-08-12,冰咖啡,饮品,40,7,280,现金,晚上
5705,2022-08-12,冰咖啡,饮品,40,6,240,现金,下午
5706,2022-08-12,新鲜甘蔗汁,饮品,25,10,250,现金,午夜
5707,2022-08-12,脆球点心,快餐,20,2,40,现金,傍晚
5708,2022-08-12,脆球点心,快餐,20,15,300,其他,午夜
5709,2022-08-12,冰咖啡,饮品,40,7,280,在线支付,傍晚
5710,2022-08-12,瓦达汉堡,快餐,20,7,140,现金,下午
5711,2022-08-12,脆球点心,快餐,20,4,80,在线支付,午夜
5712,2022-08-12,新鲜甘蔗汁,饮品,25,2,50,在线支付,午夜
5713,2022-08-12,新鲜甘蔗汁,饮品,25,7,175,在线支付,晚上
5714,2022-08-12,法兰基卷,快餐,50,6,300,现金,早晨
5715,2022-08-12,招牌三明治,快餐,60,8,480,在线支付,下午
5716,2022-08-12,瓦达汉堡,快餐,20,15,300,现金,傍晚
5717,2022-08-12,瓦达汉堡,快餐,20,2,40,在线支付,早晨
5718,2022-08-12,咖喱土豆球,快餐,20,6,120,现金,傍晚
5719,2022-08-12,新鲜甘蔗汁,饮品,25,3,75,现金,午夜
5720,2022-08-12,法兰基卷,快餐,50,7,350,在线支付,晚上
5721,2022-08-12,新鲜甘蔗汁,饮品,25,7,175,在线支付,晚上
5722,2022-08-12,冰咖啡,饮品,40,11,440,在线支付,晚上
5723,2022-08-12,脆球点心,快餐,20,12,240,现金,傍晚
5724,2022-08-12,新鲜甘蔗汁,饮品,25,10,250,现金,傍晚
5725,2022-08-12,冰咖啡,饮品,40,7,280,其他,下午
5726,2022-08-12,招牌三明治,快餐,60,15,900,现金,午夜
5727,2022-08-12,招牌三明治,快餐,60,10,600,现金,下午
5728,2022-08-12,脆球点心,快餐,20,7,140,在线支付,午夜
5729,2022-08-12,咖喱土豆球,快餐,20,8,160,在线支付,晚上
5730,2022-08-12,招牌三明治,快餐,60,9,540,现金,早晨
5731,2022-08-12,法兰基卷,快餐,50,9,450,现金,傍晚
5732,2022-08-12,冰咖啡,饮品,40,3,120,在线支付,午夜
5733,2022-08-12,新鲜甘蔗汁,饮品,25,10,250,在线支付,午夜
5734,2022-08-12,冰咖啡,饮品,40,6,240,现金,傍晚
5735,2022-08-12,冰咖啡,饮品,40,9,360,现金,晚上
5736,2022-08-12,咖喱土豆球,快餐,20,6,120,在线支付,晚上
5737,2022-08-12,脆球点心,快餐,20,9,180,现金,早晨
5738,2022-08-12,招牌三明治,快餐,60,5,300,在线支付,下午
5739,2022-08-12,新鲜甘蔗汁,饮品,25,7,175,其他,傍晚
5740,2022-08-12,新鲜甘蔗汁,饮品,25,8,200,在线支付,傍晚
5741,2022-08-12,法兰基卷,快餐,50,1,50,现金,傍晚
5742,2022-08-12,冰咖啡,饮品,40,12,480,在线支付,晚上
5743,2022-08-12,脆球点心,快餐,20,10,200,在线支付,晚上
5744,2022-08-12,咖喱土豆球,快餐,20,15,300,在线支付,晚上
5745,2022-08-12,法兰基卷,快餐,50,10,500,在线支付,晚上
5746,2022-08-12,法兰基卷,快餐,50,12,600,现金,下午
5747,2022-08-12,瓦达汉堡,快餐,20,6,120,现金,晚上
5748,2022-08-12,招牌三明治,快餐,60,1,60,在线支付,下午
5749,2022-08-12,招牌三明治,快餐,60,11,660,其他,傍晚
5750,2022-08-12,脆球点心,快餐,20,13,260,现金,晚上
5751,2022-08-12,咖喱土豆球,快餐,20,5,100,在线支付,早晨
5752,2022-08-12,新鲜甘蔗汁,饮品,25,14,350,在线支付,晚上
5753,2022-08-12,瓦达汉堡,快餐,20,9,180,现金,傍晚
5754,2022-08-12,招牌三明治,快餐,60,10,600,在线支付,早晨
5755,2022-08-12,招牌三明治,快餐,60,15,900,在线支付,早晨
5756,2022-08-12,瓦达汉堡,快餐,20,6,120,在线支付,傍晚
5757,2022-08-12,法兰基卷,快餐,50,15,750,在线支付,晚上
5758,2022-08-12,招牌三明治,快餐,60,8,480,其他,早晨
5759,2022-08-13,咖喱土豆球,快餐,20,3,60,现金,午夜
5760,2022-08-13,新鲜甘蔗汁,饮品,25,9,225,在线支付,晚上
5761,2022-08-13,冰咖啡,饮品,40,7,280,在线支付,午夜
5762,2022-08-13,招牌三明治,快餐,60,12,720,现金,傍晚
5763,2022-08-13,新鲜甘蔗汁,饮品,25,3,75,现金,傍晚
5764,2022-08-13,瓦达汉堡,快餐,20,9,180,在线支付,早晨
5765,2022-08-13,招牌三明治,快餐,60,1,60,现金,早晨
5766,2022-08-13,脆球点心,快餐,20,9,180,现金,晚上
5767,2022-08-13,招牌三明治,快餐,60,7,420,在线支付,午夜
5768,2022-08-13,瓦达汉堡,快餐,20,12,240,现金,午夜
5769,2022-08-13,招牌三明治,快餐,60,6,360,在线支付,午夜
5770,2022-08-13,脆球点心,快餐,20,6,120,在线支付,早晨
5771,2022-08-13,新鲜甘蔗汁,饮品,25,9,225,现金,午夜
5772,2022-08-13,冰咖啡,饮品,40,15,600,现金,晚上
5773,2022-08-13,新鲜甘蔗汁,饮品,25,6,150,在线支付,下午
5774,2022-08-13,咖喱土豆球,快餐,20,7,140,现金,午夜
5775,2022-08-13,冰咖啡,饮品,40,14,560,现金,晚上
5776,2022-08-13,新鲜甘蔗汁,饮品,25,6,150,在线支付,下午
5777,2022-08-13,法兰基卷,快餐,50,6,300,在线支付,早晨
5778,2022-08-13,法兰基卷,快餐,50,9,450,现金,下午
5779,2022-08-13,瓦达汉堡,快餐,20,12,240,现金,下午
5780,2022-08-13,瓦达汉堡,快餐,20,3,60,现金,下午
5781,2022-08-13,冰咖啡,饮品,40,13,520,其他,早晨
5782,2022-08-13,招牌三明治,快餐,60,10,600,在线支付,晚上
5783,2022-08-13,瓦达汉堡,快餐,20,5,100,现金,晚上
5784,2022-08-13,新鲜甘蔗汁,饮品,25,5,125,其他,午夜
5785,2022-08-13,新鲜甘蔗汁,饮品,25,9,225,在线支付,下午
5786,2022-08-13,新鲜甘蔗汁,饮品,25,12,300,在线支付,下午
5787,2022-08-13,瓦达汉堡,快餐,20,5,100,现金,傍晚
5788,2022-08-13,法兰基卷,快餐,50,12,600,现金,晚上
5789,2022-08-13,冰咖啡,饮品,40,12,480,现金,晚上
5790,2022-08-13,冰咖啡,饮品,40,7,280,在线支付,午夜
5791,2022-08-13,法兰基卷,快餐,50,7,350,现金,晚上
5792,2022-08-13,脆球点心,快餐,20,15,300,现金,下午
5793,2022-08-13,法兰基卷,快餐,50,3,150,现金,午夜
5794,2022-08-13,咖喱土豆球,快餐,20,8,160,现金,午夜
5795,2022-08-13,新鲜甘蔗汁,饮品,25,3,75,现金,傍晚
5796,2022-08-13,咖喱土豆球,快餐,20,3,60,在线支付,下午
5797,2022-08-13,法兰基卷,快餐,50,8,400,在线支付,晚上
5798,2022-08-13,冰咖啡,饮品,40,13,520,在线支付,早晨
5799,2022-08-13,新鲜甘蔗汁,饮品,25,11,275,在线支付,下午
5800,2022-08-13,招牌三明治,快餐,60,5,300,其他,晚上
5801,2022-08-13,脆球点心,快餐,20,15,300,现金,晚上
5802,2022-08-13,脆球点心,快餐,20,12,240,现金,下午
5803,2022-08-13,咖喱土豆球,快餐,20,9,180,在线支付,傍晚
5804,2022-08-13,招牌三明治,快餐,60,5,300,现金,下午
5805,2022-08-13,冰咖啡,饮品,40,13,520,现金,下午
5806,2022-08-13,冰咖啡,饮品,40,10,400,在线支付,下午
5807,2022-08-13,脆球点心,快餐,20,14,280,现金,午夜
5808,2022-08-13,法兰基卷,快餐,50,4,200,在线支付,早晨
5809,2022-08-13,冰咖啡,饮品,40,1,40,在线支付,傍晚
5810,2022-08-13,新鲜甘蔗汁,饮品,25,2,50,现金,傍晚
5811,2022-08-13,冰咖啡,饮品,40,14,560,在线支付,晚上
5812,2022-08-13,招牌三明治,快餐,60,9,540,在线支付,午夜
5813,2022-08-13,法兰基卷,快餐,50,3,150,现金,早晨
5814,2022-08-13,瓦达汉堡,快餐,20,14,280,其他,傍晚
5815,2022-08-13,新鲜甘蔗汁,饮品,25,10,250,现金,午夜
5816,2022-08-13,瓦达汉堡,快餐,20,8,160,现金,早晨
5817,2022-08-13,招牌三明治,快餐,60,12,720,现金,傍晚
5818,2022-08-13,法兰基卷,快餐,50,14,700,在线支付,下午
5819,2022-08-13,招牌三明治,快餐,60,4,240,现金,早晨
5820,2022-08-13,冰咖啡,饮品,40,10,400,在线支付,傍晚
5821,2022-08-13,招牌三明治,快餐,60,8,480,在线支付,早晨
5822,2022-08-13,冰咖啡,饮品,40,5,200,现金,傍晚
5823,2022-08-13,脆球点心,快餐,20,10,200,其他,午夜
5824,2022-08-13,冰咖啡,饮品,40,11,440,其他,午夜
5825,2022-08-13,新鲜甘蔗汁,饮品,25,10,250,现金,傍晚
5826,2022-08-13,法兰基卷,快餐,50,2,100,现金,晚上
5827,2022-08-13,瓦达汉堡,快餐,20,15,300,在线支付,午夜
5828,2022-08-13,脆球点心,快餐,20,10,200,现金,早晨
5829,2022-08-13,咖喱土豆球,快餐,20,5,100,现金,晚上
5830,2022-08-13,瓦达汉堡,快餐,20,12,240,现金,傍晚
5831,2022-08-13,咖喱土豆球,快餐,20,6,120,在线支付,下午
5832,2022-08-13,冰咖啡,饮品,40,5,200,现金,早晨
5833,2022-08-13,法兰基卷,快餐,50,7,350,现金,傍晚
5834,2022-08-13,冰咖啡,饮品,40,12,480,在线支付,早晨
5835,2022-08-13,法兰基卷,快餐,50,15,750,在线支付,下午
5836,2022-08-13,瓦达汉堡,快餐,20,14,280,在线支付,傍晚
5837,2022-08-13,招牌三明治,快餐,60,1,60,在线支付,下午
5838,2022-08-13,法兰基卷,快餐,50,12,600,其他,晚上
5839,2022-08-13,新鲜甘蔗汁,饮品,25,14,350,在线支付,早晨
5840,2022-08-13,招牌三明治,快餐,60,15,900,现金,晚上
5841,2022-08-13,招牌三明治,快餐,60,15,900,现金,下午
5842,2022-08-13,法兰基卷,快餐,50,1,50,在线支付,午夜
5843,2022-08-13,脆球点心,快餐,20,8,160,在线支付,早晨
5844,2022-08-13,脆球点心,快餐,20,15,300,在线支付,晚上
5845,2022-08-13,瓦达汉堡,快餐,20,9,180,在线支付,午夜
5846,2022-08-13,瓦达汉堡,快餐,20,1,20,现金,傍晚
5847,2022-08-13,新鲜甘蔗汁,饮品,25,4,100,现金,傍晚
5848,2022-08-13,招牌三明治,快餐,60,11,660,在线支付,早晨
5849,2022-08-13,咖喱土豆球,快餐,20,10,200,在线支付,午夜
5850,2022-08-13,招牌三明治,快餐,60,2,120,在线支付,晚上
5851,2022-08-13,脆球点心,快餐,20,1,20,现金,傍晚
5852,2022-08-13,脆球点心,快餐,20,14,280,现金,早晨
5853,2022-08-13,瓦达汉堡,快餐,20,8,160,在线支付,早晨
5854,2022-08-13,新鲜甘蔗汁,饮品,25,6,150,现金,下午
5855,2022-08-13,招牌三明治,快餐,60,3,180,其他,早晨
5856,2022-08-13,冰咖啡,饮品,40,12,480,在线支付,下午
5857,2022-08-13,冰咖啡,饮品,40,11,440,现金,午夜
5858,2022-08-13,咖喱土豆球,快餐,20,6,120,在线支付,傍晚
5859,2022-08-13,新鲜甘蔗汁,饮品,25,10,250,现金,早晨
5860,2022-08-13,瓦达汉堡,快餐,20,1,20,现金,午夜
5861,2022-08-13,咖喱土豆球,快餐,20,3,60,现金,早晨
5862,2022-08-13,脆球点心,快餐,20,12,240,在线支付,下午
5863,2022-08-13,脆球点心,快餐,20,8,160,现金,傍晚
5864,2022-08-13,法兰基卷,快餐,50,3,150,现金,傍晚
5865,2022-08-13,脆球点心,快餐,20,13,260,其他,晚上
5866,2022-08-13,冰咖啡,饮品,40,9,360,在线支付,傍晚
5867,2022-08-13,瓦达汉堡,快餐,20,5,100,现金,晚上
5868,2022-08-13,咖喱土豆球,快餐,20,4,80,现金,下午
5869,2022-08-13,脆球点心,快餐,20,13,260,现金,早晨
5870,2022-08-13,法兰基卷,快餐,50,8,400,现金,早晨
5871,2022-08-13,新鲜甘蔗汁,饮品,25,2,50,在线支付,晚上
5872,2022-08-13,法兰基卷,快餐,50,9,450,现金,晚上
5873,2022-08-13,法兰基卷,快餐,50,3,150,在线支付,早晨
5874,2022-08-13,新鲜甘蔗汁,饮品,25,1,25,现金,午夜
5875,2022-08-13,法兰基卷,快餐,50,6,300,现金,晚上
5876,2022-08-13,新鲜甘蔗汁,饮品,25,7,175,现金,晚上
5877,2022-08-13,新鲜甘蔗汁,饮品,25,1,25,现金,傍晚
5878,2022-08-13,瓦达汉堡,快餐,20,6,120,在线支付,午夜
5879,2022-08-13,冰咖啡,饮品,40,10,400,在线支付,午夜
5880,2022-08-13,咖喱土豆球,快餐,20,3,60,其他,午夜
5881,2022-08-13,新鲜甘蔗汁,饮品,25,15,375,其他,下午
5882,2022-08-13,咖喱土豆球,快餐,20,9,180,在线支付,午夜
5883,2022-08-13,瓦达汉堡,快餐,20,2,40,在线支付,傍晚
5884,2022-08-13,新鲜甘蔗汁,饮品,25,14,350,在线支付,下午
5885,2022-08-13,法兰基卷,快餐,50,15,750,在线支付,下午
5886,2022-08-13,冰咖啡,饮品,40,5,200,在线支付,下午
5887,2022-08-13,瓦达汉堡,快餐,20,1,20,在线支付,早晨
5888,2022-08-13,冰咖啡,饮品,40,4,160,现金,早晨
5889,2022-08-13,招牌三明治,快餐,60,13,780,现金,晚上
5890,2022-08-13,新鲜甘蔗汁,饮品,25,2,50,现金,下午
5891,2022-08-13,冰咖啡,饮品,40,1,40,现金,下午
5892,2022-08-13,法兰基卷,快餐,50,4,200,其他,早晨
5893,2022-08-13,瓦达汉堡,快餐,20,1,20,现金,下午
5894,2022-08-13,咖喱土豆球,快餐,20,6,120,在线支付,早晨
5895,2022-08-13,招牌三明治,快餐,60,12,720,在线支付,早晨
5896,2022-08-13,咖喱土豆球,快餐,20,3,60,在线支付,下午
5897,2022-08-13,瓦达汉堡,快餐,20,2,40,现金,午夜
5898,2022-08-13,法兰基卷,快餐,50,2,100,在线支付,晚上
5899,2022-08-13,瓦达汉堡,快餐,20,8,160,在线支付,早晨
5900,2022-08-13,脆球点心,快餐,20,5,100,在线支付,午夜
5901,2022-08-13,新鲜甘蔗汁,饮品,25,3,75,现金,下午
5902,2022-08-13,新鲜甘蔗汁,饮品,25,15,375,其他,傍晚
5903,2022-08-14,冰咖啡,饮品,40,10,400,现金,午夜
5904,2022-08-14,脆球点心,快餐,20,9,180,在线支付,午夜
5905,2022-08-14,招牌三明治,快餐,60,4,240,在线支付,早晨
5906,2022-08-14,新鲜甘蔗汁,饮品,25,15,375,现金,傍晚
5907,2022-08-14,冰咖啡,饮品,40,2,80,现金,晚上
5908,2022-08-14,脆球点心,快餐,20,6,120,现金,早晨
5909,2022-08-14,冰咖啡,饮品,40,9,360,在线支付,晚上
5910,2022-08-14,招牌三明治,快餐,60,10,600,在线支付,傍晚
5911,2022-08-14,咖喱土豆球,快餐,20,12,240,在线支付,早晨
5912,2022-08-14,新鲜甘蔗汁,饮品,25,8,200,现金,早晨
5913,2022-08-14,法兰基卷,快餐,50,11,550,现金,午夜
5914,2022-08-14,新鲜甘蔗汁,饮品,25,8,200,现金,下午
5915,2022-08-14,咖喱土豆球,快餐,20,10,200,其他,早晨
5916,2022-08-14,新鲜甘蔗汁,饮品,25,3,75,在线支付,晚上
5917,2022-08-14,招牌三明治,快餐,60,2,120,现金,傍晚
5918,2022-08-14,瓦达汉堡,快餐,20,9,180,现金,晚上
5919,2022-08-14,咖喱土豆球,快餐,20,7,140,现金,傍晚
5920,2022-08-14,招牌三明治,快餐,60,15,900,在线支付,晚上
5921,2022-08-14,冰咖啡,饮品,40,6,240,在线支付,晚上
5922,2022-08-14,脆球点心,快餐,20,15,300,其他,早晨
5923,2022-08-14,冰咖啡,饮品,40,11,440,在线支付,晚上
5924,2022-08-14,新鲜甘蔗汁,饮品,25,14,350,其他,早晨
5925,2022-08-14,脆球点心,快餐,20,10,200,在线支付,下午
5926,2022-08-14,招牌三明治,快餐,60,9,540,在线支付,傍晚
5927,2022-08-14,咖喱土豆球,快餐,20,8,160,现金,晚上
5928,2022-08-14,法兰基卷,快餐,50,6,300,现金,下午
5929,2022-08-14,脆球点心,快餐,20,3,60,现金,下午
5930,2022-08-14,脆球点心,快餐,20,2,40,现金,下午
5931,2022-08-14,脆球点心,快餐,20,15,300,现金,晚上
5932,2022-08-14,法兰基卷,快餐,50,6,300,现金,傍晚
5933,2022-08-14,脆球点心,快餐,20,9,180,现金,午夜
5934,2022-08-14,法兰基卷,快餐,50,15,750,现金,晚上
5935,2022-08-14,咖喱土豆球,快餐,20,10,200,在线支付,晚上
5936,2022-08-14,新鲜甘蔗汁,饮品,25,15,375,在线支付,午夜
5937,2022-08-14,法兰基卷,快餐,50,8,400,现金,早晨
5938,2022-08-14,冰咖啡,饮品,40,4,160,在线支付,早晨
5939,2022-08-14,法兰基卷,快餐,50,10,500,在线支付,早晨
5940,2022-08-14,冰咖啡,饮品,40,11,440,在线支付,午夜
5941,2022-08-14,脆球点心,快餐,20,6,120,现金,早晨
5942,2022-08-14,咖喱土豆球,快餐,20,1,20,现金,傍晚
5943,2022-08-14,新鲜甘蔗汁,饮品,25,7,175,现金,早晨
5944,2022-08-14,招牌三明治,快餐,60,3,180,在线支付,早晨
5945,2022-08-14,招牌三明治,快餐,60,8,480,在线支付,下午
5946,2022-08-14,脆球点心,快餐,20,12,240,在线支付,早晨
5947,2022-08-14,脆球点心,快餐,20,6,120,在线支付,晚上
5948,2022-08-14,新鲜甘蔗汁,饮品,25,10,250,现金,午夜
5949,2022-08-14,脆球点心,快餐,20,5,100,其他,午夜
5950,2022-08-14,冰咖啡,饮品,40,10,400,现金,早晨
5951,2022-08-14,冰咖啡,饮品,40,3,120,现金,早晨
5952,2022-08-14,脆球点心,快餐,20,1,20,其他,傍晚
5953,2022-08-14,脆球点心,快餐,20,4,80,在线支付,傍晚
5954,2022-08-14,新鲜甘蔗汁,饮品,25,1,25,在线支付,晚上
5955,2022-08-14,新鲜甘蔗汁,饮品,25,9,225,其他,下午
5956,2022-08-14,法兰基卷,快餐,50,10,500,现金,晚上
5957,2022-08-14,法兰基卷,快餐,50,8,400,现金,傍晚
5958,2022-08-14,新鲜甘蔗汁,饮品,25,1,25,在线支付,晚上
5959,2022-08-14,法兰基卷,快餐,50,8,400,现金,晚上
5960,2022-08-14,脆球点心,快餐,20,9,180,在线支付,晚上
5961,2022-08-14,法兰基卷,快餐,50,7,350,其他,晚上
5962,2022-08-14,脆球点心,快餐,20,3,60,在线支付,午夜
5963,2022-08-14,咖喱土豆球,快餐,20,10,200,在线支付,午夜
5964,2022-08-14,招牌三明治,快餐,60,9,540,在线支付,午夜
5965,2022-08-14,瓦达汉堡,快餐,20,10,200,在线支付,傍晚
5966,2022-08-14,脆球点心,快餐,20,4,80,现金,下午
5967,2022-08-14,咖喱土豆球,快餐,20,10,200,现金,下午
5968,2022-08-14,冰咖啡,饮品,40,2,80,在线支付,早晨
5969,2022-08-14,招牌三明治,快餐,60,9,540,在线支付,早晨
5970,2022-08-14,招牌三明治,快餐,60,4,240,现金,早晨
5971,2022-08-14,冰咖啡,饮品,40,12,480,其他,午夜
5972,2022-08-14,脆球点心,快餐,20,2,40,在线支付,下午
5973,2022-08-14,招牌三明治,快餐,60,6,360,在线支付,晚上
5974,2022-08-14,冰咖啡,饮品,40,12,480,现金,午夜
5975,2022-08-14,冰咖啡,饮品,40,8,320,现金,下午
5976,2022-08-14,冰咖啡,饮品,40,4,160,现金,早晨
5977,2022-08-14,咖喱土豆球,快餐,20,10,200,在线支付,早晨
5978,2022-08-14,冰咖啡,饮品,40,3,120,现金,下午
5979,2022-08-14,招牌三明治,快餐,60,12,720,在线支付,晚上
5980,2022-08-14,冰咖啡,饮品,40,12,480,其他,晚上
5981,2022-08-14,新鲜甘蔗汁,饮品,25,6,150,在线支付,晚上
5982,2022-08-14,瓦达汉堡,快餐,20,2,40,现金,晚上
5983,2022-08-14,冰咖啡,饮品,40,9,360,现金,下午
5984,2022-08-14,咖喱土豆球,快餐,20,6,120,现金,早晨
5985,2022-08-14,脆球点心,快餐,20,5,100,现金,晚上
5986,2022-08-14,脆球点心,快餐,20,11,220,现金,午夜
5987,2022-08-14,冰咖啡,饮品,40,5,200,现金,晚上
5988,2022-08-14,新鲜甘蔗汁,饮品,25,9,225,现金,晚上
5989,2022-08-14,招牌三明治,快餐,60,7,420,在线支付,早晨
5990,2022-08-14,冰咖啡,饮品,40,5,200,现金,午夜
5991,2022-08-14,脆球点心,快餐,20,1,20,在线支付,午夜
5992,2022-08-14,冰咖啡,饮品,40,13,520,现金,傍晚
5993,2022-08-14,冰咖啡,饮品,40,4,160,现金,晚上
5994,2022-08-14,招牌三明治,快餐,60,12,720,其他,午夜
5995,2022-08-14,冰咖啡,饮品,40,12,480,其他,晚上
5996,2022-08-14,脆球点心,快餐,20,11,220,在线支付,傍晚
5997,2022-08-14,脆球点心,快餐,20,3,60,在线支付,傍晚
5998,2022-08-14,新鲜甘蔗汁,饮品,25,5,125,现金,早晨
5999,2022-08-14,法兰基卷,快餐,50,1,50,现金,傍晚
6000,2022-08-14,咖喱土豆球,快餐,20,9,180,其他,早晨
6001,2022-08-14,咖喱土豆球,快餐,20,11,220,现金,早晨
6002,2022-08-14,咖喱土豆球,快餐,20,9,180,在线支付,傍晚
6003,2022-08-14,招牌三明治,快餐,60,5,300,在线支付,午夜
6004,2022-08-14,新鲜甘蔗汁,饮品,25,5,125,在线支付,早晨
6005,2022-08-14,脆球点心,快餐,20,4,80,在线支付,下午
6006,2022-08-14,招牌三明治,快餐,60,4,240,在线支付,午夜
6007,2022-08-14,招牌三明治,快餐,60,10,600,在线支付,傍晚
6008,2022-08-14,脆球点心,快餐,20,6,120,在线支付,下午
6009,2022-08-14,新鲜甘蔗汁,饮品,25,8,200,现金,早晨
6010,2022-08-14,瓦达汉堡,快餐,20,8,160,在线支付,傍晚
6011,2022-08-14,招牌三明治,快餐,60,8,480,在线支付,下午
6012,2022-08-14,冰咖啡,饮品,40,5,200,在线支付,午夜
6013,2022-08-14,脆球点心,快餐,20,14,280,现金,早晨
6014,2022-08-14,冰咖啡,饮品,40,7,280,在线支付,下午
6015,2022-08-14,脆球点心,快餐,20,9,180,在线支付,午夜
6016,2022-08-14,招牌三明治,快餐,60,10,600,现金,傍晚
6017,2022-08-14,瓦达汉堡,快餐,20,12,240,现金,下午
6018,2022-08-14,法兰基卷,快餐,50,8,400,现金,下午
6019,2022-08-14,冰咖啡,饮品,40,15,600,在线支付,午夜
6020,2022-08-14,脆球点心,快餐,20,5,100,现金,下午
6021,2022-08-14,咖喱土豆球,快餐,20,9,180,现金,晚上
6022,2022-08-14,招牌三明治,快餐,60,13,780,现金,晚上
6023,2022-08-14,脆球点心,快餐,20,10,200,现金,早晨
6024,2022-08-14,新鲜甘蔗汁,饮品,25,6,150,在线支付,午夜
6025,2022-08-14,瓦达汉堡,快餐,20,11,220,在线支付,晚上
6026,2022-08-14,瓦达汉堡,快餐,20,2,40,在线支付,早晨
6027,2022-08-14,脆球点心,快餐,20,4,80,现金,晚上
6028,2022-08-14,咖喱土豆球,快餐,20,6,120,在线支付,早晨
6029,2022-08-14,新鲜甘蔗汁,饮品,25,8,200,现金,下午
6030,2022-08-14,脆球点心,快餐,20,1,20,在线支付,傍晚
6031,2022-08-14,脆球点心,快餐,20,7,140,现金,午夜
6032,2022-08-14,咖喱土豆球,快餐,20,15,300,现金,晚上
6033,2022-08-14,冰咖啡,饮品,40,7,280,在线支付,午夜
6034,2022-08-14,冰咖啡,饮品,40,10,400,现金,晚上
6035,2022-08-14,新鲜甘蔗汁,饮品,25,2,50,在线支付,下午
6036,2022-08-14,咖喱土豆球,快餐,20,8,160,在线支付,晚上
6037,2022-08-14,脆球点心,快餐,20,1,20,其他,午夜
6038,2022-08-14,新鲜甘蔗汁,饮品,25,11,275,现金,午夜
6039,2022-08-14,咖喱土豆球,快餐,20,8,160,在线支付,傍晚
6040,2022-08-14,法兰基卷,快餐,50,6,300,现金,下午
6041,2022-08-14,脆球点心,快餐,20,4,80,现金,傍晚
6042,2022-08-14,咖喱土豆球,快餐,20,10,200,现金,午夜
6043,2022-08-14,瓦达汉堡,快餐,20,1,20,在线支付,早晨
6044,2022-08-15,瓦达汉堡,快餐,20,8,160,在线支付,早晨
6045,2022-08-15,招牌三明治,快餐,60,13,780,现金,晚上
6046,2022-08-15,冰咖啡,饮品,40,14,560,在线支付,晚上
6047,2022-08-15,新鲜甘蔗汁,饮品,25,10,250,其他,下午
6048,2022-08-15,法兰基卷,快餐,50,13,650,其他,午夜
6049,2022-08-15,招牌三明治,快餐,60,11,660,其他,下午
6050,2022-08-15,招牌三明治,快餐,60,3,180,现金,晚上
6051,2022-08-15,脆球点心,快餐,20,14,280,现金,傍晚
6052,2022-08-15,冰咖啡,饮品,40,9,360,在线支付,晚上
6053,2022-08-15,法兰基卷,快餐,50,3,150,现金,傍晚
6054,2022-08-15,冰咖啡,饮品,40,10,400,现金,下午
6055,2022-08-15,法兰基卷,快餐,50,10,500,在线支付,晚上
6056,2022-08-15,瓦达汉堡,快餐,20,8,160,现金,晚上
6057,2022-08-15,新鲜甘蔗汁,饮品,25,9,225,现金,早晨
6058,2022-08-15,瓦达汉堡,快餐,20,9,180,在线支付,傍晚
6059,2022-08-15,瓦达汉堡,快餐,20,5,100,在线支付,傍晚
6060,2022-08-15,冰咖啡,饮品,40,8,320,现金,下午
6061,2022-08-15,瓦达汉堡,快餐,20,9,180,在线支付,晚上
6062,2022-08-15,冰咖啡,饮品,40,7,280,在线支付,傍晚
6063,2022-08-15,招牌三明治,快餐,60,15,900,在线支付,傍晚
6064,2022-08-15,冰咖啡,饮品,40,8,320,现金,下午
6065,2022-08-15,新鲜甘蔗汁,饮品,25,9,225,在线支付,傍晚
6066,2022-08-15,新鲜甘蔗汁,饮品,25,12,300,现金,早晨
6067,2022-08-15,脆球点心,快餐,20,5,100,现金,晚上
6068,2022-08-15,瓦达汉堡,快餐,20,7,140,在线支付,傍晚
6069,2022-08-15,脆球点心,快餐,20,11,220,现金,早晨
6070,2022-08-15,冰咖啡,饮品,40,5,200,在线支付,傍晚
6071,2022-08-15,新鲜甘蔗汁,饮品,25,6,150,现金,早晨
6072,2022-08-15,脆球点心,快餐,20,1,20,在线支付,傍晚
6073,2022-08-15,脆球点心,快餐,20,5,100,现金,午夜
6074,2022-08-15,脆球点心,快餐,20,1,20,现金,午夜
6075,2022-08-15,招牌三明治,快餐,60,5,300,在线支付,早晨
6076,2022-08-15,冰咖啡,饮品,40,8,320,现金,晚上
6077,2022-08-15,冰咖啡,饮品,40,11,440,在线支付,早晨
6078,2022-08-15,咖喱土豆球,快餐,20,15,300,现金,下午
6079,2022-08-15,咖喱土豆球,快餐,20,12,240,在线支付,晚上
6080,2022-08-15,咖喱土豆球,快餐,20,12,240,在线支付,晚上
6081,2022-08-15,咖喱土豆球,快餐,20,12,240,现金,午夜
6082,2022-08-15,法兰基卷,快餐,50,15,750,在线支付,晚上
6083,2022-08-15,法兰基卷,快餐,50,8,400,现金,午夜
6084,2022-08-15,冰咖啡,饮品,40,6,240,在线支付,午夜
6085,2022-08-15,脆球点心,快餐,20,11,220,其他,下午
6086,2022-08-15,脆球点心,快餐,20,5,100,现金,午夜
6087,2022-08-15,瓦达汉堡,快餐,20,8,160,现金,下午
6088,2022-08-15,咖喱土豆球,快餐,20,2,40,其他,晚上
6089,2022-08-15,咖喱土豆球,快餐,20,1,20,现金,晚上
6090,2022-08-15,招牌三明治,快餐,60,11,660,在线支付,晚上
6091,2022-08-15,冰咖啡,饮品,40,4,160,在线支付,早晨
6092,2022-08-15,招牌三明治,快餐,60,11,660,其他,下午
6093,2022-08-15,咖喱土豆球,快餐,20,14,280,其他,晚上
6094,2022-08-15,瓦达汉堡,快餐,20,2,40,在线支付,下午
6095,2022-08-15,脆球点心,快餐,20,9,180,在线支付,下午
6096,2022-08-15,冰咖啡,饮品,40,11,440,现金,傍晚
6097,2022-08-15,新鲜甘蔗汁,饮品,25,4,100,现金,下午
6098,2022-08-15,法兰基卷,快餐,50,3,150,在线支付,傍晚
6099,2022-08-15,新鲜甘蔗汁,饮品,25,5,125,在线支付,早晨
6100,2022-08-15,冰咖啡,饮品,40,1,40,其他,下午
6101,2022-08-15,冰咖啡,饮品,40,1,40,现金,早晨
6102,2022-08-15,脆球点心,快餐,20,1,20,现金,傍晚
6103,2022-08-15,冰咖啡,饮品,40,7,280,现金,午夜
6104,2022-08-15,招牌三明治,快餐,60,3,180,在线支付,午夜
6105,2022-08-15,新鲜甘蔗汁,饮品,25,10,250,在线支付,午夜
6106,2022-08-15,瓦达汉堡,快餐,20,15,300,在线支付,早晨
6107,2022-08-15,脆球点心,快餐,20,8,160,在线支付,午夜
6108,2022-08-15,脆球点心,快餐,20,13,260,现金,下午
6109,2022-08-15,新鲜甘蔗汁,饮品,25,12,300,在线支付,早晨
6110,2022-08-15,脆球点心,快餐,20,9,180,现金,早晨
6111,2022-08-15,冰咖啡,饮品,40,11,440,现金,晚上
6112,2022-08-15,新鲜甘蔗汁,饮品,25,15,375,现金,午夜
6113,2022-08-15,咖喱土豆球,快餐,20,4,80,现金,午夜
6114,2022-08-15,冰咖啡,饮品,40,15,600,在线支付,傍晚
6115,2022-08-15,瓦达汉堡,快餐,20,11,220,在线支付,下午
6116,2022-08-15,冰咖啡,饮品,40,11,440,现金,傍晚
6117,2022-08-15,冰咖啡,饮品,40,8,320,现金,早晨
6118,2022-08-15,瓦达汉堡,快餐,20,9,180,在线支付,下午
6119,2022-08-15,新鲜甘蔗汁,饮品,25,5,125,现金,下午
6120,2022-08-15,瓦达汉堡,快餐,20,4,80,在线支付,午夜
6121,2022-08-15,招牌三明治,快餐,60,11,660,在线支付,早晨
6122,2022-08-15,新鲜甘蔗汁,饮品,25,13,325,在线支付,下午
6123,2022-08-15,招牌三明治,快餐,60,15,900,在线支付,晚上
6124,2022-08-15,瓦达汉堡,快餐,20,10,200,现金,晚上
6125,2022-08-15,咖喱土豆球,快餐,20,11,220,在线支付,午夜
6126,2022-08-15,招牌三明治,快餐,60,15,900,在线支付,晚上
6127,2022-08-15,新鲜甘蔗汁,饮品,25,9,225,其他,晚上
6128,2022-08-15,冰咖啡,饮品,40,1,40,在线支付,午夜
6129,2022-08-15,脆球点心,快餐,20,7,140,现金,午夜
6130,2022-08-15,法兰基卷,快餐,50,8,400,在线支付,下午
6131,2022-08-15,法兰基卷,快餐,50,6,300,在线支付,傍晚
6132,2022-08-15,冰咖啡,饮品,40,10,400,现金,早晨
6133,2022-08-15,新鲜甘蔗汁,饮品,25,14,350,在线支付,早晨
6134,2022-08-15,招牌三明治,快餐,60,6,360,现金,傍晚
6135,2022-08-15,咖喱土豆球,快餐,20,6,120,在线支付,午夜
6136,2022-08-15,招牌三明治,快餐,60,12,720,在线支付,早晨
6137,2022-08-15,咖喱土豆球,快餐,20,7,140,现金,午夜
6138,2022-08-15,脆球点心,快餐,20,4,80,其他,午夜
6139,2022-08-15,招牌三明治,快餐,60,7,420,现金,早晨
6140,2022-08-15,咖喱土豆球,快餐,20,9,180,现金,午夜
6141,2022-08-15,咖喱土豆球,快餐,20,12,240,在线支付,傍晚
6142,2022-08-15,瓦达汉堡,快餐,20,6,120,其他,下午
6143,2022-08-15,瓦达汉堡,快餐,20,12,240,在线支付,午夜
6144,2022-08-15,新鲜甘蔗汁,饮品,25,12,300,现金,傍晚
6145,2022-08-15,瓦达汉堡,快餐,20,4,80,其他,下午
6146,2022-08-15,招牌三明治,快餐,60,10,600,现金,午夜
6147,2022-08-15,冰咖啡,饮品,40,1,40,现金,早晨
6148,2022-08-15,招牌三明治,快餐,60,9,540,在线支付,晚上
6149,2022-08-15,瓦达汉堡,快餐,20,9,180,在线支付,早晨
6150,2022-08-15,咖喱土豆球,快餐,20,14,280,现金,晚上
6151,2022-08-15,招牌三明治,快餐,60,8,480,在线支付,早晨
6152,2022-08-15,脆球点心,快餐,20,10,200,在线支付,晚上
6153,2022-08-15,脆球点心,快餐,20,12,240,现金,午夜
6154,2022-08-15,冰咖啡,饮品,40,2,80,现金,下午
6155,2022-08-15,冰咖啡,饮品,40,14,560,现金,早晨
6156,2022-08-15,冰咖啡,饮品,40,7,280,在线支付,午夜
6157,2022-08-15,招牌三明治,快餐,60,9,540,其他,早晨
6158,2022-08-15,冰咖啡,饮品,40,11,440,其他,傍晚
6159,2022-08-16,招牌三明治,快餐,60,6,360,现金,下午
6160,2022-08-16,招牌三明治,快餐,60,1,60,现金,早晨
6161,2022-08-16,脆球点心,快餐,20,2,40,在线支付,晚上
6162,2022-08-16,法兰基卷,快餐,50,6,300,在线支付,傍晚
6163,2022-08-16,瓦达汉堡,快餐,20,1,20,现金,午夜
6164,2022-08-16,脆球点心,快餐,20,15,300,在线支付,下午
6165,2022-08-16,咖喱土豆球,快餐,20,10,200,在线支付,下午
6166,2022-08-16,招牌三明治,快餐,60,9,540,在线支付,早晨
6167,2022-08-16,新鲜甘蔗汁,饮品,25,12,300,其他,早晨
6168,2022-08-16,咖喱土豆球,快餐,20,5,100,在线支付,早晨
6169,2022-08-16,法兰基卷,快餐,50,6,300,在线支付,午夜
6170,2022-08-16,脆球点心,快餐,20,15,300,现金,晚上
6171,2022-08-16,冰咖啡,饮品,40,6,240,在线支付,下午
6172,2022-08-16,脆球点心,快餐,20,7,140,在线支付,晚上
6173,2022-08-16,脆球点心,快餐,20,13,260,在线支付,午夜
6174,2022-08-16,法兰基卷,快餐,50,7,350,在线支付,傍晚
6175,2022-08-16,脆球点心,快餐,20,3,60,现金,晚上
6176,2022-08-16,冰咖啡,饮品,40,7,280,在线支付,傍晚
6177,2022-08-16,新鲜甘蔗汁,饮品,25,5,125,在线支付,晚上
6178,2022-08-16,冰咖啡,饮品,40,8,320,现金,下午
6179,2022-08-16,瓦达汉堡,快餐,20,6,120,在线支付,晚上
6180,2022-08-16,脆球点心,快餐,20,15,300,现金,下午
6181,2022-08-16,招牌三明治,快餐,60,12,720,在线支付,下午
6182,2022-08-16,新鲜甘蔗汁,饮品,25,10,250,现金,早晨
6183,2022-08-16,招牌三明治,快餐,60,9,540,现金,晚上
6184,2022-08-16,新鲜甘蔗汁,饮品,25,10,250,现金,晚上
6185,2022-08-16,新鲜甘蔗汁,饮品,25,8,200,在线支付,下午
6186,2022-08-16,冰咖啡,饮品,40,15,600,现金,午夜
6187,2022-08-16,瓦达汉堡,快餐,20,15,300,现金,下午
6188,2022-08-16,咖喱土豆球,快餐,20,12,240,在线支付,晚上
6189,2022-08-16,冰咖啡,饮品,40,12,480,现金,晚上
6190,2022-08-16,脆球点心,快餐,20,7,140,现金,晚上
6191,2022-08-16,新鲜甘蔗汁,饮品,25,14,350,现金,晚上
6192,2022-08-16,法兰基卷,快餐,50,6,300,现金,午夜
6193,2022-08-16,瓦达汉堡,快餐,20,8,160,现金,午夜
6194,2022-08-16,招牌三明治,快餐,60,8,480,其他,傍晚
6195,2022-08-16,招牌三明治,快餐,60,9,540,现金,下午
6196,2022-08-16,瓦达汉堡,快餐,20,4,80,在线支付,傍晚
6197,2022-08-16,新鲜甘蔗汁,饮品,25,7,175,在线支付,下午
6198,2022-08-16,脆球点心,快餐,20,12,240,在线支付,午夜
6199,2022-08-16,瓦达汉堡,快餐,20,9,180,其他,晚上
6200,2022-08-16,冰咖啡,饮品,40,6,240,现金,午夜
6201,2022-08-16,咖喱土豆球,快餐,20,9,180,在线支付,傍晚
6202,2022-08-16,冰咖啡,饮品,40,14,560,现金,下午
6203,2022-08-16,咖喱土豆球,快餐,20,1,20,在线支付,下午
6204,2022-08-16,新鲜甘蔗汁,饮品,25,8,200,在线支付,早晨
6205,2022-08-16,招牌三明治,快餐,60,7,420,其他,午夜
6206,2022-08-16,招牌三明治,快餐,60,1,60,现金,下午
6207,2022-08-16,法兰基卷,快餐,50,11,550,现金,傍晚
6208,2022-08-16,招牌三明治,快餐,60,15,900,其他,早晨
6209,2022-08-16,瓦达汉堡,快餐,20,7,140,现金,午夜
6210,2022-08-16,冰咖啡,饮品,40,12,480,其他,下午
6211,2022-08-16,冰咖啡,饮品,40,4,160,现金,傍晚
6212,2022-08-16,瓦达汉堡,快餐,20,12,240,现金,午夜
6213,2022-08-16,咖喱土豆球,快餐,20,7,140,现金,下午
6214,2022-08-16,冰咖啡,饮品,40,14,560,在线支付,傍晚
6215,2022-08-16,法兰基卷,快餐,50,4,200,现金,傍晚
6216,2022-08-16,招牌三明治,快餐,60,7,420,在线支付,晚上
6217,2022-08-16,冰咖啡,饮品,40,9,360,现金,傍晚
6218,2022-08-16,新鲜甘蔗汁,饮品,25,1,25,在线支付,下午
6219,2022-08-16,新鲜甘蔗汁,饮品,25,2,50,现金,午夜
6220,2022-08-16,瓦达汉堡,快餐,20,11,220,在线支付,傍晚
6221,2022-08-16,瓦达汉堡,快餐,20,10,200,现金,下午
6222,2022-08-16,咖喱土豆球,快餐,20,5,100,其他,午夜
6223,2022-08-16,招牌三明治,快餐,60,5,300,在线支付,傍晚
6224,2022-08-16,招牌三明治,快餐,60,7,420,现金,晚上
6225,2022-08-16,瓦达汉堡,快餐,20,3,60,现金,晚上
6226,2022-08-16,新鲜甘蔗汁,饮品,25,4,100,现金,午夜
6227,2022-08-16,新鲜甘蔗汁,饮品,25,5,125,现金,午夜
6228,2022-08-16,冰咖啡,饮品,40,11,440,其他,午夜
6229,2022-08-16,瓦达汉堡,快餐,20,10,200,在线支付,傍晚
6230,2022-08-16,瓦达汉堡,快餐,20,15,300,在线支付,下午
6231,2022-08-16,法兰基卷,快餐,50,6,300,现金,午夜
6232,2022-08-16,法兰基卷,快餐,50,15,750,现金,晚上
6233,2022-08-16,法兰基卷,快餐,50,7,350,在线支付,午夜
6234,2022-08-16,新鲜甘蔗汁,饮品,25,3,75,现金,晚上
6235,2022-08-16,咖喱土豆球,快餐,20,14,280,现金,傍晚
6236,2022-08-16,脆球点心,快餐,20,5,100,现金,午夜
6237,2022-08-16,新鲜甘蔗汁,饮品,25,2,50,在线支付,傍晚
6238,2022-08-16,冰咖啡,饮品,40,8,320,在线支付,下午
6239,2022-08-16,咖喱土豆球,快餐,20,9,180,现金,傍晚
6240,2022-08-16,咖喱土豆球,快餐,20,9,180,现金,下午
6241,2022-08-16,新鲜甘蔗汁,饮品,25,11,275,在线支付,午夜
6242,2022-08-16,招牌三明治,快餐,60,11,660,现金,晚上
6243,2022-08-16,新鲜甘蔗汁,饮品,25,9,225,在线支付,早晨
6244,2022-08-16,脆球点心,快餐,20,6,120,现金,晚上
6245,2022-08-16,新鲜甘蔗汁,饮品,25,14,350,在线支付,早晨
6246,2022-08-16,法兰基卷,快餐,50,6,300,现金,下午
6247,2022-08-16,脆球点心,快餐,20,15,300,现金,傍晚
6248,2022-08-16,瓦达汉堡,快餐,20,15,300,现金,晚上
6249,2022-08-16,脆球点心,快餐,20,6,120,在线支付,晚上
6250,2022-08-16,瓦达汉堡,快餐,20,9,180,其他,下午
6251,2022-08-16,招牌三明治,快餐,60,8,480,在线支付,晚上
6252,2022-08-16,冰咖啡,饮品,40,12,480,现金,傍晚
6253,2022-08-16,法兰基卷,快餐,50,9,450,现金,午夜
6254,2022-08-16,冰咖啡,饮品,40,13,520,现金,傍晚
6255,2022-08-16,招牌三明治,快餐,60,11,660,现金,傍晚
6256,2022-08-16,新鲜甘蔗汁,饮品,25,15,375,现金,早晨
6257,2022-08-16,咖喱土豆球,快餐,20,3,60,现金,午夜
6258,2022-08-16,法兰基卷,快餐,50,7,350,现金,午夜
6259,2022-08-16,法兰基卷,快餐,50,5,250,现金,晚上
6260,2022-08-16,法兰基卷,快餐,50,14,700,在线支付,傍晚
6261,2022-08-16,脆球点心,快餐,20,6,120,现金,晚上
6262,2022-08-16,瓦达汉堡,快餐,20,14,280,其他,晚上
6263,2022-08-16,招牌三明治,快餐,60,10,600,现金,早晨
6264,2022-08-16,咖喱土豆球,快餐,20,10,200,在线支付,晚上
6265,2022-08-16,法兰基卷,快餐,50,3,150,现金,早晨
6266,2022-08-16,新鲜甘蔗汁,饮品,25,8,200,现金,午夜
6267,2022-08-16,招牌三明治,快餐,60,12,720,现金,晚上
6268,2022-08-16,新鲜甘蔗汁,饮品,25,5,125,在线支付,晚上
6269,2022-08-16,咖喱土豆球,快餐,20,9,180,在线支付,下午
6270,2022-08-17,法兰基卷,快餐,50,10,500,现金,傍晚
6271,2022-08-17,咖喱土豆球,快餐,20,14,280,现金,下午
6272,2022-08-17,咖喱土豆球,快餐,20,13,260,现金,早晨
6273,2022-08-17,新鲜甘蔗汁,饮品,25,15,375,现金,傍晚
6274,2022-08-17,咖喱土豆球,快餐,20,9,180,现金,下午
6275,2022-08-17,脆球点心,快餐,20,6,120,在线支付,下午
6276,2022-08-17,法兰基卷,快餐,50,12,600,在线支付,晚上
6277,2022-08-17,法兰基卷,快餐,50,8,400,现金,傍晚
6278,2022-08-17,瓦达汉堡,快餐,20,7,140,现金,晚上
6279,2022-08-17,脆球点心,快餐,20,15,300,在线支付,早晨
6280,2022-08-17,法兰基卷,快餐,50,15,750,现金,傍晚
6281,2022-08-17,咖喱土豆球,快餐,20,8,160,在线支付,傍晚
6282,2022-08-17,新鲜甘蔗汁,饮品,25,9,225,现金,晚上
6283,2022-08-17,法兰基卷,快餐,50,4,200,现金,晚上
6284,2022-08-17,新鲜甘蔗汁,饮品,25,2,50,在线支付,傍晚
6285,2022-08-17,新鲜甘蔗汁,饮品,25,1,25,现金,午夜
6286,2022-08-17,咖喱土豆球,快餐,20,1,20,现金,午夜
6287,2022-08-17,冰咖啡,饮品,40,3,120,现金,早晨
6288,2022-08-17,新鲜甘蔗汁,饮品,25,10,250,现金,晚上
6289,2022-08-17,瓦达汉堡,快餐,20,15,300,现金,午夜
6290,2022-08-17,脆球点心,快餐,20,1,20,在线支付,下午
6291,2022-08-17,咖喱土豆球,快餐,20,12,240,其他,下午
6292,2022-08-17,新鲜甘蔗汁,饮品,25,3,75,其他,晚上
6293,2022-08-17,招牌三明治,快餐,60,1,60,在线支付,午夜
6294,2022-08-17,新鲜甘蔗汁,饮品,25,13,325,在线支付,下午
6295,2022-08-17,瓦达汉堡,快餐,20,4,80,其他,早晨
6296,2022-08-17,招牌三明治,快餐,60,11,660,在线支付,午夜
6297,2022-08-17,咖喱土豆球,快餐,20,10,200,在线支付,傍晚
6298,2022-08-17,瓦达汉堡,快餐,20,4,80,在线支付,午夜
6299,2022-08-17,瓦达汉堡,快餐,20,7,140,在线支付,早晨
6300,2022-08-17,脆球点心,快餐,20,7,140,现金,午夜
6301,2022-08-17,瓦达汉堡,快餐,20,15,300,现金,晚上
6302,2022-08-17,新鲜甘蔗汁,饮品,25,5,125,其他,早晨
6303,2022-08-17,招牌三明治,快餐,60,2,120,在线支付,早晨
6304,2022-08-17,法兰基卷,快餐,50,10,500,现金,傍晚
6305,2022-08-17,冰咖啡,饮品,40,13,520,其他,下午
6306,2022-08-17,瓦达汉堡,快餐,20,8,160,现金,下午
6307,2022-08-17,脆球点心,快餐,20,14,280,在线支付,傍晚
6308,2022-08-17,新鲜甘蔗汁,饮品,25,5,125,在线支付,早晨
6309,2022-08-17,咖喱土豆球,快餐,20,15,300,现金,晚上
6310,2022-08-17,新鲜甘蔗汁,饮品,25,9,225,在线支付,下午
6311,2022-08-17,新鲜甘蔗汁,饮品,25,12,300,现金,午夜
6312,2022-08-17,咖喱土豆球,快餐,20,11,220,现金,下午
6313,2022-08-17,招牌三明治,快餐,60,6,360,在线支付,下午
6314,2022-08-17,脆球点心,快餐,20,15,300,在线支付,早晨
6315,2022-08-17,新鲜甘蔗汁,饮品,25,15,375,在线支付,晚上
6316,2022-08-17,新鲜甘蔗汁,饮品,25,3,75,在线支付,下午
6317,2022-08-17,脆球点心,快餐,20,9,180,在线支付,傍晚
6318,2022-08-17,脆球点心,快餐,20,4,80,在线支付,傍晚
6319,2022-08-17,新鲜甘蔗汁,饮品,25,1,25,现金,早晨
6320,2022-08-17,脆球点心,快餐,20,1,20,现金,晚上
6321,2022-08-17,咖喱土豆球,快餐,20,1,20,在线支付,晚上
6322,2022-08-17,瓦达汉堡,快餐,20,15,300,在线支付,傍晚
6323,2022-08-17,法兰基卷,快餐,50,9,450,现金,晚上
6324,2022-08-17,瓦达汉堡,快餐,20,15,300,现金,下午
6325,2022-08-17,新鲜甘蔗汁,饮品,25,7,175,现金,下午
6326,2022-08-17,脆球点心,快餐,20,4,80,在线支付,午夜
6327,2022-08-17,新鲜甘蔗汁,饮品,25,4,100,在线支付,晚上
6328,2022-08-17,脆球点心,快餐,20,12,240,现金,晚上
6329,2022-08-17,法兰基卷,快餐,50,15,750,在线支付,傍晚
6330,2022-08-17,招牌三明治,快餐,60,4,240,其他,午夜
6331,2022-08-17,招牌三明治,快餐,60,15,900,现金,早晨
6332,2022-08-17,瓦达汉堡,快餐,20,14,280,现金,晚上
6333,2022-08-17,脆球点心,快餐,20,4,80,现金,傍晚
6334,2022-08-17,冰咖啡,饮品,40,1,40,在线支付,晚上
6335,2022-08-17,咖喱土豆球,快餐,20,9,180,现金,下午
6336,2022-08-17,瓦达汉堡,快餐,20,6,120,在线支付,下午
6337,2022-08-17,新鲜甘蔗汁,饮品,25,10,250,在线支付,下午
6338,2022-08-17,脆球点心,快餐,20,10,200,现金,午夜
6339,2022-08-17,咖喱土豆球,快餐,20,1,20,其他,晚上
6340,2022-08-17,脆球点心,快餐,20,6,120,在线支付,午夜
6341,2022-08-17,咖喱土豆球,快餐,20,12,240,现金,晚上
6342,2022-08-17,新鲜甘蔗汁,饮品,25,2,50,在线支付,早晨
6343,2022-08-17,脆球点心,快餐,20,12,240,现金,下午
6344,2022-08-17,新鲜甘蔗汁,饮品,25,5,125,在线支付,傍晚
6345,2022-08-17,冰咖啡,饮品,40,5,200,现金,下午
6346,2022-08-17,瓦达汉堡,快餐,20,15,300,现金,午夜
6347,2022-08-17,招牌三明治,快餐,60,8,480,现金,午夜
6348,2022-08-17,瓦达汉堡,快餐,20,7,140,其他,午夜
6349,2022-08-17,瓦达汉堡,快餐,20,8,160,其他,下午
6350,2022-08-17,新鲜甘蔗汁,饮品,25,9,225,在线支付,晚上
6351,2022-08-17,新鲜甘蔗汁,饮品,25,10,250,在线支付,早晨
6352,2022-08-17,新鲜甘蔗汁,饮品,25,11,275,在线支付,傍晚
6353,2022-08-17,脆球点心,快餐,20,15,300,现金,晚上
6354,2022-08-17,瓦达汉堡,快餐,20,7,140,现金,晚上
6355,2022-08-17,脆球点心,快餐,20,6,120,在线支付,午夜
6356,2022-08-17,瓦达汉堡,快餐,20,7,140,其他,傍晚
6357,2022-08-17,法兰基卷,快餐,50,8,400,在线支付,午夜
6358,2022-08-17,瓦达汉堡,快餐,20,4,80,现金,早晨
6359,2022-08-17,招牌三明治,快餐,60,12,720,现金,下午
6360,2022-08-17,咖喱土豆球,快餐,20,10,200,在线支付,午夜
6361,2022-08-17,新鲜甘蔗汁,饮品,25,6,150,在线支付,晚上
6362,2022-08-17,瓦达汉堡,快餐,20,8,160,在线支付,早晨
6363,2022-08-17,瓦达汉堡,快餐,20,11,220,现金,傍晚
6364,2022-08-17,咖喱土豆球,快餐,20,15,300,现金,晚上
6365,2022-08-17,法兰基卷,快餐,50,7,350,在线支付,傍晚
6366,2022-08-17,招牌三明治,快餐,60,8,480,现金,下午
6367,2022-08-17,咖喱土豆球,快餐,20,5,100,在线支付,傍晚
6368,2022-08-17,脆球点心,快餐,20,8,160,在线支付,午夜
6369,2022-08-17,招牌三明治,快餐,60,7,420,其他,晚上
6370,2022-08-17,瓦达汉堡,快餐,20,8,160,现金,晚上
6371,2022-08-17,冰咖啡,饮品,40,11,440,现金,晚上
6372,2022-08-17,新鲜甘蔗汁,饮品,25,6,150,在线支付,下午
6373,2022-08-17,瓦达汉堡,快餐,20,9,180,现金,晚上
6374,2022-08-17,法兰基卷,快餐,50,15,750,在线支付,傍晚
6375,2022-08-17,法兰基卷,快餐,50,8,400,现金,傍晚
6376,2022-08-17,咖喱土豆球,快餐,20,8,160,在线支付,早晨
6377,2022-08-17,法兰基卷,快餐,50,15,750,现金,早晨
6378,2022-08-17,冰咖啡,饮品,40,10,400,现金,晚上
6379,2022-08-17,冰咖啡,饮品,40,11,440,在线支付,晚上
6380,2022-08-17,招牌三明治,快餐,60,7,420,现金,晚上
6381,2022-08-17,新鲜甘蔗汁,饮品,25,13,325,在线支付,下午
6382,2022-08-17,冰咖啡,饮品,40,9,360,现金,下午
6383,2022-08-17,法兰基卷,快餐,50,15,750,在线支付,早晨
6384,2022-08-17,脆球点心,快餐,20,3,60,现金,早晨
6385,2022-08-17,脆球点心,快餐,20,15,300,现金,午夜
6386,2022-08-17,法兰基卷,快餐,50,12,600,现金,晚上
6387,2022-08-17,咖喱土豆球,快餐,20,10,200,在线支付,晚上
6388,2022-08-17,法兰基卷,快餐,50,5,250,现金,午夜
6389,2022-08-17,招牌三明治,快餐,60,7,420,在线支付,下午
6390,2022-08-17,新鲜甘蔗汁,饮品,25,9,225,现金,早晨
6391,2022-08-17,咖喱土豆球,快餐,20,3,60,现金,下午
6392,2022-08-17,招牌三明治,快餐,60,1,60,现金,早晨
6393,2022-08-17,咖喱土豆球,快餐,20,10,200,现金,下午
6394,2022-08-17,招牌三明治,快餐,60,9,540,其他,午夜
6395,2022-08-17,瓦达汉堡,快餐,20,13,260,现金,早晨
6396,2022-08-17,瓦达汉堡,快餐,20,12,240,现金,下午
6397,2022-08-18,新鲜甘蔗汁,饮品,25,10,250,在线支付,傍晚
6398,2022-08-18,新鲜甘蔗汁,饮品,25,1,25,现金,下午
6399,2022-08-18,法兰基卷,快餐,50,12,600,现金,晚上
6400,2022-08-18,脆球点心,快餐,20,5,100,在线支付,傍晚
6401,2022-08-18,脆球点心,快餐,20,12,240,现金,晚上
6402,2022-08-18,瓦达汉堡,快餐,20,13,260,其他,傍晚
6403,2022-08-18,瓦达汉堡,快餐,20,3,60,现金,下午
6404,2022-08-18,冰咖啡,饮品,40,14,560,在线支付,晚上
6405,2022-08-18,脆球点心,快餐,20,2,40,现金,傍晚
6406,2022-08-18,招牌三明治,快餐,60,6,360,在线支付,早晨
6407,2022-08-18,冰咖啡,饮品,40,12,480,现金,晚上
6408,2022-08-18,法兰基卷,快餐,50,11,550,现金,晚上
6409,2022-08-18,招牌三明治,快餐,60,9,540,在线支付,下午
6410,2022-08-18,法兰基卷,快餐,50,2,100,在线支付,晚上
6411,2022-08-18,咖喱土豆球,快餐,20,2,40,在线支付,晚上
6412,2022-08-18,招牌三明治,快餐,60,10,600,现金,傍晚
6413,2022-08-18,新鲜甘蔗汁,饮品,25,14,350,现金,晚上
6414,2022-08-18,瓦达汉堡,快餐,20,1,20,现金,下午
6415,2022-08-18,冰咖啡,饮品,40,1,40,现金,下午
6416,2022-08-18,咖喱土豆球,快餐,20,6,120,在线支付,早晨
6417,2022-08-18,咖喱土豆球,快餐,20,15,300,在线支付,下午
6418,2022-08-18,法兰基卷,快餐,50,5,250,现金,下午
6419,2022-08-18,招牌三明治,快餐,60,14,840,在线支付,午夜
6420,2022-08-18,冰咖啡,饮品,40,4,160,在线支付,晚上
6421,2022-08-18,招牌三明治,快餐,60,4,240,在线支付,下午
6422,2022-08-18,新鲜甘蔗汁,饮品,25,14,350,现金,早晨
6423,2022-08-18,瓦达汉堡,快餐,20,4,80,现金,下午
6424,2022-08-18,法兰基卷,快餐,50,6,300,在线支付,午夜
6425,2022-08-18,瓦达汉堡,快餐,20,6,120,现金,午夜
6426,2022-08-18,脆球点心,快餐,20,7,140,现金,晚上
6427,2022-08-18,脆球点心,快餐,20,2,40,现金,午夜
6428,2022-08-18,法兰基卷,快餐,50,1,50,现金,早晨
6429,2022-08-18,脆球点心,快餐,20,1,20,在线支付,晚上
6430,2022-08-18,咖喱土豆球,快餐,20,3,60,现金,晚上
6431,2022-08-18,脆球点心,快餐,20,8,160,现金,早晨
6432,2022-08-18,新鲜甘蔗汁,饮品,25,9,225,在线支付,午夜
6433,2022-08-18,冰咖啡,饮品,40,15,600,在线支付,下午
6434,2022-08-18,脆球点心,快餐,20,10,200,其他,早晨
6435,2022-08-18,新鲜甘蔗汁,饮品,25,11,275,现金,下午
6436,2022-08-18,瓦达汉堡,快餐,20,14,280,在线支付,傍晚
6437,2022-08-18,新鲜甘蔗汁,饮品,25,3,75,在线支付,晚上
6438,2022-08-18,咖喱土豆球,快餐,20,13,260,现金,午夜
6439,2022-08-18,瓦达汉堡,快餐,20,6,120,其他,下午
6440,2022-08-18,新鲜甘蔗汁,饮品,25,3,75,现金,傍晚
6441,2022-08-18,法兰基卷,快餐,50,7,350,现金,午夜
6442,2022-08-18,招牌三明治,快餐,60,1,60,现金,早晨
6443,2022-08-18,招牌三明治,快餐,60,15,900,现金,早晨
6444,2022-08-18,瓦达汉堡,快餐,20,12,240,在线支付,早晨
6445,2022-08-18,咖喱土豆球,快餐,20,5,100,现金,下午
6446,2022-08-18,法兰基卷,快餐,50,4,200,在线支付,早晨
6447,2022-08-18,招牌三明治,快餐,60,12,720,其他,下午
6448,2022-08-18,瓦达汉堡,快餐,20,10,200,现金,傍晚
6449,2022-08-18,新鲜甘蔗汁,饮品,25,12,300,现金,早晨
6450,2022-08-18,新鲜甘蔗汁,饮品,25,9,225,现金,早晨
6451,2022-08-18,新鲜甘蔗汁,饮品,25,9,225,现金,午夜
6452,2022-08-18,冰咖啡,饮品,40,10,400,在线支付,早晨
6453,2022-08-18,招牌三明治,快餐,60,8,480,在线支付,午夜
6454,2022-08-18,法兰基卷,快餐,50,8,400,其他,下午
6455,2022-08-18,新鲜甘蔗汁,饮品,25,4,100,在线支付,晚上
6456,2022-08-18,瓦达汉堡,快餐,20,3,60,在线支付,早晨
6457,2022-08-18,咖喱土豆球,快餐,20,12,240,现金,早晨
6458,2022-08-18,咖喱土豆球,快餐,20,12,240,在线支付,早晨
6459,2022-08-18,瓦达汉堡,快餐,20,14,280,现金,早晨
6460,2022-08-18,法兰基卷,快餐,50,1,50,现金,午夜
6461,2022-08-18,脆球点心,快餐,20,7,140,在线支付,午夜
6462,2022-08-18,脆球点心,快餐,20,13,260,在线支付,傍晚
6463,2022-08-18,瓦达汉堡,快餐,20,7,140,现金,傍晚
6464,2022-08-18,法兰基卷,快餐,50,15,750,其他,下午
6465,2022-08-18,冰咖啡,饮品,40,14,560,在线支付,傍晚
6466,2022-08-18,新鲜甘蔗汁,饮品,25,6,150,在线支付,傍晚
6467,2022-08-18,瓦达汉堡,快餐,20,12,240,在线支付,午夜
6468,2022-08-18,冰咖啡,饮品,40,11,440,现金,晚上
6469,2022-08-18,咖喱土豆球,快餐,20,9,180,在线支付,早晨
6470,2022-08-18,招牌三明治,快餐,60,15,900,在线支付,傍晚
6471,2022-08-18,法兰基卷,快餐,50,6,300,在线支付,傍晚
6472,2022-08-18,新鲜甘蔗汁,饮品,25,9,225,在线支付,下午
6473,2022-08-18,法兰基卷,快餐,50,7,350,现金,晚上
6474,2022-08-18,咖喱土豆球,快餐,20,12,240,现金,下午
6475,2022-08-18,招牌三明治,快餐,60,9,540,其他,早晨
6476,2022-08-18,法兰基卷,快餐,50,13,650,在线支付,晚上
6477,2022-08-18,瓦达汉堡,快餐,20,10,200,在线支付,午夜
6478,2022-08-18,脆球点心,快餐,20,6,120,在线支付,傍晚
6479,2022-08-18,新鲜甘蔗汁,饮品,25,1,25,现金,傍晚
6480,2022-08-18,招牌三明治,快餐,60,10,600,在线支付,傍晚
6481,2022-08-18,新鲜甘蔗汁,饮品,25,1,25,在线支付,午夜
6482,2022-08-18,法兰基卷,快餐,50,4,200,现金,午夜
6483,2022-08-18,新鲜甘蔗汁,饮品,25,6,150,现金,早晨
6484,2022-08-18,咖喱土豆球,快餐,20,8,160,现金,下午
6485,2022-08-18,瓦达汉堡,快餐,20,9,180,在线支付,晚上
6486,2022-08-18,法兰基卷,快餐,50,1,50,在线支付,午夜
6487,2022-08-18,脆球点心,快餐,20,11,220,在线支付,傍晚
6488,2022-08-18,瓦达汉堡,快餐,20,11,220,现金,下午
6489,2022-08-18,招牌三明治,快餐,60,13,780,其他,傍晚
6490,2022-08-18,脆球点心,快餐,20,9,180,现金,午夜
6491,2022-08-18,瓦达汉堡,快餐,20,2,40,现金,下午
6492,2022-08-18,新鲜甘蔗汁,饮品,25,8,200,现金,午夜
6493,2022-08-18,咖喱土豆球,快餐,20,4,80,现金,午夜
6494,2022-08-18,冰咖啡,饮品,40,15,600,其他,午夜
6495,2022-08-18,新鲜甘蔗汁,饮品,25,13,325,在线支付,午夜
6496,2022-08-18,招牌三明治,快餐,60,7,420,在线支付,午夜
6497,2022-08-18,招牌三明治,快餐,60,10,600,现金,早晨
6498,2022-08-18,新鲜甘蔗汁,饮品,25,12,300,在线支付,下午
6499,2022-08-18,咖喱土豆球,快餐,20,15,300,现金,早晨
6500,2022-08-18,瓦达汉堡,快餐,20,11,220,现金,下午
6501,2022-08-18,新鲜甘蔗汁,饮品,25,12,300,现金,傍晚
6502,2022-08-18,招牌三明治,快餐,60,3,180,现金,傍晚
6503,2022-08-18,招牌三明治,快餐,60,6,360,在线支付,午夜
6504,2022-08-18,咖喱土豆球,快餐,20,1,20,在线支付,晚上
6505,2022-08-18,咖喱土豆球,快餐,20,15,300,现金,早晨
6506,2022-08-18,脆球点心,快餐,20,13,260,在线支付,下午
6507,2022-08-18,招牌三明治,快餐,60,7,420,其他,早晨
6508,2022-08-18,新鲜甘蔗汁,饮品,25,14,350,其他,早晨
6509,2022-08-18,招牌三明治,快餐,60,7,420,在线支付,下午
6510,2022-08-18,招牌三明治,快餐,60,13,780,现金,下午
6511,2022-08-18,脆球点心,快餐,20,8,160,在线支付,午夜
6512,2022-08-18,瓦达汉堡,快餐,20,4,80,现金,下午
6513,2022-08-18,法兰基卷,快餐,50,12,600,在线支付,早晨
6514,2022-08-18,法兰基卷,快餐,50,12,600,现金,午夜
6515,2022-08-18,招牌三明治,快餐,60,8,480,现金,晚上
6516,2022-08-18,冰咖啡,饮品,40,10,400,在线支付,傍晚
6517,2022-08-18,招牌三明治,快餐,60,10,600,在线支付,晚上
6518,2022-08-19,招牌三明治,快餐,60,11,660,在线支付,早晨
6519,2022-08-19,招牌三明治,快餐,60,13,780,现金,傍晚
6520,2022-08-19,法兰基卷,快餐,50,8,400,现金,早晨
6521,2022-08-19,脆球点心,快餐,20,2,40,现金,晚上
6522,2022-08-19,冰咖啡,饮品,40,12,480,现金,晚上
6523,2022-08-19,新鲜甘蔗汁,饮品,25,10,250,现金,下午
6524,2022-08-19,咖喱土豆球,快餐,20,7,140,现金,傍晚
6525,2022-08-19,咖喱土豆球,快餐,20,5,100,在线支付,午夜
6526,2022-08-19,冰咖啡,饮品,40,2,80,现金,傍晚
6527,2022-08-19,咖喱土豆球,快餐,20,9,180,在线支付,午夜
6528,2022-08-19,冰咖啡,饮品,40,7,280,在线支付,晚上
6529,2022-08-19,新鲜甘蔗汁,饮品,25,4,100,在线支付,下午
6530,2022-08-19,咖喱土豆球,快餐,20,7,140,现金,午夜
6531,2022-08-19,法兰基卷,快餐,50,7,350,现金,下午
6532,2022-08-19,冰咖啡,饮品,40,8,320,现金,晚上
6533,2022-08-19,冰咖啡,饮品,40,5,200,现金,午夜
6534,2022-08-19,新鲜甘蔗汁,饮品,25,9,225,在线支付,午夜
6535,2022-08-19,新鲜甘蔗汁,饮品,25,10,250,现金,早晨
6536,2022-08-19,新鲜甘蔗汁,饮品,25,14,350,现金,下午
6537,2022-08-19,冰咖啡,饮品,40,15,600,其他,下午
6538,2022-08-19,冰咖啡,饮品,40,7,280,现金,早晨
6539,2022-08-19,招牌三明治,快餐,60,3,180,在线支付,午夜
6540,2022-08-19,冰咖啡,饮品,40,6,240,现金,早晨
6541,2022-08-19,冰咖啡,饮品,40,7,280,在线支付,早晨
6542,2022-08-19,瓦达汉堡,快餐,20,1,20,现金,早晨
6543,2022-08-19,冰咖啡,饮品,40,2,80,现金,傍晚
6544,2022-08-19,咖喱土豆球,快餐,20,7,140,其他,下午
6545,2022-08-19,招牌三明治,快餐,60,12,720,其他,早晨
6546,2022-08-19,瓦达汉堡,快餐,20,7,140,在线支付,午夜
6547,2022-08-19,冰咖啡,饮品,40,13,520,现金,傍晚
6548,2022-08-19,新鲜甘蔗汁,饮品,25,7,175,现金,傍晚
6549,2022-08-19,新鲜甘蔗汁,饮品,25,15,375,现金,下午
6550,2022-08-19,脆球点心,快餐,20,4,80,在线支付,下午
6551,2022-08-19,脆球点心,快餐,20,9,180,现金,午夜
6552,2022-08-19,冰咖啡,饮品,40,3,120,现金,早晨
6553,2022-08-19,冰咖啡,饮品,40,11,440,现金,午夜
6554,2022-08-19,新鲜甘蔗汁,饮品,25,2,50,现金,傍晚
6555,2022-08-19,冰咖啡,饮品,40,12,480,在线支付,晚上
6556,2022-08-19,招牌三明治,快餐,60,11,660,现金,下午
6557,2022-08-19,咖喱土豆球,快餐,20,5,100,现金,晚上
6558,2022-08-19,瓦达汉堡,快餐,20,8,160,在线支付,下午
6559,2022-08-19,新鲜甘蔗汁,饮品,25,8,200,其他,早晨
6560,2022-08-19,瓦达汉堡,快餐,20,3,60,在线支付,早晨
6561,2022-08-19,新鲜甘蔗汁,饮品,25,4,100,现金,午夜
6562,2022-08-19,瓦达汉堡,快餐,20,4,80,在线支付,晚上
6563,2022-08-19,咖喱土豆球,快餐,20,15,300,现金,傍晚
6564,2022-08-19,招牌三明治,快餐,60,2,120,在线支付,早晨
6565,2022-08-19,新鲜甘蔗汁,饮品,25,10,250,在线支付,傍晚
6566,2022-08-19,新鲜甘蔗汁,饮品,25,1,25,其他,下午
6567,2022-08-19,招牌三明治,快餐,60,1,60,现金,早晨
6568,2022-08-19,咖喱土豆球,快餐,20,15,300,在线支付,午夜
6569,2022-08-19,新鲜甘蔗汁,饮品,25,2,50,在线支付,傍晚
6570,2022-08-19,冰咖啡,饮品,40,9,360,现金,晚上
6571,2022-08-19,法兰基卷,快餐,50,15,750,在线支付,午夜
6572,2022-08-19,法兰基卷,快餐,50,2,100,现金,傍晚
6573,2022-08-19,招牌三明治,快餐,60,12,720,在线支付,午夜
6574,2022-08-19,脆球点心,快餐,20,14,280,现金,傍晚
6575,2022-08-19,冰咖啡,饮品,40,9,360,在线支付,晚上
6576,2022-08-19,脆球点心,快餐,20,6,120,现金,午夜
6577,2022-08-19,法兰基卷,快餐,50,5,250,在线支付,早晨
6578,2022-08-19,招牌三明治,快餐,60,1,60,在线支付,下午
6579,2022-08-19,冰咖啡,饮品,40,9,360,现金,晚上
6580,2022-08-19,脆球点心,快餐,20,7,140,在线支付,晚上
6581,2022-08-19,法兰基卷,快餐,50,10,500,现金,晚上
6582,2022-08-19,法兰基卷,快餐,50,9,450,在线支付,下午
6583,2022-08-19,瓦达汉堡,快餐,20,2,40,在线支付,午夜
6584,2022-08-19,招牌三明治,快餐,60,1,60,现金,早晨
6585,2022-08-19,法兰基卷,快餐,50,6,300,现金,下午
6586,2022-08-19,咖喱土豆球,快餐,20,4,80,在线支付,傍晚
6587,2022-08-19,招牌三明治,快餐,60,9,540,现金,午夜
6588,2022-08-19,脆球点心,快餐,20,3,60,现金,下午
6589,2022-08-19,招牌三明治,快餐,60,2,120,现金,早晨
6590,2022-08-19,法兰基卷,快餐,50,1,50,在线支付,早晨
6591,2022-08-19,招牌三明治,快餐,60,8,480,在线支付,早晨
6592,2022-08-19,新鲜甘蔗汁,饮品,25,7,175,现金,下午
6593,2022-08-19,瓦达汉堡,快餐,20,8,160,在线支付,午夜
6594,2022-08-19,法兰基卷,快餐,50,4,200,现金,傍晚
6595,2022-08-19,招牌三明治,快餐,60,7,420,现金,早晨
6596,2022-08-19,法兰基卷,快餐,50,3,150,其他,傍晚
6597,2022-08-19,瓦达汉堡,快餐,20,12,240,现金,午夜
6598,2022-08-19,法兰基卷,快餐,50,6,300,现金,下午
6599,2022-08-19,咖喱土豆球,快餐,20,7,140,在线支付,傍晚
6600,2022-08-19,瓦达汉堡,快餐,20,3,60,在线支付,早晨
6601,2022-08-19,瓦达汉堡,快餐,20,8,160,现金,傍晚
6602,2022-08-19,瓦达汉堡,快餐,20,9,180,在线支付,午夜
6603,2022-08-19,法兰基卷,快餐,50,5,250,现金,傍晚
6604,2022-08-19,新鲜甘蔗汁,饮品,25,6,150,现金,下午
6605,2022-08-19,冰咖啡,饮品,40,7,280,现金,午夜
6606,2022-08-19,脆球点心,快餐,20,12,240,在线支付,下午
6607,2022-08-19,瓦达汉堡,快餐,20,8,160,在线支付,午夜
6608,2022-08-19,冰咖啡,饮品,40,14,560,现金,下午
6609,2022-08-19,新鲜甘蔗汁,饮品,25,7,175,现金,傍晚
6610,2022-08-19,冰咖啡,饮品,40,2,80,在线支付,傍晚
6611,2022-08-19,脆球点心,快餐,20,11,220,在线支付,下午
6612,2022-08-19,冰咖啡,饮品,40,4,160,在线支付,下午
6613,2022-08-19,咖喱土豆球,快餐,20,11,220,在线支付,下午
6614,2022-08-19,冰咖啡,饮品,40,7,280,现金,午夜
6615,2022-08-19,瓦达汉堡,快餐,20,12,240,其他,晚上
6616,2022-08-19,咖喱土豆球,快餐,20,6,120,现金,午夜
6617,2022-08-19,法兰基卷,快餐,50,9,450,在线支付,下午
6618,2022-08-19,咖喱土豆球,快餐,20,4,80,现金,下午
6619,2022-08-19,瓦达汉堡,快餐,20,10,200,在线支付,傍晚
6620,2022-08-19,瓦达汉堡,快餐,20,13,260,在线支付,傍晚
6621,2022-08-19,冰咖啡,饮品,40,13,520,在线支付,早晨
6622,2022-08-19,脆球点心,快餐,20,5,100,现金,傍晚
6623,2022-08-19,脆球点心,快餐,20,9,180,其他,晚上
6624,2022-08-19,新鲜甘蔗汁,饮品,25,4,100,现金,早晨
6625,2022-08-19,冰咖啡,饮品,40,2,80,现金,晚上
6626,2022-08-19,脆球点心,快餐,20,7,140,其他,早晨
6627,2022-08-19,脆球点心,快餐,20,8,160,在线支付,早晨
6628,2022-08-19,咖喱土豆球,快餐,20,10,200,现金,下午
6629,2022-08-19,脆球点心,快餐,20,15,300,在线支付,下午
6630,2022-08-19,冰咖啡,饮品,40,6,240,现金,早晨
6631,2022-08-19,法兰基卷,快餐,50,7,350,在线支付,午夜
6632,2022-08-19,新鲜甘蔗汁,饮品,25,7,175,现金,午夜
6633,2022-08-19,法兰基卷,快餐,50,6,300,其他,晚上
6634,2022-08-19,脆球点心,快餐,20,1,20,在线支付,早晨
6635,2022-08-19,冰咖啡,饮品,40,4,160,在线支付,下午
6636,2022-08-19,冰咖啡,饮品,40,3,120,在线支付,午夜
6637,2022-08-19,冰咖啡,饮品,40,7,280,现金,下午
6638,2022-08-19,新鲜甘蔗汁,饮品,25,4,100,现金,傍晚
6639,2022-08-19,脆球点心,快餐,20,4,80,在线支付,傍晚
6640,2022-08-19,招牌三明治,快餐,60,2,120,现金,傍晚
6641,2022-08-19,咖喱土豆球,快餐,20,4,80,其他,下午
6642,2022-08-19,新鲜甘蔗汁,饮品,25,7,175,现金,晚上
6643,2022-08-19,咖喱土豆球,快餐,20,6,120,现金,晚上
6644,2022-08-19,咖喱土豆球,快餐,20,7,140,在线支付,晚上
6645,2022-08-19,法兰基卷,快餐,50,7,350,在线支付,晚上
6646,2022-08-19,新鲜甘蔗汁,饮品,25,9,225,在线支付,午夜
6647,2022-08-19,咖喱土豆球,快餐,20,6,120,现金,傍晚
6648,2022-08-19,冰咖啡,饮品,40,5,200,现金,下午
6649,2022-08-19,新鲜甘蔗汁,饮品,25,7,175,在线支付,下午
6650,2022-08-19,脆球点心,快餐,20,7,140,其他,午夜
6651,2022-08-19,冰咖啡,饮品,40,13,520,在线支付,晚上
6652,2022-08-19,瓦达汉堡,快餐,20,15,300,在线支付,下午
6653,2022-08-19,瓦达汉堡,快餐,20,6,120,现金,下午
6654,2022-08-19,咖喱土豆球,快餐,20,11,220,现金,傍晚
6655,2022-08-19,冰咖啡,饮品,40,8,320,在线支付,下午
6656,2022-08-19,新鲜甘蔗汁,饮品,25,2,50,在线支付,傍晚
6657,2022-08-19,法兰基卷,快餐,50,13,650,在线支付,傍晚
6658,2022-08-19,瓦达汉堡,快餐,20,1,20,现金,傍晚
6659,2022-08-19,新鲜甘蔗汁,饮品,25,9,225,现金,傍晚
6660,2022-08-20,新鲜甘蔗汁,饮品,25,1,25,现金,早晨
6661,2022-08-20,招牌三明治,快餐,60,7,420,在线支付,早晨
6662,2022-08-20,脆球点心,快餐,20,8,160,现金,午夜
6663,2022-08-20,瓦达汉堡,快餐,20,7,140,在线支付,晚上
6664,2022-08-20,招牌三明治,快餐,60,11,660,在线支付,晚上
6665,2022-08-20,脆球点心,快餐,20,8,160,其他,午夜
6666,2022-08-20,招牌三明治,快餐,60,12,720,现金,傍晚
6667,2022-08-20,招牌三明治,快餐,60,9,540,在线支付,傍晚
6668,2022-08-20,冰咖啡,饮品,40,1,40,现金,早晨
6669,2022-08-20,脆球点心,快餐,20,2,40,现金,午夜
6670,2022-08-20,冰咖啡,饮品,40,5,200,在线支付,早晨
6671,2022-08-20,新鲜甘蔗汁,饮品,25,8,200,现金,午夜
6672,2022-08-20,法兰基卷,快餐,50,4,200,现金,晚上
6673,2022-08-20,脆球点心,快餐,20,8,160,在线支付,下午
6674,2022-08-20,法兰基卷,快餐,50,10,500,在线支付,早晨
6675,2022-08-20,脆球点心,快餐,20,3,60,现金,晚上
6676,2022-08-20,瓦达汉堡,快餐,20,11,220,在线支付,早晨
6677,2022-08-20,瓦达汉堡,快餐,20,5,100,现金,早晨
6678,2022-08-20,冰咖啡,饮品,40,8,320,在线支付,晚上
6679,2022-08-20,冰咖啡,饮品,40,7,280,在线支付,晚上
6680,2022-08-20,新鲜甘蔗汁,饮品,25,9,225,现金,早晨
6681,2022-08-20,冰咖啡,饮品,40,10,400,在线支付,午夜
6682,2022-08-20,咖喱土豆球,快餐,20,12,240,在线支付,下午
6683,2022-08-20,冰咖啡,饮品,40,4,160,在线支付,早晨
6684,2022-08-20,脆球点心,快餐,20,12,240,现金,早晨
6685,2022-08-20,新鲜甘蔗汁,饮品,25,14,350,现金,下午
6686,2022-08-20,法兰基卷,快餐,50,9,450,在线支付,傍晚
6687,2022-08-20,咖喱土豆球,快餐,20,6,120,在线支付,下午
6688,2022-08-20,法兰基卷,快餐,50,2,100,现金,晚上
6689,2022-08-20,冰咖啡,饮品,40,7,280,在线支付,午夜
6690,2022-08-20,新鲜甘蔗汁,饮品,25,14,350,现金,下午
6691,2022-08-20,法兰基卷,快餐,50,15,750,其他,晚上
6692,2022-08-20,招牌三明治,快餐,60,9,540,现金,午夜
6693,2022-08-20,新鲜甘蔗汁,饮品,25,3,75,现金,下午
6694,2022-08-20,法兰基卷,快餐,50,10,500,在线支付,下午
6695,2022-08-20,法兰基卷,快餐,50,8,400,其他,晚上
6696,2022-08-20,冰咖啡,饮品,40,9,360,现金,午夜
6697,2022-08-20,瓦达汉堡,快餐,20,8,160,现金,傍晚
6698,2022-08-20,脆球点心,快餐,20,4,80,现金,午夜
6699,2022-08-20,冰咖啡,饮品,40,15,600,现金,晚上
6700,2022-08-20,法兰基卷,快餐,50,10,500,在线支付,早晨
6701,2022-08-20,法兰基卷,快餐,50,10,500,在线支付,傍晚
6702,2022-08-20,招牌三明治,快餐,60,1,60,在线支付,傍晚
6703,2022-08-20,冰咖啡,饮品,40,1,40,现金,傍晚
6704,2022-08-20,法兰基卷,快餐,50,5,250,现金,傍晚
6705,2022-08-20,新鲜甘蔗汁,饮品,25,11,275,现金,下午
6706,2022-08-20,法兰基卷,快餐,50,11,550,在线支付,午夜
6707,2022-08-20,新鲜甘蔗汁,饮品,25,14,350,现金,傍晚
6708,2022-08-20,冰咖啡,饮品,40,8,320,其他,午夜
6709,2022-08-20,瓦达汉堡,快餐,20,11,220,其他,午夜
6710,2022-08-20,法兰基卷,快餐,50,2,100,现金,午夜
6711,2022-08-20,脆球点心,快餐,20,12,240,现金,下午
6712,2022-08-20,冰咖啡,饮品,40,12,480,现金,下午
6713,2022-08-20,脆球点心,快餐,20,12,240,在线支付,下午
6714,2022-08-20,招牌三明治,快餐,60,1,60,在线支付,傍晚
6715,2022-08-20,法兰基卷,快餐,50,6,300,在线支付,傍晚
6716,2022-08-20,法兰基卷,快餐,50,9,450,在线支付,早晨
6717,2022-08-20,新鲜甘蔗汁,饮品,25,7,175,在线支付,早晨
6718,2022-08-20,脆球点心,快餐,20,9,180,现金,下午
6719,2022-08-20,咖喱土豆球,快餐,20,8,160,在线支付,晚上
6720,2022-08-20,咖喱土豆球,快餐,20,15,300,在线支付,早晨
6721,2022-08-20,冰咖啡,饮品,40,14,560,现金,傍晚
6722,2022-08-20,咖喱土豆球,快餐,20,7,140,现金,早晨
6723,2022-08-20,新鲜甘蔗汁,饮品,25,15,375,在线支付,晚上
6724,2022-08-20,脆球点心,快餐,20,11,220,在线支付,午夜
6725,2022-08-20,法兰基卷,快餐,50,8,400,在线支付,下午
6726,2022-08-20,冰咖啡,饮品,40,11,440,在线支付,傍晚
6727,2022-08-20,脆球点心,快餐,20,1,20,在线支付,晚上
6728,2022-08-20,新鲜甘蔗汁,饮品,25,13,325,其他,晚上
6729,2022-08-20,冰咖啡,饮品,40,8,320,在线支付,午夜
6730,2022-08-20,法兰基卷,快餐,50,7,350,在线支付,晚上
6731,2022-08-20,冰咖啡,饮品,40,8,320,在线支付,傍晚
6732,2022-08-20,招牌三明治,快餐,60,7,420,在线支付,早晨
6733,2022-08-20,冰咖啡,饮品,40,15,600,在线支付,午夜
6734,2022-08-20,新鲜甘蔗汁,饮品,25,15,375,现金,傍晚
6735,2022-08-20,脆球点心,快餐,20,13,260,现金,晚上
6736,2022-08-20,瓦达汉堡,快餐,20,2,40,现金,午夜
6737,2022-08-20,脆球点心,快餐,20,7,140,在线支付,午夜
6738,2022-08-20,冰咖啡,饮品,40,7,280,其他,晚上
6739,2022-08-20,法兰基卷,快餐,50,14,700,在线支付,傍晚
6740,2022-08-20,招牌三明治,快餐,60,10,600,现金,午夜
6741,2022-08-20,脆球点心,快餐,20,3,60,现金,下午
6742,2022-08-20,瓦达汉堡,快餐,20,10,200,在线支付,晚上
6743,2022-08-20,瓦达汉堡,快餐,20,15,300,在线支付,下午
6744,2022-08-20,瓦达汉堡,快餐,20,7,140,在线支付,晚上
6745,2022-08-20,法兰基卷,快餐,50,11,550,现金,晚上
6746,2022-08-20,新鲜甘蔗汁,饮品,25,13,325,现金,午夜
6747,2022-08-20,招牌三明治,快餐,60,5,300,在线支付,下午
6748,2022-08-20,冰咖啡,饮品,40,13,520,现金,傍晚
6749,2022-08-20,招牌三明治,快餐,60,8,480,在线支付,晚上
6750,2022-08-20,新鲜甘蔗汁,饮品,25,7,175,在线支付,晚上
6751,2022-08-20,新鲜甘蔗汁,饮品,25,2,50,现金,晚上
6752,2022-08-20,新鲜甘蔗汁,饮品,25,7,175,现金,傍晚
6753,2022-08-20,脆球点心,快餐,20,7,140,在线支付,下午
6754,2022-08-20,招牌三明治,快餐,60,4,240,在线支付,下午
6755,2022-08-20,瓦达汉堡,快餐,20,14,280,在线支付,傍晚
6756,2022-08-20,冰咖啡,饮品,40,14,560,现金,早晨
6757,2022-08-20,脆球点心,快餐,20,1,20,其他,晚上
6758,2022-08-20,瓦达汉堡,快餐,20,5,100,现金,傍晚
6759,2022-08-20,招牌三明治,快餐,60,15,900,现金,早晨
6760,2022-08-20,招牌三明治,快餐,60,9,540,在线支付,下午
6761,2022-08-20,瓦达汉堡,快餐,20,11,220,在线支付,早晨
6762,2022-08-20,招牌三明治,快餐,60,10,600,现金,午夜
6763,2022-08-20,咖喱土豆球,快餐,20,7,140,现金,傍晚
6764,2022-08-20,新鲜甘蔗汁,饮品,25,13,325,在线支付,午夜
6765,2022-08-20,法兰基卷,快餐,50,11,550,其他,晚上
6766,2022-08-20,脆球点心,快餐,20,15,300,现金,晚上
6767,2022-08-20,咖喱土豆球,快餐,20,6,120,现金,傍晚
6768,2022-08-20,招牌三明治,快餐,60,2,120,其他,早晨
6769,2022-08-20,新鲜甘蔗汁,饮品,25,10,250,在线支付,午夜
6770,2022-08-20,咖喱土豆球,快餐,20,6,120,现金,晚上
6771,2022-08-20,招牌三明治,快餐,60,14,840,现金,晚上
6772,2022-08-20,法兰基卷,快餐,50,8,400,在线支付,午夜
6773,2022-08-20,招牌三明治,快餐,60,4,240,现金,早晨
6774,2022-08-20,新鲜甘蔗汁,饮品,25,11,275,现金,午夜
6775,2022-08-20,冰咖啡,饮品,40,15,600,现金,下午
6776,2022-08-20,冰咖啡,饮品,40,9,360,在线支付,下午
6777,2022-08-20,瓦达汉堡,快餐,20,13,260,在线支付,傍晚
6778,2022-08-21,新鲜甘蔗汁,饮品,25,8,200,在线支付,午夜
6779,2022-08-21,新鲜甘蔗汁,饮品,25,9,225,在线支付,下午
6780,2022-08-21,招牌三明治,快餐,60,5,300,现金,晚上
6781,2022-08-21,招牌三明治,快餐,60,6,360,现金,晚上
6782,2022-08-21,法兰基卷,快餐,50,7,350,在线支付,早晨
6783,2022-08-21,新鲜甘蔗汁,饮品,25,4,100,现金,晚上
6784,2022-08-21,咖喱土豆球,快餐,20,15,300,现金,早晨
6785,2022-08-21,新鲜甘蔗汁,饮品,25,7,175,现金,早晨
6786,2022-08-21,新鲜甘蔗汁,饮品,25,5,125,现金,下午
6787,2022-08-21,瓦达汉堡,快餐,20,7,140,现金,午夜
6788,2022-08-21,冰咖啡,饮品,40,6,240,在线支付,下午
6789,2022-08-21,招牌三明治,快餐,60,11,660,现金,下午
6790,2022-08-21,冰咖啡,饮品,40,5,200,现金,晚上
6791,2022-08-21,冰咖啡,饮品,40,2,80,现金,傍晚
6792,2022-08-21,冰咖啡,饮品,40,10,400,在线支付,午夜
6793,2022-08-21,冰咖啡,饮品,40,12,480,现金,晚上
6794,2022-08-21,新鲜甘蔗汁,饮品,25,9,225,现金,下午
6795,2022-08-21,招牌三明治,快餐,60,2,120,现金,傍晚
6796,2022-08-21,招牌三明治,快餐,60,14,840,在线支付,傍晚
6797,2022-08-21,新鲜甘蔗汁,饮品,25,6,150,在线支付,下午
6798,2022-08-21,脆球点心,快餐,20,14,280,现金,早晨
6799,2022-08-21,咖喱土豆球,快餐,20,15,300,在线支付,午夜
6800,2022-08-21,冰咖啡,饮品,40,9,360,在线支付,晚上
6801,2022-08-21,冰咖啡,饮品,40,10,400,在线支付,晚上
6802,2022-08-21,咖喱土豆球,快餐,20,7,140,现金,傍晚
6803,2022-08-21,冰咖啡,饮品,40,10,400,现金,晚上
6804,2022-08-21,新鲜甘蔗汁,饮品,25,9,225,在线支付,下午
6805,2022-08-21,法兰基卷,快餐,50,15,750,现金,傍晚
6806,2022-08-21,法兰基卷,快餐,50,7,350,现金,傍晚
6807,2022-08-21,招牌三明治,快餐,60,13,780,现金,晚上
6808,2022-08-21,法兰基卷,快餐,50,11,550,现金,下午
6809,2022-08-21,法兰基卷,快餐,50,15,750,现金,早晨
6810,2022-08-21,法兰基卷,快餐,50,3,150,现金,傍晚
6811,2022-08-21,咖喱土豆球,快餐,20,11,220,现金,早晨
6812,2022-08-21,招牌三明治,快餐,60,4,240,现金,早晨
6813,2022-08-21,法兰基卷,快餐,50,3,150,现金,傍晚
6814,2022-08-21,新鲜甘蔗汁,饮品,25,11,275,在线支付,午夜
6815,2022-08-21,法兰基卷,快餐,50,11,550,在线支付,午夜
6816,2022-08-21,冰咖啡,饮品,40,10,400,现金,晚上
6817,2022-08-21,瓦达汉堡,快餐,20,7,140,现金,早晨
6818,2022-08-21,新鲜甘蔗汁,饮品,25,10,250,现金,早晨
6819,2022-08-21,招牌三明治,快餐,60,10,600,其他,傍晚
6820,2022-08-21,招牌三明治,快餐,60,10,600,在线支付,晚上
6821,2022-08-21,脆球点心,快餐,20,6,120,其他,午夜
6822,2022-08-21,法兰基卷,快餐,50,9,450,现金,午夜
6823,2022-08-21,招牌三明治,快餐,60,10,600,其他,晚上
6824,2022-08-21,冰咖啡,饮品,40,11,440,在线支付,午夜
6825,2022-08-21,法兰基卷,快餐,50,15,750,现金,早晨
6826,2022-08-21,法兰基卷,快餐,50,8,400,现金,午夜
6827,2022-08-21,瓦达汉堡,快餐,20,10,200,现金,傍晚
6828,2022-08-21,冰咖啡,饮品,40,12,480,现金,早晨
6829,2022-08-21,咖喱土豆球,快餐,20,10,200,其他,午夜
6830,2022-08-21,冰咖啡,饮品,40,6,240,现金,早晨
6831,2022-08-21,冰咖啡,饮品,40,9,360,在线支付,午夜
6832,2022-08-21,新鲜甘蔗汁,饮品,25,7,175,现金,晚上
6833,2022-08-21,脆球点心,快餐,20,11,220,现金,下午
6834,2022-08-21,脆球点心,快餐,20,6,120,现金,早晨
6835,2022-08-21,咖喱土豆球,快餐,20,15,300,现金,傍晚
6836,2022-08-21,咖喱土豆球,快餐,20,11,220,在线支付,下午
6837,2022-08-21,脆球点心,快餐,20,6,120,在线支付,晚上
6838,2022-08-21,法兰基卷,快餐,50,4,200,在线支付,早晨
6839,2022-08-21,招牌三明治,快餐,60,11,660,在线支付,晚上
6840,2022-08-21,冰咖啡,饮品,40,9,360,现金,早晨
6841,2022-08-21,新鲜甘蔗汁,饮品,25,15,375,在线支付,早晨
6842,2022-08-21,招牌三明治,快餐,60,13,780,在线支付,早晨
6843,2022-08-21,咖喱土豆球,快餐,20,8,160,在线支付,晚上
6844,2022-08-21,瓦达汉堡,快餐,20,10,200,现金,下午
6845,2022-08-21,法兰基卷,快餐,50,8,400,在线支付,午夜
6846,2022-08-21,招牌三明治,快餐,60,9,540,现金,下午
6847,2022-08-21,脆球点心,快餐,20,8,160,其他,早晨
6848,2022-08-21,咖喱土豆球,快餐,20,1,20,现金,早晨
6849,2022-08-21,法兰基卷,快餐,50,8,400,在线支付,早晨
6850,2022-08-21,冰咖啡,饮品,40,6,240,现金,下午
6851,2022-08-21,新鲜甘蔗汁,饮品,25,3,75,现金,下午
6852,2022-08-21,脆球点心,快餐,20,3,60,在线支付,下午
6853,2022-08-21,法兰基卷,快餐,50,8,400,现金,下午
6854,2022-08-21,冰咖啡,饮品,40,11,440,在线支付,下午
6855,2022-08-21,咖喱土豆球,快餐,20,3,60,现金,早晨
6856,2022-08-21,新鲜甘蔗汁,饮品,25,12,300,现金,傍晚
6857,2022-08-21,冰咖啡,饮品,40,7,280,现金,下午
6858,2022-08-21,瓦达汉堡,快餐,20,7,140,现金,傍晚
6859,2022-08-21,法兰基卷,快餐,50,9,450,其他,午夜
6860,2022-08-21,法兰基卷,快餐,50,3,150,其他,午夜
6861,2022-08-21,新鲜甘蔗汁,饮品,25,6,150,其他,早晨
6862,2022-08-21,新鲜甘蔗汁,饮品,25,14,350,其他,傍晚
6863,2022-08-21,新鲜甘蔗汁,饮品,25,9,225,现金,下午
6864,2022-08-21,咖喱土豆球,快餐,20,9,180,现金,午夜
6865,2022-08-21,冰咖啡,饮品,40,6,240,现金,午夜
6866,2022-08-21,瓦达汉堡,快餐,20,6,120,在线支付,傍晚
6867,2022-08-21,冰咖啡,饮品,40,6,240,在线支付,下午
6868,2022-08-21,新鲜甘蔗汁,饮品,25,10,250,现金,晚上
6869,2022-08-21,脆球点心,快餐,20,11,220,现金,下午
6870,2022-08-21,咖喱土豆球,快餐,20,3,60,现金,早晨
6871,2022-08-21,法兰基卷,快餐,50,10,500,在线支付,傍晚
6872,2022-08-21,招牌三明治,快餐,60,1,60,在线支付,午夜
6873,2022-08-21,法兰基卷,快餐,50,4,200,现金,下午
6874,2022-08-21,咖喱土豆球,快餐,20,9,180,在线支付,傍晚
6875,2022-08-21,冰咖啡,饮品,40,7,280,在线支付,早晨
6876,2022-08-21,法兰基卷,快餐,50,15,750,现金,午夜
6877,2022-08-21,招牌三明治,快餐,60,3,180,在线支付,晚上
6878,2022-08-21,瓦达汉堡,快餐,20,4,80,现金,午夜
6879,2022-08-21,法兰基卷,快餐,50,10,500,在线支付,早晨
6880,2022-08-22,法兰基卷,快餐,50,8,400,现金,早晨
6881,2022-08-22,冰咖啡,饮品,40,10,400,现金,晚上
6882,2022-08-22,瓦达汉堡,快餐,20,9,180,现金,下午
6883,2022-08-22,咖喱土豆球,快餐,20,9,180,在线支付,午夜
6884,2022-08-22,瓦达汉堡,快餐,20,8,160,现金,傍晚
6885,2022-08-22,新鲜甘蔗汁,饮品,25,14,350,现金,午夜
6886,2022-08-22,新鲜甘蔗汁,饮品,25,6,150,现金,傍晚
6887,2022-08-22,瓦达汉堡,快餐,20,11,220,现金,晚上
6888,2022-08-22,咖喱土豆球,快餐,20,5,100,在线支付,傍晚
6889,2022-08-22,冰咖啡,饮品,40,14,560,在线支付,晚上
6890,2022-08-22,瓦达汉堡,快餐,20,13,260,现金,晚上
6891,2022-08-22,脆球点心,快餐,20,9,180,其他,傍晚
6892,2022-08-22,新鲜甘蔗汁,饮品,25,1,25,现金,下午
6893,2022-08-22,脆球点心,快餐,20,2,40,在线支付,午夜
6894,2022-08-22,新鲜甘蔗汁,饮品,25,9,225,现金,早晨
6895,2022-08-22,咖喱土豆球,快餐,20,13,260,现金,晚上
6896,2022-08-22,新鲜甘蔗汁,饮品,25,8,200,其他,晚上
6897,2022-08-22,法兰基卷,快餐,50,12,600,在线支付,傍晚
6898,2022-08-22,冰咖啡,饮品,40,6,240,在线支付,下午
6899,2022-08-22,法兰基卷,快餐,50,1,50,现金,傍晚
6900,2022-08-22,脆球点心,快餐,20,1,20,在线支付,晚上
6901,2022-08-22,瓦达汉堡,快餐,20,13,260,在线支付,下午
6902,2022-08-22,冰咖啡,饮品,40,2,80,在线支付,下午
6903,2022-08-22,瓦达汉堡,快餐,20,6,120,其他,早晨
6904,2022-08-22,咖喱土豆球,快餐,20,15,300,现金,下午
6905,2022-08-22,瓦达汉堡,快餐,20,8,160,现金,午夜
6906,2022-08-22,新鲜甘蔗汁,饮品,25,6,150,在线支付,傍晚
6907,2022-08-22,瓦达汉堡,快餐,20,9,180,在线支付,午夜
6908,2022-08-22,瓦达汉堡,快餐,20,5,100,在线支付,晚上
6909,2022-08-22,瓦达汉堡,快餐,20,9,180,现金,下午
6910,2022-08-22,脆球点心,快餐,20,13,260,在线支付,傍晚
6911,2022-08-22,瓦达汉堡,快餐,20,9,180,现金,傍晚
6912,2022-08-22,法兰基卷,快餐,50,13,650,现金,午夜
6913,2022-08-22,瓦达汉堡,快餐,20,4,80,其他,早晨
6914,2022-08-22,新鲜甘蔗汁,饮品,25,13,325,其他,早晨
6915,2022-08-22,招牌三明治,快餐,60,5,300,现金,下午
6916,2022-08-22,新鲜甘蔗汁,饮品,25,12,300,现金,早晨
6917,2022-08-22,冰咖啡,饮品,40,5,200,其他,早晨
6918,2022-08-22,招牌三明治,快餐,60,6,360,现金,午夜
6919,2022-08-22,脆球点心,快餐,20,7,140,在线支付,下午
6920,2022-08-22,脆球点心,快餐,20,1,20,其他,午夜
6921,2022-08-22,咖喱土豆球,快餐,20,10,200,在线支付,午夜
6922,2022-08-22,法兰基卷,快餐,50,1,50,在线支付,下午
6923,2022-08-22,招牌三明治,快餐,60,7,420,现金,晚上
6924,2022-08-22,招牌三明治,快餐,60,7,420,现金,傍晚
6925,2022-08-22,瓦达汉堡,快餐,20,13,260,在线支付,早晨
6926,2022-08-22,咖喱土豆球,快餐,20,12,240,现金,午夜
6927,2022-08-22,瓦达汉堡,快餐,20,4,80,其他,下午
6928,2022-08-22,脆球点心,快餐,20,15,300,其他,傍晚
6929,2022-08-22,脆球点心,快餐,20,9,180,在线支付,早晨
6930,2022-08-22,法兰基卷,快餐,50,9,450,在线支付,早晨
6931,2022-08-22,法兰基卷,快餐,50,15,750,现金,早晨
6932,2022-08-22,冰咖啡,饮品,40,8,320,在线支付,晚上
6933,2022-08-22,招牌三明治,快餐,60,2,120,现金,午夜
6934,2022-08-22,冰咖啡,饮品,40,7,280,在线支付,晚上
6935,2022-08-22,招牌三明治,快餐,60,12,720,在线支付,晚上
6936,2022-08-22,冰咖啡,饮品,40,3,120,现金,早晨
6937,2022-08-22,法兰基卷,快餐,50,7,350,现金,早晨
6938,2022-08-22,法兰基卷,快餐,50,9,450,现金,晚上
6939,2022-08-22,法兰基卷,快餐,50,13,650,现金,下午
6940,2022-08-22,咖喱土豆球,快餐,20,12,240,在线支付,早晨
6941,2022-08-22,瓦达汉堡,快餐,20,1,20,在线支付,晚上
6942,2022-08-22,法兰基卷,快餐,50,7,350,在线支付,傍晚
6943,2022-08-22,新鲜甘蔗汁,饮品,25,14,350,现金,傍晚
6944,2022-08-22,脆球点心,快餐,20,8,160,在线支付,早晨
6945,2022-08-22,招牌三明治,快餐,60,8,480,在线支付,傍晚
6946,2022-08-22,咖喱土豆球,快餐,20,10,200,其他,傍晚
6947,2022-08-22,新鲜甘蔗汁,饮品,25,12,300,在线支付,午夜
6948,2022-08-22,新鲜甘蔗汁,饮品,25,11,275,其他,午夜
6949,2022-08-22,新鲜甘蔗汁,饮品,25,12,300,现金,傍晚
6950,2022-08-22,法兰基卷,快餐,50,8,400,现金,早晨
6951,2022-08-22,瓦达汉堡,快餐,20,13,260,在线支付,晚上
6952,2022-08-22,脆球点心,快餐,20,7,140,其他,傍晚
6953,2022-08-22,脆球点心,快餐,20,8,160,现金,下午
6954,2022-08-22,脆球点心,快餐,20,5,100,在线支付,傍晚
6955,2022-08-22,法兰基卷,快餐,50,9,450,现金,晚上
6956,2022-08-22,咖喱土豆球,快餐,20,6,120,在线支付,傍晚
6957,2022-08-22,脆球点心,快餐,20,10,200,现金,晚上
6958,2022-08-22,冰咖啡,饮品,40,8,320,在线支付,晚上
6959,2022-08-22,冰咖啡,饮品,40,9,360,在线支付,下午
6960,2022-08-22,脆球点心,快餐,20,5,100,在线支付,午夜
6961,2022-08-22,冰咖啡,饮品,40,13,520,现金,傍晚
6962,2022-08-22,咖喱土豆球,快餐,20,11,220,现金,晚上
6963,2022-08-22,法兰基卷,快餐,50,13,650,在线支付,早晨
6964,2022-08-22,咖喱土豆球,快餐,20,3,60,在线支付,傍晚
6965,2022-08-22,法兰基卷,快餐,50,10,500,现金,午夜
6966,2022-08-22,新鲜甘蔗汁,饮品,25,11,275,在线支付,下午
6967,2022-08-22,冰咖啡,饮品,40,8,320,在线支付,傍晚
6968,2022-08-22,瓦达汉堡,快餐,20,9,180,其他,晚上
6969,2022-08-22,法兰基卷,快餐,50,3,150,现金,午夜
6970,2022-08-22,瓦达汉堡,快餐,20,3,60,现金,午夜
6971,2022-08-22,冰咖啡,饮品,40,1,40,现金,早晨
6972,2022-08-22,法兰基卷,快餐,50,5,250,现金,傍晚
6973,2022-08-22,冰咖啡,饮品,40,5,200,在线支付,晚上
6974,2022-08-22,法兰基卷,快餐,50,10,500,在线支付,傍晚
6975,2022-08-22,瓦达汉堡,快餐,20,8,160,在线支付,早晨
6976,2022-08-22,招牌三明治,快餐,60,1,60,现金,早晨
6977,2022-08-22,招牌三明治,快餐,60,8,480,在线支付,下午
6978,2022-08-22,咖喱土豆球,快餐,20,5,100,其他,下午
6979,2022-08-22,脆球点心,快餐,20,11,220,在线支付,傍晚
6980,2022-08-22,脆球点心,快餐,20,11,220,现金,午夜
6981,2022-08-22,瓦达汉堡,快餐,20,10,200,在线支付,晚上
6982,2022-08-22,咖喱土豆球,快餐,20,7,140,在线支付,下午
6983,2022-08-22,瓦达汉堡,快餐,20,7,140,在线支付,午夜
6984,2022-08-22,冰咖啡,饮品,40,12,480,现金,午夜
6985,2022-08-22,招牌三明治,快餐,60,1,60,现金,早晨
6986,2022-08-22,脆球点心,快餐,20,12,240,现金,早晨
6987,2022-08-22,瓦达汉堡,快餐,20,6,120,在线支付,午夜
6988,2022-08-22,法兰基卷,快餐,50,5,250,其他,晚上
6989,2022-08-22,瓦达汉堡,快餐,20,6,120,其他,下午
6990,2022-08-22,脆球点心,快餐,20,13,260,现金,傍晚
6991,2022-08-22,冰咖啡,饮品,40,6,240,在线支付,傍晚
6992,2022-08-22,冰咖啡,饮品,40,12,480,其他,午夜
6993,2022-08-22,法兰基卷,快餐,50,4,200,现金,午夜
6994,2022-08-22,新鲜甘蔗汁,饮品,25,12,300,现金,晚上
6995,2022-08-22,脆球点心,快餐,20,9,180,在线支付,午夜
6996,2022-08-22,咖喱土豆球,快餐,20,14,280,其他,下午
6997,2022-08-22,新鲜甘蔗汁,饮品,25,1,25,现金,下午
6998,2022-08-22,瓦达汉堡,快餐,20,5,100,现金,早晨
6999,2022-08-23,招牌三明治,快餐,60,13,780,在线支付,晚上
7000,2022-08-23,咖喱土豆球,快餐,20,7,140,现金,午夜
7001,2022-08-23,法兰基卷,快餐,50,1,50,在线支付,午夜
7002,2022-08-23,脆球点心,快餐,20,6,120,现金,晚上
7003,2022-08-23,法兰基卷,快餐,50,10,500,其他,早晨
7004,2022-08-23,法兰基卷,快餐,50,7,350,现金,晚上
7005,2022-08-23,脆球点心,快餐,20,12,240,在线支付,下午
7006,2022-08-23,冰咖啡,饮品,40,9,360,在线支付,午夜
7007,2022-08-23,脆球点心,快餐,20,11,220,在线支付,傍晚
7008,2022-08-23,法兰基卷,快餐,50,11,550,现金,下午
7009,2022-08-23,脆球点心,快餐,20,12,240,在线支付,午夜
7010,2022-08-23,脆球点心,快餐,20,11,220,现金,午夜
7011,2022-08-23,新鲜甘蔗汁,饮品,25,8,200,在线支付,傍晚
7012,2022-08-23,脆球点心,快餐,20,5,100,在线支付,早晨
7013,2022-08-23,脆球点心,快餐,20,14,280,现金,下午
7014,2022-08-23,咖喱土豆球,快餐,20,6,120,现金,午夜
7015,2022-08-23,脆球点心,快餐,20,13,260,在线支付,早晨
7016,2022-08-23,法兰基卷,快餐,50,14,700,现金,早晨
7017,2022-08-23,招牌三明治,快餐,60,4,240,在线支付,早晨
7018,2022-08-23,咖喱土豆球,快餐,20,11,220,现金,午夜
7019,2022-08-23,新鲜甘蔗汁,饮品,25,8,200,在线支付,下午
7020,2022-08-23,咖喱土豆球,快餐,20,10,200,现金,傍晚
7021,2022-08-23,招牌三明治,快餐,60,8,480,现金,晚上
7022,2022-08-23,脆球点心,快餐,20,8,160,在线支付,午夜
7023,2022-08-23,咖喱土豆球,快餐,20,11,220,在线支付,午夜
7024,2022-08-23,法兰基卷,快餐,50,9,450,现金,早晨
7025,2022-08-23,新鲜甘蔗汁,饮品,25,12,300,现金,午夜
7026,2022-08-23,冰咖啡,饮品,40,12,480,现金,午夜
7027,2022-08-23,招牌三明治,快餐,60,7,420,现金,早晨
7028,2022-08-23,脆球点心,快餐,20,1,20,在线支付,早晨
7029,2022-08-23,新鲜甘蔗汁,饮品,25,8,200,现金,早晨
7030,2022-08-23,招牌三明治,快餐,60,9,540,现金,午夜
7031,2022-08-23,招牌三明治,快餐,60,14,840,现金,下午
7032,2022-08-23,法兰基卷,快餐,50,12,600,其他,傍晚
7033,2022-08-23,冰咖啡,饮品,40,6,240,在线支付,下午
7034,2022-08-23,冰咖啡,饮品,40,11,440,在线支付,午夜
7035,2022-08-23,瓦达汉堡,快餐,20,14,280,在线支付,早晨
7036,2022-08-23,咖喱土豆球,快餐,20,1,20,现金,早晨
7037,2022-08-23,冰咖啡,饮品,40,11,440,现金,晚上
7038,2022-08-23,冰咖啡,饮品,40,7,280,现金,早晨
7039,2022-08-23,脆球点心,快餐,20,12,240,现金,早晨
7040,2022-08-23,法兰基卷,快餐,50,8,400,现金,午夜
7041,2022-08-23,招牌三明治,快餐,60,5,300,在线支付,午夜
7042,2022-08-23,脆球点心,快餐,20,11,220,现金,下午
7043,2022-08-23,冰咖啡,饮品,40,9,360,其他,晚上
7044,2022-08-23,脆球点心,快餐,20,5,100,在线支付,傍晚
7045,2022-08-23,瓦达汉堡,快餐,20,10,200,现金,下午
7046,2022-08-23,招牌三明治,快餐,60,6,360,现金,早晨
7047,2022-08-23,法兰基卷,快餐,50,7,350,现金,午夜
7048,2022-08-23,脆球点心,快餐,20,9,180,现金,早晨
7049,2022-08-23,法兰基卷,快餐,50,8,400,在线支付,下午
7050,2022-08-23,咖喱土豆球,快餐,20,8,160,在线支付,早晨
7051,2022-08-23,瓦达汉堡,快餐,20,1,20,其他,早晨
7052,2022-08-23,瓦达汉堡,快餐,20,4,80,现金,晚上
7053,2022-08-23,瓦达汉堡,快餐,20,7,140,现金,晚上
7054,2022-08-23,脆球点心,快餐,20,5,100,在线支付,傍晚
7055,2022-08-23,招牌三明治,快餐,60,7,420,现金,下午
7056,2022-08-23,脆球点心,快餐,20,8,160,现金,傍晚
7057,2022-08-23,脆球点心,快餐,20,15,300,在线支付,午夜
7058,2022-08-23,咖喱土豆球,快餐,20,1,20,现金,下午
7059,2022-08-23,招牌三明治,快餐,60,1,60,其他,晚上
7060,2022-08-23,新鲜甘蔗汁,饮品,25,13,325,在线支付,晚上
7061,2022-08-23,瓦达汉堡,快餐,20,7,140,现金,午夜
7062,2022-08-23,瓦达汉堡,快餐,20,1,20,现金,下午
7063,2022-08-23,冰咖啡,饮品,40,7,280,现金,傍晚
7064,2022-08-23,法兰基卷,快餐,50,1,50,其他,下午
7065,2022-08-23,脆球点心,快餐,20,10,200,现金,晚上
7066,2022-08-23,瓦达汉堡,快餐,20,13,260,现金,晚上
7067,2022-08-23,咖喱土豆球,快餐,20,11,220,在线支付,晚上
7068,2022-08-23,新鲜甘蔗汁,饮品,25,12,300,在线支付,午夜
7069,2022-08-23,招牌三明治,快餐,60,11,660,现金,晚上
7070,2022-08-23,招牌三明治,快餐,60,8,480,现金,傍晚
7071,2022-08-23,招牌三明治,快餐,60,5,300,在线支付,傍晚
7072,2022-08-23,冰咖啡,饮品,40,5,200,其他,下午
7073,2022-08-23,招牌三明治,快餐,60,9,540,其他,晚上
7074,2022-08-23,瓦达汉堡,快餐,20,1,20,现金,下午
7075,2022-08-23,新鲜甘蔗汁,饮品,25,7,175,现金,午夜
7076,2022-08-23,咖喱土豆球,快餐,20,12,240,现金,早晨
7077,2022-08-23,冰咖啡,饮品,40,2,80,其他,傍晚
7078,2022-08-23,瓦达汉堡,快餐,20,9,180,在线支付,下午
7079,2022-08-23,法兰基卷,快餐,50,5,250,在线支付,午夜
7080,2022-08-23,新鲜甘蔗汁,饮品,25,9,225,现金,早晨
7081,2022-08-23,招牌三明治,快餐,60,5,300,现金,傍晚
7082,2022-08-23,招牌三明治,快餐,60,2,120,现金,下午
7083,2022-08-23,招牌三明治,快餐,60,10,600,现金,晚上
7084,2022-08-23,新鲜甘蔗汁,饮品,25,8,200,现金,晚上
7085,2022-08-23,招牌三明治,快餐,60,8,480,现金,午夜
7086,2022-08-23,冰咖啡,饮品,40,12,480,在线支付,晚上
7087,2022-08-23,瓦达汉堡,快餐,20,1,20,现金,晚上
7088,2022-08-23,法兰基卷,快餐,50,3,150,现金,下午
7089,2022-08-23,冰咖啡,饮品,40,3,120,在线支付,下午
7090,2022-08-23,冰咖啡,饮品,40,12,480,在线支付,早晨
7091,2022-08-23,冰咖啡,饮品,40,6,240,现金,早晨
7092,2022-08-23,新鲜甘蔗汁,饮品,25,9,225,其他,早晨
7093,2022-08-23,冰咖啡,饮品,40,7,280,在线支付,晚上
7094,2022-08-23,冰咖啡,饮品,40,6,240,现金,下午
7095,2022-08-23,瓦达汉堡,快餐,20,11,220,现金,午夜
7096,2022-08-23,咖喱土豆球,快餐,20,2,40,在线支付,早晨
7097,2022-08-23,脆球点心,快餐,20,4,80,现金,下午
7098,2022-08-23,新鲜甘蔗汁,饮品,25,1,25,现金,午夜
7099,2022-08-23,咖喱土豆球,快餐,20,11,220,现金,傍晚
7100,2022-08-23,咖喱土豆球,快餐,20,15,300,其他,晚上
7101,2022-08-23,咖喱土豆球,快餐,20,14,280,在线支付,傍晚
7102,2022-08-23,冰咖啡,饮品,40,6,240,现金,早晨
7103,2022-08-23,冰咖啡,饮品,40,1,40,现金,午夜
7104,2022-08-23,脆球点心,快餐,20,9,180,现金,早晨
7105,2022-08-23,新鲜甘蔗汁,饮品,25,11,275,现金,晚上
7106,2022-08-23,招牌三明治,快餐,60,1,60,在线支付,傍晚
7107,2022-08-23,招牌三明治,快餐,60,10,600,现金,午夜
7108,2022-08-23,新鲜甘蔗汁,饮品,25,7,175,在线支付,傍晚
7109,2022-08-23,新鲜甘蔗汁,饮品,25,8,200,在线支付,早晨
7110,2022-08-23,咖喱土豆球,快餐,20,13,260,现金,早晨
7111,2022-08-23,咖喱土豆球,快餐,20,11,220,在线支付,傍晚
7112,2022-08-23,招牌三明治,快餐,60,8,480,其他,下午
7113,2022-08-23,法兰基卷,快餐,50,12,600,现金,晚上
7114,2022-08-23,咖喱土豆球,快餐,20,13,260,现金,下午
7115,2022-08-23,新鲜甘蔗汁,饮品,25,8,200,在线支付,午夜
7116,2022-08-23,瓦达汉堡,快餐,20,14,280,在线支付,傍晚
7117,2022-08-23,法兰基卷,快餐,50,10,500,现金,早晨
7118,2022-08-23,法兰基卷,快餐,50,11,550,在线支付,傍晚
7119,2022-08-23,脆球点心,快餐,20,11,220,其他,早晨
7120,2022-08-23,新鲜甘蔗汁,饮品,25,9,225,在线支付,傍晚
7121,2022-08-23,脆球点心,快餐,20,2,40,在线支付,午夜
7122,2022-08-23,冰咖啡,饮品,40,1,40,现金,下午
7123,2022-08-23,招牌三明治,快餐,60,13,780,现金,早晨
7124,2022-08-23,新鲜甘蔗汁,饮品,25,10,250,在线支付,傍晚
7125,2022-08-23,招牌三明治,快餐,60,12,720,在线支付,早晨
7126,2022-08-23,法兰基卷,快餐,50,10,500,现金,早晨
7127,2022-08-23,咖喱土豆球,快餐,20,12,240,在线支付,下午
7128,2022-08-23,招牌三明治,快餐,60,3,180,现金,早晨
7129,2022-08-23,脆球点心,快餐,20,10,200,现金,傍晚
7130,2022-08-23,新鲜甘蔗汁,饮品,25,9,225,在线支付,下午
7131,2022-08-23,咖喱土豆球,快餐,20,8,160,现金,早晨
7132,2022-08-23,冰咖啡,饮品,40,7,280,在线支付,晚上
7133,2022-08-23,招牌三明治,快餐,60,15,900,现金,晚上
7134,2022-08-23,法兰基卷,快餐,50,9,450,现金,下午
7135,2022-08-23,咖喱土豆球,快餐,20,13,260,在线支付,晚上
7136,2022-08-23,脆球点心,快餐,20,6,120,现金,午夜
7137,2022-08-23,新鲜甘蔗汁,饮品,25,4,100,在线支付,下午
7138,2022-08-23,咖喱土豆球,快餐,20,10,200,其他,傍晚
7139,2022-08-24,招牌三明治,快餐,60,9,540,在线支付,下午
7140,2022-08-24,招牌三明治,快餐,60,12,720,其他,傍晚
7141,2022-08-24,瓦达汉堡,快餐,20,3,60,现金,下午
7142,2022-08-24,法兰基卷,快餐,50,10,500,其他,下午
7143,2022-08-24,脆球点心,快餐,20,6,120,现金,早晨
7144,2022-08-24,冰咖啡,饮品,40,14,560,现金,早晨
7145,2022-08-24,新鲜甘蔗汁,饮品,25,4,100,现金,早晨
7146,2022-08-24,招牌三明治,快餐,60,10,600,现金,下午
7147,2022-08-24,冰咖啡,饮品,40,5,200,现金,傍晚
7148,2022-08-24,法兰基卷,快餐,50,9,450,现金,下午
7149,2022-08-24,招牌三明治,快餐,60,11,660,现金,早晨
7150,2022-08-24,脆球点心,快餐,20,15,300,现金,下午
7151,2022-08-24,法兰基卷,快餐,50,5,250,现金,午夜
7152,2022-08-24,咖喱土豆球,快餐,20,8,160,现金,早晨
7153,2022-08-24,冰咖啡,饮品,40,11,440,在线支付,下午
7154,2022-08-24,瓦达汉堡,快餐,20,15,300,其他,晚上
7155,2022-08-24,脆球点心,快餐,20,11,220,在线支付,晚上
7156,2022-08-24,脆球点心,快餐,20,12,240,在线支付,晚上
7157,2022-08-24,脆球点心,快餐,20,8,160,在线支付,早晨
7158,2022-08-24,招牌三明治,快餐,60,15,900,现金,午夜
7159,2022-08-24,咖喱土豆球,快餐,20,15,300,现金,下午
7160,2022-08-24,法兰基卷,快餐,50,11,550,现金,傍晚
7161,2022-08-24,法兰基卷,快餐,50,11,550,在线支付,午夜
7162,2022-08-24,法兰基卷,快餐,50,7,350,在线支付,午夜
7163,2022-08-24,招牌三明治,快餐,60,11,660,在线支付,晚上
7164,2022-08-24,咖喱土豆球,快餐,20,4,80,其他,晚上
7165,2022-08-24,冰咖啡,饮品,40,15,600,现金,早晨
7166,2022-08-24,法兰基卷,快餐,50,13,650,现金,午夜
7167,2022-08-24,法兰基卷,快餐,50,5,250,现金,午夜
7168,2022-08-24,瓦达汉堡,快餐,20,9,180,在线支付,晚上
7169,2022-08-24,冰咖啡,饮品,40,10,400,在线支付,午夜
7170,2022-08-24,脆球点心,快餐,20,5,100,在线支付,下午
7171,2022-08-24,脆球点心,快餐,20,2,40,在线支付,下午
7172,2022-08-24,新鲜甘蔗汁,饮品,25,14,350,在线支付,午夜
7173,2022-08-24,脆球点心,快餐,20,7,140,在线支付,早晨
7174,2022-08-24,招牌三明治,快餐,60,8,480,其他,午夜
7175,2022-08-24,新鲜甘蔗汁,饮品,25,12,300,在线支付,傍晚
7176,2022-08-24,瓦达汉堡,快餐,20,9,180,现金,早晨
7177,2022-08-24,法兰基卷,快餐,50,9,450,现金,傍晚
7178,2022-08-24,新鲜甘蔗汁,饮品,25,13,325,在线支付,午夜
7179,2022-08-24,法兰基卷,快餐,50,9,450,在线支付,傍晚
7180,2022-08-24,新鲜甘蔗汁,饮品,25,6,150,现金,傍晚
7181,2022-08-24,脆球点心,快餐,20,11,220,现金,晚上
7182,2022-08-24,咖喱土豆球,快餐,20,13,260,在线支付,晚上
7183,2022-08-24,招牌三明治,快餐,60,15,900,在线支付,傍晚
7184,2022-08-24,法兰基卷,快餐,50,5,250,现金,下午
7185,2022-08-24,新鲜甘蔗汁,饮品,25,8,200,现金,早晨
7186,2022-08-24,新鲜甘蔗汁,饮品,25,9,225,现金,早晨
7187,2022-08-24,法兰基卷,快餐,50,7,350,现金,午夜
7188,2022-08-24,瓦达汉堡,快餐,20,10,200,其他,傍晚
7189,2022-08-24,招牌三明治,快餐,60,1,60,现金,早晨
7190,2022-08-24,冰咖啡,饮品,40,9,360,在线支付,午夜
7191,2022-08-24,咖喱土豆球,快餐,20,9,180,在线支付,午夜
7192,2022-08-24,招牌三明治,快餐,60,8,480,现金,早晨
7193,2022-08-24,脆球点心,快餐,20,3,60,在线支付,下午
7194,2022-08-24,冰咖啡,饮品,40,15,600,其他,午夜
7195,2022-08-24,招牌三明治,快餐,60,5,300,现金,早晨
7196,2022-08-24,法兰基卷,快餐,50,15,750,在线支付,早晨
7197,2022-08-24,脆球点心,快餐,20,5,100,其他,早晨
7198,2022-08-24,法兰基卷,快餐,50,9,450,在线支付,午夜
7199,2022-08-24,冰咖啡,饮品,40,6,240,在线支付,午夜
7200,2022-08-24,瓦达汉堡,快餐,20,11,220,现金,午夜
7201,2022-08-24,法兰基卷,快餐,50,4,200,在线支付,午夜
7202,2022-08-24,冰咖啡,饮品,40,10,400,现金,早晨
7203,2022-08-24,法兰基卷,快餐,50,2,100,现金,傍晚
7204,2022-08-24,咖喱土豆球,快餐,20,10,200,在线支付,晚上
7205,2022-08-24,脆球点心,快餐,20,7,140,现金,午夜
7206,2022-08-24,脆球点心,快餐,20,4,80,现金,早晨
7207,2022-08-24,法兰基卷,快餐,50,11,550,现金,傍晚
7208,2022-08-24,新鲜甘蔗汁,饮品,25,7,175,现金,傍晚
7209,2022-08-24,脆球点心,快餐,20,7,140,现金,下午
7210,2022-08-24,法兰基卷,快餐,50,8,400,现金,下午
7211,2022-08-24,新鲜甘蔗汁,饮品,25,12,300,现金,午夜
7212,2022-08-24,法兰基卷,快餐,50,9,450,现金,傍晚
7213,2022-08-24,咖喱土豆球,快餐,20,6,120,在线支付,下午
7214,2022-08-24,咖喱土豆球,快餐,20,7,140,现金,下午
7215,2022-08-24,脆球点心,快餐,20,12,240,在线支付,早晨
7216,2022-08-24,咖喱土豆球,快餐,20,15,300,在线支付,下午
7217,2022-08-24,咖喱土豆球,快餐,20,7,140,在线支付,下午
7218,2022-08-24,冰咖啡,饮品,40,12,480,现金,下午
7219,2022-08-24,冰咖啡,饮品,40,15,600,现金,早晨
7220,2022-08-24,招牌三明治,快餐,60,10,600,现金,傍晚
7221,2022-08-24,冰咖啡,饮品,40,12,480,在线支付,晚上
7222,2022-08-24,法兰基卷,快餐,50,2,100,在线支付,下午
7223,2022-08-24,咖喱土豆球,快餐,20,5,100,现金,晚上
7224,2022-08-24,脆球点心,快餐,20,4,80,其他,午夜
7225,2022-08-24,法兰基卷,快餐,50,11,550,现金,早晨
7226,2022-08-24,法兰基卷,快餐,50,8,400,其他,晚上
7227,2022-08-24,冰咖啡,饮品,40,7,280,现金,傍晚
7228,2022-08-24,冰咖啡,饮品,40,7,280,在线支付,晚上
7229,2022-08-24,脆球点心,快餐,20,9,180,现金,早晨
7230,2022-08-24,脆球点心,快餐,20,6,120,现金,下午
7231,2022-08-24,咖喱土豆球,快餐,20,5,100,在线支付,晚上
7232,2022-08-24,瓦达汉堡,快餐,20,12,240,现金,晚上
7233,2022-08-24,冰咖啡,饮品,40,5,200,现金,晚上
7234,2022-08-24,冰咖啡,饮品,40,3,120,现金,早晨
7235,2022-08-24,咖喱土豆球,快餐,20,11,220,现金,傍晚
7236,2022-08-24,冰咖啡,饮品,40,5,200,现金,下午
7237,2022-08-24,瓦达汉堡,快餐,20,10,200,在线支付,早晨
7238,2022-08-24,冰咖啡,饮品,40,13,520,现金,傍晚
7239,2022-08-24,新鲜甘蔗汁,饮品,25,4,100,在线支付,下午
7240,2022-08-24,脆球点心,快餐,20,9,180,在线支付,晚上
7241,2022-08-24,瓦达汉堡,快餐,20,9,180,现金,晚上
7242,2022-08-24,法兰基卷,快餐,50,6,300,在线支付,傍晚
7243,2022-08-24,咖喱土豆球,快餐,20,11,220,在线支付,晚上
7244,2022-08-24,冰咖啡,饮品,40,5,200,在线支付,晚上
7245,2022-08-24,瓦达汉堡,快餐,20,11,220,现金,早晨
7246,2022-08-24,招牌三明治,快餐,60,15,900,在线支付,傍晚
7247,2022-08-24,瓦达汉堡,快餐,20,6,120,在线支付,早晨
7248,2022-08-24,招牌三明治,快餐,60,14,840,在线支付,傍晚
7249,2022-08-24,新鲜甘蔗汁,饮品,25,14,350,现金,早晨
7250,2022-08-24,脆球点心,快餐,20,5,100,在线支付,晚上
7251,2022-08-24,冰咖啡,饮品,40,6,240,在线支付,傍晚
7252,2022-08-24,咖喱土豆球,快餐,20,10,200,在线支付,傍晚
7253,2022-08-24,法兰基卷,快餐,50,4,200,现金,午夜
7254,2022-08-24,新鲜甘蔗汁,饮品,25,5,125,在线支付,傍晚
7255,2022-08-24,新鲜甘蔗汁,饮品,25,14,350,在线支付,午夜
7256,2022-08-24,咖喱土豆球,快餐,20,15,300,在线支付,早晨
7257,2022-08-24,法兰基卷,快餐,50,1,50,在线支付,下午
7258,2022-08-24,法兰基卷,快餐,50,10,500,在线支付,早晨
7259,2022-08-24,招牌三明治,快餐,60,7,420,在线支付,晚上
7260,2022-08-24,冰咖啡,饮品,40,1,40,现金,傍晚
7261,2022-08-24,法兰基卷,快餐,50,11,550,现金,下午
7262,2022-08-25,法兰基卷,快餐,50,13,650,其他,下午
7263,2022-08-25,冰咖啡,饮品,40,14,560,在线支付,下午
7264,2022-08-25,脆球点心,快餐,20,1,20,在线支付,下午
7265,2022-08-25,脆球点心,快餐,20,2,40,其他,下午
7266,2022-08-25,脆球点心,快餐,20,14,280,现金,晚上
7267,2022-08-25,新鲜甘蔗汁,饮品,25,15,375,在线支付,傍晚
7268,2022-08-25,脆球点心,快餐,20,11,220,在线支付,下午
7269,2022-08-25,冰咖啡,饮品,40,7,280,现金,晚上
7270,2022-08-25,脆球点心,快餐,20,10,200,其他,傍晚
7271,2022-08-25,咖喱土豆球,快餐,20,10,200,现金,傍晚
7272,2022-08-25,咖喱土豆球,快餐,20,1,20,现金,晚上
7273,2022-08-25,脆球点心,快餐,20,5,100,现金,晚上
7274,2022-08-25,法兰基卷,快餐,50,7,350,在线支付,下午
7275,2022-08-25,新鲜甘蔗汁,饮品,25,8,200,其他,午夜
7276,2022-08-25,咖喱土豆球,快餐,20,9,180,在线支付,午夜
7277,2022-08-25,新鲜甘蔗汁,饮品,25,9,225,现金,晚上
7278,2022-08-25,脆球点心,快餐,20,10,200,在线支付,下午
7279,2022-08-25,招牌三明治,快餐,60,4,240,现金,早晨
7280,2022-08-25,法兰基卷,快餐,50,7,350,现金,傍晚
7281,2022-08-25,脆球点心,快餐,20,10,200,现金,早晨
7282,2022-08-25,瓦达汉堡,快餐,20,3,60,在线支付,早晨
7283,2022-08-25,冰咖啡,饮品,40,11,440,在线支付,早晨
7284,2022-08-25,瓦达汉堡,快餐,20,8,160,在线支付,晚上
7285,2022-08-25,法兰基卷,快餐,50,5,250,在线支付,早晨
7286,2022-08-25,新鲜甘蔗汁,饮品,25,11,275,在线支付,午夜
7287,2022-08-25,新鲜甘蔗汁,饮品,25,9,225,在线支付,早晨
7288,2022-08-25,冰咖啡,饮品,40,6,240,在线支付,晚上
7289,2022-08-25,脆球点心,快餐,20,5,100,在线支付,下午
7290,2022-08-25,冰咖啡,饮品,40,10,400,现金,傍晚
7291,2022-08-25,咖喱土豆球,快餐,20,11,220,在线支付,早晨
7292,2022-08-25,咖喱土豆球,快餐,20,9,180,其他,傍晚
7293,2022-08-25,瓦达汉堡,快餐,20,10,200,在线支付,午夜
7294,2022-08-25,脆球点心,快餐,20,13,260,在线支付,傍晚
7295,2022-08-25,法兰基卷,快餐,50,8,400,在线支付,傍晚
7296,2022-08-25,冰咖啡,饮品,40,11,440,在线支付,早晨
7297,2022-08-25,新鲜甘蔗汁,饮品,25,15,375,现金,下午
7298,2022-08-25,新鲜甘蔗汁,饮品,25,5,125,现金,傍晚
7299,2022-08-25,新鲜甘蔗汁,饮品,25,1,25,现金,傍晚
7300,2022-08-25,新鲜甘蔗汁,饮品,25,7,175,在线支付,傍晚
7301,2022-08-25,法兰基卷,快餐,50,10,500,现金,下午
7302,2022-08-25,瓦达汉堡,快餐,20,7,140,现金,午夜
7303,2022-08-25,脆球点心,快餐,20,5,100,在线支付,午夜
7304,2022-08-25,脆球点心,快餐,20,15,300,在线支付,下午
7305,2022-08-25,新鲜甘蔗汁,饮品,25,15,375,其他,早晨
7306,2022-08-25,脆球点心,快餐,20,8,160,在线支付,午夜
7307,2022-08-25,新鲜甘蔗汁,饮品,25,7,175,现金,午夜
7308,2022-08-25,瓦达汉堡,快餐,20,9,180,现金,傍晚
7309,2022-08-25,脆球点心,快餐,20,8,160,现金,下午
7310,2022-08-25,脆球点心,快餐,20,13,260,现金,早晨
7311,2022-08-25,咖喱土豆球,快餐,20,3,60,现金,午夜
7312,2022-08-25,咖喱土豆球,快餐,20,15,300,现金,晚上
7313,2022-08-25,新鲜甘蔗汁,饮品,25,6,150,在线支付,傍晚
7314,2022-08-25,脆球点心,快餐,20,2,40,现金,早晨
7315,2022-08-25,瓦达汉堡,快餐,20,1,20,在线支付,下午
7316,2022-08-25,招牌三明治,快餐,60,13,780,其他,傍晚
7317,2022-08-25,冰咖啡,饮品,40,9,360,现金,午夜
7318,2022-08-25,脆球点心,快餐,20,11,220,在线支付,下午
7319,2022-08-25,脆球点心,快餐,20,5,100,其他,下午
7320,2022-08-25,招牌三明治,快餐,60,7,420,在线支付,晚上
7321,2022-08-25,招牌三明治,快餐,60,9,540,现金,下午
7322,2022-08-25,招牌三明治,快餐,60,6,360,现金,早晨
7323,2022-08-25,招牌三明治,快餐,60,6,360,在线支付,下午
7324,2022-08-25,冰咖啡,饮品,40,8,320,现金,傍晚
7325,2022-08-25,脆球点心,快餐,20,12,240,现金,傍晚
7326,2022-08-25,咖喱土豆球,快餐,20,13,260,现金,傍晚
7327,2022-08-25,脆球点心,快餐,20,9,180,在线支付,早晨
7328,2022-08-25,咖喱土豆球,快餐,20,7,140,其他,傍晚
7329,2022-08-25,法兰基卷,快餐,50,11,550,在线支付,午夜
7330,2022-08-25,法兰基卷,快餐,50,1,50,在线支付,傍晚
7331,2022-08-25,冰咖啡,饮品,40,15,600,其他,早晨
7332,2022-08-25,新鲜甘蔗汁,饮品,25,1,25,现金,午夜
7333,2022-08-25,法兰基卷,快餐,50,14,700,在线支付,晚上
7334,2022-08-25,招牌三明治,快餐,60,7,420,其他,傍晚
7335,2022-08-25,新鲜甘蔗汁,饮品,25,10,250,在线支付,晚上
7336,2022-08-25,脆球点心,快餐,20,8,160,在线支付,晚上
7337,2022-08-25,新鲜甘蔗汁,饮品,25,14,350,在线支付,下午
7338,2022-08-25,咖喱土豆球,快餐,20,12,240,在线支付,晚上
7339,2022-08-25,法兰基卷,快餐,50,10,500,在线支付,傍晚
7340,2022-08-25,招牌三明治,快餐,60,11,660,在线支付,下午
7341,2022-08-25,新鲜甘蔗汁,饮品,25,9,225,在线支付,午夜
7342,2022-08-25,瓦达汉堡,快餐,20,1,20,在线支付,午夜
7343,2022-08-25,冰咖啡,饮品,40,12,480,现金,下午
7344,2022-08-25,瓦达汉堡,快餐,20,14,280,在线支付,早晨
7345,2022-08-25,新鲜甘蔗汁,饮品,25,5,125,在线支付,晚上
7346,2022-08-25,瓦达汉堡,快餐,20,8,160,现金,傍晚
7347,2022-08-25,冰咖啡,饮品,40,12,480,现金,晚上
7348,2022-08-25,法兰基卷,快餐,50,9,450,在线支付,早晨
7349,2022-08-25,冰咖啡,饮品,40,9,360,现金,早晨
7350,2022-08-25,脆球点心,快餐,20,10,200,在线支付,下午
7351,2022-08-25,冰咖啡,饮品,40,12,480,现金,早晨
7352,2022-08-25,新鲜甘蔗汁,饮品,25,5,125,在线支付,午夜
7353,2022-08-25,新鲜甘蔗汁,饮品,25,10,250,在线支付,晚上
7354,2022-08-25,瓦达汉堡,快餐,20,4,80,其他,晚上
7355,2022-08-25,脆球点心,快餐,20,9,180,现金,早晨
7356,2022-08-25,脆球点心,快餐,20,11,220,其他,晚上
7357,2022-08-25,脆球点心,快餐,20,7,140,现金,傍晚
7358,2022-08-25,招牌三明治,快餐,60,10,600,现金,午夜
7359,2022-08-25,咖喱土豆球,快餐,20,15,300,在线支付,早晨
7360,2022-08-25,新鲜甘蔗汁,饮品,25,1,25,在线支付,傍晚
7361,2022-08-25,招牌三明治,快餐,60,9,540,现金,午夜
7362,2022-08-25,新鲜甘蔗汁,饮品,25,8,200,现金,早晨
7363,2022-08-25,冰咖啡,饮品,40,7,280,在线支付,傍晚
7364,2022-08-25,新鲜甘蔗汁,饮品,25,8,200,在线支付,午夜
7365,2022-08-25,冰咖啡,饮品,40,4,160,现金,下午
7366,2022-08-25,瓦达汉堡,快餐,20,14,280,现金,晚上
7367,2022-08-25,法兰基卷,快餐,50,1,50,现金,晚上
7368,2022-08-25,脆球点心,快餐,20,7,140,在线支付,傍晚
7369,2022-08-25,新鲜甘蔗汁,饮品,25,5,125,其他,傍晚
7370,2022-08-25,冰咖啡,饮品,40,15,600,在线支付,午夜
7371,2022-08-25,招牌三明治,快餐,60,6,360,现金,早晨
7372,2022-08-25,脆球点心,快餐,20,1,20,现金,下午
7373,2022-08-25,咖喱土豆球,快餐,20,6,120,在线支付,早晨
7374,2022-08-25,脆球点心,快餐,20,9,180,在线支付,下午
7375,2022-08-25,瓦达汉堡,快餐,20,8,160,现金,午夜
7376,2022-08-25,脆球点心,快餐,20,10,200,在线支付,晚上
7377,2022-08-25,瓦达汉堡,快餐,20,12,240,其他,晚上
7378,2022-08-25,法兰基卷,快餐,50,12,600,现金,午夜
7379,2022-08-25,法兰基卷,快餐,50,1,50,在线支付,早晨
7380,2022-08-25,法兰基卷,快餐,50,4,200,现金,午夜
7381,2022-08-25,法兰基卷,快餐,50,1,50,现金,下午
7382,2022-08-25,脆球点心,快餐,20,15,300,现金,早晨
7383,2022-08-25,瓦达汉堡,快餐,20,9,180,现金,晚上
7384,2022-08-26,新鲜甘蔗汁,饮品,25,9,225,在线支付,早晨
7385,2022-08-26,新鲜甘蔗汁,饮品,25,9,225,现金,午夜
7386,2022-08-26,冰咖啡,饮品,40,12,480,现金,晚上
7387,2022-08-26,新鲜甘蔗汁,饮品,25,12,300,现金,下午
7388,2022-08-26,冰咖啡,饮品,40,15,600,现金,下午
7389,2022-08-26,冰咖啡,饮品,40,3,120,在线支付,晚上
7390,2022-08-26,瓦达汉堡,快餐,20,15,300,现金,傍晚
7391,2022-08-26,新鲜甘蔗汁,饮品,25,6,150,在线支付,午夜
7392,2022-08-26,冰咖啡,饮品,40,4,160,现金,晚上
7393,2022-08-26,脆球点心,快餐,20,9,180,其他,下午
7394,2022-08-26,法兰基卷,快餐,50,6,300,在线支付,晚上
7395,2022-08-26,咖喱土豆球,快餐,20,1,20,在线支付,早晨
7396,2022-08-26,招牌三明治,快餐,60,7,420,现金,下午
7397,2022-08-26,招牌三明治,快餐,60,11,660,在线支付,早晨
7398,2022-08-26,新鲜甘蔗汁,饮品,25,5,125,在线支付,晚上
7399,2022-08-26,冰咖啡,饮品,40,11,440,现金,早晨
7400,2022-08-26,脆球点心,快餐,20,1,20,现金,傍晚
7401,2022-08-26,咖喱土豆球,快餐,20,1,20,现金,早晨
7402,2022-08-26,法兰基卷,快餐,50,10,500,在线支付,晚上
7403,2022-08-26,法兰基卷,快餐,50,13,650,在线支付,下午
7404,2022-08-26,脆球点心,快餐,20,4,80,现金,晚上
7405,2022-08-26,新鲜甘蔗汁,饮品,25,12,300,现金,午夜
7406,2022-08-26,脆球点心,快餐,20,15,300,在线支付,早晨
7407,2022-08-26,咖喱土豆球,快餐,20,4,80,在线支付,下午
7408,2022-08-26,冰咖啡,饮品,40,4,160,在线支付,下午
7409,2022-08-26,瓦达汉堡,快餐,20,4,80,在线支付,午夜
7410,2022-08-26,法兰基卷,快餐,50,13,650,现金,晚上
7411,2022-08-26,新鲜甘蔗汁,饮品,25,9,225,在线支付,下午
7412,2022-08-26,咖喱土豆球,快餐,20,12,240,现金,晚上
7413,2022-08-26,瓦达汉堡,快餐,20,13,260,现金,晚上
7414,2022-08-26,招牌三明治,快餐,60,1,60,在线支付,午夜
7415,2022-08-26,新鲜甘蔗汁,饮品,25,4,100,在线支付,晚上
7416,2022-08-26,脆球点心,快餐,20,6,120,现金,傍晚
7417,2022-08-26,瓦达汉堡,快餐,20,11,220,在线支付,傍晚
7418,2022-08-26,新鲜甘蔗汁,饮品,25,9,225,其他,晚上
7419,2022-08-26,冰咖啡,饮品,40,4,160,现金,午夜
7420,2022-08-26,咖喱土豆球,快餐,20,12,240,现金,午夜
7421,2022-08-26,瓦达汉堡,快餐,20,2,40,在线支付,傍晚
7422,2022-08-26,咖喱土豆球,快餐,20,13,260,现金,下午
7423,2022-08-26,冰咖啡,饮品,40,1,40,现金,午夜
7424,2022-08-26,招牌三明治,快餐,60,7,420,现金,傍晚
7425,2022-08-26,咖喱土豆球,快餐,20,6,120,现金,傍晚
7426,2022-08-26,瓦达汉堡,快餐,20,7,140,在线支付,下午
7427,2022-08-26,咖喱土豆球,快餐,20,1,20,在线支付,下午
7428,2022-08-26,脆球点心,快餐,20,1,20,现金,早晨
7429,2022-08-26,法兰基卷,快餐,50,11,550,在线支付,傍晚
7430,2022-08-26,脆球点心,快餐,20,8,160,现金,傍晚
7431,2022-08-26,瓦达汉堡,快餐,20,3,60,在线支付,傍晚
7432,2022-08-26,脆球点心,快餐,20,3,60,现金,午夜
7433,2022-08-26,法兰基卷,快餐,50,6,300,现金,晚上
7434,2022-08-26,招牌三明治,快餐,60,7,420,其他,下午
7435,2022-08-26,法兰基卷,快餐,50,15,750,在线支付,早晨
7436,2022-08-26,新鲜甘蔗汁,饮品,25,13,325,现金,早晨
7437,2022-08-26,招牌三明治,快餐,60,15,900,其他,下午
7438,2022-08-26,法兰基卷,快餐,50,10,500,在线支付,傍晚
7439,2022-08-26,咖喱土豆球,快餐,20,9,180,现金,晚上
7440,2022-08-26,新鲜甘蔗汁,饮品,25,11,275,现金,傍晚
7441,2022-08-26,咖喱土豆球,快餐,20,7,140,现金,午夜
7442,2022-08-26,招牌三明治,快餐,60,14,840,现金,午夜
7443,2022-08-26,招牌三明治,快餐,60,14,840,在线支付,下午
7444,2022-08-26,新鲜甘蔗汁,饮品,25,5,125,现金,午夜
7445,2022-08-26,冰咖啡,饮品,40,9,360,现金,傍晚
7446,2022-08-26,新鲜甘蔗汁,饮品,25,13,325,现金,午夜
7447,2022-08-26,脆球点心,快餐,20,10,200,现金,傍晚
7448,2022-08-26,脆球点心,快餐,20,10,200,现金,下午
7449,2022-08-26,瓦达汉堡,快餐,20,15,300,现金,晚上
7450,2022-08-26,瓦达汉堡,快餐,20,5,100,在线支付,傍晚
7451,2022-08-26,招牌三明治,快餐,60,1,60,在线支付,早晨
7452,2022-08-26,新鲜甘蔗汁,饮品,25,9,225,现金,晚上
7453,2022-08-26,新鲜甘蔗汁,饮品,25,13,325,其他,午夜
7454,2022-08-26,新鲜甘蔗汁,饮品,25,7,175,现金,早晨
7455,2022-08-26,冰咖啡,饮品,40,12,480,现金,晚上
7456,2022-08-26,脆球点心,快餐,20,12,240,在线支付,晚上
7457,2022-08-26,脆球点心,快餐,20,7,140,在线支付,晚上
7458,2022-08-26,冰咖啡,饮品,40,6,240,现金,晚上
7459,2022-08-26,咖喱土豆球,快餐,20,8,160,现金,午夜
7460,2022-08-26,新鲜甘蔗汁,饮品,25,5,125,其他,午夜
7461,2022-08-26,新鲜甘蔗汁,饮品,25,1,25,现金,午夜
7462,2022-08-26,新鲜甘蔗汁,饮品,25,9,225,现金,早晨
7463,2022-08-26,冰咖啡,饮品,40,9,360,现金,午夜
7464,2022-08-26,冰咖啡,饮品,40,9,360,现金,午夜
7465,2022-08-26,咖喱土豆球,快餐,20,15,300,现金,晚上
7466,2022-08-26,咖喱土豆球,快餐,20,4,80,现金,下午
7467,2022-08-26,招牌三明治,快餐,60,1,60,现金,早晨
7468,2022-08-26,瓦达汉堡,快餐,20,6,120,在线支付,早晨
7469,2022-08-26,瓦达汉堡,快餐,20,8,160,在线支付,晚上
7470,2022-08-26,新鲜甘蔗汁,饮品,25,14,350,其他,早晨
7471,2022-08-26,冰咖啡,饮品,40,10,400,在线支付,午夜
7472,2022-08-26,冰咖啡,饮品,40,8,320,在线支付,午夜
7473,2022-08-26,瓦达汉堡,快餐,20,11,220,现金,晚上
7474,2022-08-26,脆球点心,快餐,20,9,180,在线支付,午夜
7475,2022-08-26,新鲜甘蔗汁,饮品,25,12,300,现金,午夜
7476,2022-08-26,瓦达汉堡,快餐,20,6,120,在线支付,晚上
7477,2022-08-26,新鲜甘蔗汁,饮品,25,11,275,在线支付,晚上
7478,2022-08-26,咖喱土豆球,快餐,20,8,160,其他,下午
7479,2022-08-26,瓦达汉堡,快餐,20,3,60,现金,傍晚
7480,2022-08-26,咖喱土豆球,快餐,20,2,40,现金,晚上
7481,2022-08-26,咖喱土豆球,快餐,20,3,60,现金,晚上
7482,2022-08-26,新鲜甘蔗汁,饮品,25,7,175,在线支付,早晨
7483,2022-08-26,咖喱土豆球,快餐,20,4,80,现金,午夜
7484,2022-08-26,法兰基卷,快餐,50,2,100,现金,傍晚
7485,2022-08-26,冰咖啡,饮品,40,3,120,现金,午夜
7486,2022-08-26,脆球点心,快餐,20,5,100,现金,午夜
7487,2022-08-26,法兰基卷,快餐,50,1,50,在线支付,午夜
7488,2022-08-26,法兰基卷,快餐,50,3,150,在线支付,下午
7489,2022-08-26,瓦达汉堡,快餐,20,8,160,在线支付,早晨
7490,2022-08-26,新鲜甘蔗汁,饮品,25,13,325,现金,午夜
7491,2022-08-26,脆球点心,快餐,20,11,220,在线支付,傍晚
7492,2022-08-26,瓦达汉堡,快餐,20,7,140,在线支付,午夜
7493,2022-08-26,招牌三明治,快餐,60,13,780,现金,下午
7494,2022-08-26,冰咖啡,饮品,40,11,440,现金,傍晚
7495,2022-08-26,冰咖啡,饮品,40,11,440,现金,晚上
7496,2022-08-26,瓦达汉堡,快餐,20,14,280,现金,晚上
7497,2022-08-26,招牌三明治,快餐,60,10,600,在线支付,晚上
7498,2022-08-26,法兰基卷,快餐,50,14,700,现金,下午
7499,2022-08-26,法兰基卷,快餐,50,7,350,现金,早晨
7500,2022-08-26,冰咖啡,饮品,40,14,560,现金,下午
7501,2022-08-26,瓦达汉堡,快餐,20,4,80,现金,早晨
7502,2022-08-26,冰咖啡,饮品,40,8,320,在线支付,下午
7503,2022-08-26,新鲜甘蔗汁,饮品,25,7,175,在线支付,傍晚
7504,2022-08-26,脆球点心,快餐,20,12,240,现金,下午
7505,2022-08-26,新鲜甘蔗汁,饮品,25,12,300,其他,早晨
7506,2022-08-26,法兰基卷,快餐,50,1,50,在线支付,早晨
7507,2022-08-26,瓦达汉堡,快餐,20,15,300,现金,傍晚
7508,2022-08-26,法兰基卷,快餐,50,9,450,现金,傍晚
7509,2022-08-26,脆球点心,快餐,20,1,20,在线支付,傍晚
7510,2022-08-26,法兰基卷,快餐,50,8,400,在线支付,下午
7511,2022-08-26,瓦达汉堡,快餐,20,13,260,其他,早晨
7512,2022-08-26,脆球点心,快餐,20,4,80,在线支付,下午
7513,2022-08-26,新鲜甘蔗汁,饮品,25,7,175,其他,早晨
7514,2022-08-26,招牌三明治,快餐,60,8,480,在线支付,早晨
7515,2022-08-26,冰咖啡,饮品,40,10,400,在线支付,下午
7516,2022-08-26,冰咖啡,饮品,40,9,360,现金,下午
7517,2022-08-26,脆球点心,快餐,20,8,160,在线支付,早晨
7518,2022-08-26,咖喱土豆球,快餐,20,15,300,现金,晚上
7519,2022-08-26,脆球点心,快餐,20,2,40,在线支付,早晨
7520,2022-08-26,法兰基卷,快餐,50,12,600,在线支付,午夜
7521,2022-08-26,咖喱土豆球,快餐,20,1,20,其他,下午
7522,2022-08-26,咖喱土豆球,快餐,20,5,100,现金,晚上
7523,2022-08-26,脆球点心,快餐,20,8,160,现金,晚上
7524,2022-08-26,新鲜甘蔗汁,饮品,25,4,100,在线支付,傍晚
7525,2022-08-26,冰咖啡,饮品,40,11,440,现金,晚上
7526,2022-08-26,脆球点心,快餐,20,4,80,在线支付,晚上
7527,2022-08-26,新鲜甘蔗汁,饮品,25,2,50,现金,傍晚
7528,2022-08-26,招牌三明治,快餐,60,4,240,在线支付,晚上
7529,2022-08-26,新鲜甘蔗汁,饮品,25,13,325,现金,下午
7530,2022-08-26,冰咖啡,饮品,40,6,240,现金,傍晚
7531,2022-08-26,招牌三明治,快餐,60,9,540,现金,午夜
7532,2022-08-26,冰咖啡,饮品,40,2,80,现金,傍晚
7533,2022-08-26,咖喱土豆球,快餐,20,11,220,现金,早晨
7534,2022-08-26,咖喱土豆球,快餐,20,10,200,在线支付,午夜
7535,2022-08-26,咖喱土豆球,快餐,20,8,160,在线支付,下午
7536,2022-08-26,新鲜甘蔗汁,饮品,25,6,150,在线支付,傍晚
7537,2022-08-26,冰咖啡,饮品,40,4,160,在线支付,午夜
7538,2022-08-26,法兰基卷,快餐,50,14,700,现金,早晨
7539,2022-08-27,新鲜甘蔗汁,饮品,25,3,75,现金,早晨
7540,2022-08-27,咖喱土豆球,快餐,20,6,120,在线支付,午夜
7541,2022-08-27,瓦达汉堡,快餐,20,1,20,现金,午夜
7542,2022-08-27,瓦达汉堡,快餐,20,12,240,其他,早晨
7543,2022-08-27,招牌三明治,快餐,60,14,840,现金,午夜
7544,2022-08-27,法兰基卷,快餐,50,8,400,在线支付,早晨
7545,2022-08-27,冰咖啡,饮品,40,6,240,在线支付,下午
7546,2022-08-27,冰咖啡,饮品,40,12,480,现金,傍晚
7547,2022-08-27,新鲜甘蔗汁,饮品,25,4,100,在线支付,晚上
7548,2022-08-27,冰咖啡,饮品,40,7,280,在线支付,午夜
7549,2022-08-27,新鲜甘蔗汁,饮品,25,7,175,现金,晚上
7550,2022-08-27,冰咖啡,饮品,40,8,320,在线支付,傍晚
7551,2022-08-27,新鲜甘蔗汁,饮品,25,15,375,在线支付,晚上
7552,2022-08-27,冰咖啡,饮品,40,2,80,现金,傍晚
7553,2022-08-27,法兰基卷,快餐,50,1,50,现金,晚上
7554,2022-08-27,新鲜甘蔗汁,饮品,25,15,375,现金,下午
7555,2022-08-27,脆球点心,快餐,20,8,160,现金,下午
7556,2022-08-27,咖喱土豆球,快餐,20,15,300,在线支付,晚上
7557,2022-08-27,瓦达汉堡,快餐,20,4,80,在线支付,傍晚
7558,2022-08-27,瓦达汉堡,快餐,20,7,140,在线支付,下午
7559,2022-08-27,咖喱土豆球,快餐,20,11,220,在线支付,晚上
7560,2022-08-27,瓦达汉堡,快餐,20,12,240,现金,晚上
7561,2022-08-27,冰咖啡,饮品,40,6,240,在线支付,傍晚
7562,2022-08-27,瓦达汉堡,快餐,20,9,180,现金,晚上
7563,2022-08-27,瓦达汉堡,快餐,20,15,300,现金,下午
7564,2022-08-27,冰咖啡,饮品,40,8,320,其他,午夜
7565,2022-08-27,咖喱土豆球,快餐,20,12,240,在线支付,下午
7566,2022-08-27,冰咖啡,饮品,40,9,360,在线支付,早晨
7567,2022-08-27,瓦达汉堡,快餐,20,13,260,其他,早晨
7568,2022-08-27,新鲜甘蔗汁,饮品,25,8,200,在线支付,下午
7569,2022-08-27,法兰基卷,快餐,50,5,250,现金,早晨
7570,2022-08-27,法兰基卷,快餐,50,5,250,现金,下午
7571,2022-08-27,脆球点心,快餐,20,7,140,在线支付,傍晚
7572,2022-08-27,法兰基卷,快餐,50,12,600,现金,晚上
7573,2022-08-27,瓦达汉堡,快餐,20,9,180,现金,早晨
7574,2022-08-27,法兰基卷,快餐,50,14,700,在线支付,下午
7575,2022-08-27,咖喱土豆球,快餐,20,5,100,现金,午夜
7576,2022-08-27,招牌三明治,快餐,60,6,360,在线支付,午夜
7577,2022-08-27,冰咖啡,饮品,40,12,480,在线支付,傍晚
7578,2022-08-27,法兰基卷,快餐,50,12,600,现金,早晨
7579,2022-08-27,招牌三明治,快餐,60,15,900,在线支付,晚上
7580,2022-08-27,冰咖啡,饮品,40,9,360,现金,下午
7581,2022-08-27,冰咖啡,饮品,40,9,360,在线支付,傍晚
7582,2022-08-27,冰咖啡,饮品,40,11,440,现金,早晨
7583,2022-08-27,招牌三明治,快餐,60,6,360,现金,下午
7584,2022-08-27,新鲜甘蔗汁,饮品,25,10,250,其他,晚上
7585,2022-08-27,瓦达汉堡,快餐,20,6,120,在线支付,傍晚
7586,2022-08-27,招牌三明治,快餐,60,12,720,在线支付,下午
7587,2022-08-27,新鲜甘蔗汁,饮品,25,5,125,现金,午夜
7588,2022-08-27,招牌三明治,快餐,60,14,840,现金,早晨
7589,2022-08-27,瓦达汉堡,快餐,20,7,140,在线支付,晚上
7590,2022-08-27,招牌三明治,快餐,60,15,900,在线支付,午夜
7591,2022-08-27,脆球点心,快餐,20,9,180,现金,傍晚
7592,2022-08-27,新鲜甘蔗汁,饮品,25,2,50,在线支付,傍晚
7593,2022-08-27,招牌三明治,快餐,60,2,120,现金,早晨
7594,2022-08-27,脆球点心,快餐,20,11,220,现金,午夜
7595,2022-08-27,瓦达汉堡,快餐,20,1,20,现金,早晨
7596,2022-08-27,咖喱土豆球,快餐,20,7,140,现金,午夜
7597,2022-08-27,咖喱土豆球,快餐,20,8,160,现金,早晨
7598,2022-08-27,法兰基卷,快餐,50,4,200,现金,下午
7599,2022-08-27,法兰基卷,快餐,50,2,100,在线支付,傍晚
7600,2022-08-27,法兰基卷,快餐,50,13,650,现金,早晨
7601,2022-08-27,新鲜甘蔗汁,饮品,25,13,325,其他,晚上
7602,2022-08-27,脆球点心,快餐,20,6,120,现金,下午
7603,2022-08-27,瓦达汉堡,快餐,20,10,200,现金,下午
7604,2022-08-27,脆球点心,快餐,20,9,180,在线支付,午夜
7605,2022-08-27,咖喱土豆球,快餐,20,4,80,现金,下午
7606,2022-08-27,咖喱土豆球,快餐,20,6,120,现金,下午
7607,2022-08-27,新鲜甘蔗汁,饮品,25,11,275,其他,下午
7608,2022-08-27,冰咖啡,饮品,40,5,200,在线支付,傍晚
7609,2022-08-27,咖喱土豆球,快餐,20,8,160,现金,晚上
7610,2022-08-27,脆球点心,快餐,20,13,260,现金,午夜
7611,2022-08-27,冰咖啡,饮品,40,9,360,现金,下午
7612,2022-08-27,新鲜甘蔗汁,饮品,25,13,325,在线支付,晚上
7613,2022-08-27,咖喱土豆球,快餐,20,8,160,现金,早晨
7614,2022-08-27,新鲜甘蔗汁,饮品,25,12,300,现金,午夜
7615,2022-08-27,招牌三明治,快餐,60,10,600,现金,晚上
7616,2022-08-27,法兰基卷,快餐,50,14,700,现金,午夜
7617,2022-08-27,脆球点心,快餐,20,12,240,现金,早晨
7618,2022-08-27,新鲜甘蔗汁,饮品,25,14,350,在线支付,午夜
7619,2022-08-27,招牌三明治,快餐,60,6,360,现金,午夜
7620,2022-08-27,冰咖啡,饮品,40,9,360,在线支付,午夜
7621,2022-08-27,新鲜甘蔗汁,饮品,25,14,350,现金,晚上
7622,2022-08-27,法兰基卷,快餐,50,9,450,现金,早晨
7623,2022-08-27,招牌三明治,快餐,60,7,420,现金,早晨
7624,2022-08-27,冰咖啡,饮品,40,11,440,现金,下午
7625,2022-08-27,瓦达汉堡,快餐,20,14,280,在线支付,下午
7626,2022-08-27,新鲜甘蔗汁,饮品,25,10,250,现金,晚上
7627,2022-08-27,脆球点心,快餐,20,12,240,其他,午夜
7628,2022-08-27,瓦达汉堡,快餐,20,10,200,现金,晚上
7629,2022-08-27,脆球点心,快餐,20,8,160,现金,早晨
7630,2022-08-27,瓦达汉堡,快餐,20,2,40,现金,晚上
7631,2022-08-27,冰咖啡,饮品,40,15,600,现金,傍晚
7632,2022-08-27,法兰基卷,快餐,50,7,350,其他,下午
7633,2022-08-27,咖喱土豆球,快餐,20,12,240,现金,早晨
7634,2022-08-27,脆球点心,快餐,20,11,220,在线支付,傍晚
7635,2022-08-27,瓦达汉堡,快餐,20,2,40,现金,傍晚
7636,2022-08-27,法兰基卷,快餐,50,11,550,在线支付,午夜
7637,2022-08-27,新鲜甘蔗汁,饮品,25,7,175,在线支付,晚上
7638,2022-08-27,冰咖啡,饮品,40,10,400,在线支付,午夜
7639,2022-08-27,法兰基卷,快餐,50,9,450,在线支付,早晨
7640,2022-08-27,脆球点心,快餐,20,15,300,在线支付,晚上
7641,2022-08-27,冰咖啡,饮品,40,6,240,其他,下午
7642,2022-08-27,冰咖啡,饮品,40,3,120,在线支付,午夜
7643,2022-08-27,咖喱土豆球,快餐,20,10,200,现金,傍晚
7644,2022-08-27,招牌三明治,快餐,60,3,180,其他,午夜
7645,2022-08-27,冰咖啡,饮品,40,10,400,在线支付,晚上
7646,2022-08-27,招牌三明治,快餐,60,9,540,在线支付,午夜
7647,2022-08-27,招牌三明治,快餐,60,8,480,现金,晚上
7648,2022-08-27,脆球点心,快餐,20,4,80,现金,午夜
7649,2022-08-27,脆球点心,快餐,20,12,240,其他,下午
7650,2022-08-27,新鲜甘蔗汁,饮品,25,9,225,现金,午夜
7651,2022-08-27,招牌三明治,快餐,60,12,720,现金,早晨
7652,2022-08-27,瓦达汉堡,快餐,20,12,240,现金,午夜
7653,2022-08-27,冰咖啡,饮品,40,14,560,在线支付,早晨
7654,2022-08-27,招牌三明治,快餐,60,7,420,现金,下午
7655,2022-08-27,脆球点心,快餐,20,10,200,在线支付,早晨
7656,2022-08-27,招牌三明治,快餐,60,8,480,在线支付,晚上
7657,2022-08-27,法兰基卷,快餐,50,15,750,现金,午夜
7658,2022-08-27,新鲜甘蔗汁,饮品,25,7,175,在线支付,早晨
7659,2022-08-27,招牌三明治,快餐,60,8,480,在线支付,下午
7660,2022-08-27,脆球点心,快餐,20,13,260,现金,下午
7661,2022-08-27,脆球点心,快餐,20,6,120,现金,晚上
7662,2022-08-27,瓦达汉堡,快餐,20,7,140,其他,晚上
7663,2022-08-27,咖喱土豆球,快餐,20,4,80,现金,傍晚
7664,2022-08-27,冰咖啡,饮品,40,11,440,在线支付,早晨
7665,2022-08-27,脆球点心,快餐,20,12,240,在线支付,午夜
7666,2022-08-27,脆球点心,快餐,20,14,280,在线支付,傍晚
7667,2022-08-27,瓦达汉堡,快餐,20,11,220,在线支付,下午
7668,2022-08-27,瓦达汉堡,快餐,20,11,220,其他,傍晚
7669,2022-08-27,招牌三明治,快餐,60,9,540,现金,晚上
7670,2022-08-27,脆球点心,快餐,20,12,240,现金,晚上
7671,2022-08-27,法兰基卷,快餐,50,4,200,现金,早晨
7672,2022-08-27,招牌三明治,快餐,60,15,900,现金,午夜
7673,2022-08-27,冰咖啡,饮品,40,10,400,现金,早晨
7674,2022-08-27,法兰基卷,快餐,50,9,450,现金,午夜
7675,2022-08-27,咖喱土豆球,快餐,20,1,20,其他,傍晚
7676,2022-08-27,冰咖啡,饮品,40,12,480,其他,午夜
7677,2022-08-27,新鲜甘蔗汁,饮品,25,1,25,现金,下午
7678,2022-08-27,咖喱土豆球,快餐,20,7,140,现金,下午
7679,2022-08-27,招牌三明治,快餐,60,10,600,在线支付,晚上
7680,2022-08-27,冰咖啡,饮品,40,13,520,在线支付,傍晚
7681,2022-08-27,新鲜甘蔗汁,饮品,25,9,225,现金,午夜
7682,2022-08-27,脆球点心,快餐,20,9,180,其他,晚上
7683,2022-08-27,脆球点心,快餐,20,6,120,在线支付,下午
7684,2022-08-27,咖喱土豆球,快餐,20,7,140,现金,早晨
7685,2022-08-27,招牌三明治,快餐,60,7,420,在线支付,傍晚
7686,2022-08-27,脆球点心,快餐,20,10,200,在线支付,晚上
7687,2022-08-27,冰咖啡,饮品,40,11,440,在线支付,早晨
7688,2022-08-28,新鲜甘蔗汁,饮品,25,6,150,在线支付,晚上
7689,2022-08-28,招牌三明治,快餐,60,6,360,现金,午夜
7690,2022-08-28,招牌三明治,快餐,60,15,900,现金,早晨
7691,2022-08-28,咖喱土豆球,快餐,20,4,80,在线支付,午夜
7692,2022-08-28,法兰基卷,快餐,50,9,450,现金,下午
7693,2022-08-28,冰咖啡,饮品,40,12,480,在线支付,傍晚
7694,2022-08-28,法兰基卷,快餐,50,10,500,在线支付,傍晚
7695,2022-08-28,冰咖啡,饮品,40,11,440,在线支付,下午
7696,2022-08-28,新鲜甘蔗汁,饮品,25,1,25,其他,早晨
7697,2022-08-28,法兰基卷,快餐,50,4,200,现金,早晨
7698,2022-08-28,脆球点心,快餐,20,10,200,现金,晚上
7699,2022-08-28,新鲜甘蔗汁,饮品,25,6,150,现金,傍晚
7700,2022-08-28,咖喱土豆球,快餐,20,7,140,现金,晚上
7701,2022-08-28,瓦达汉堡,快餐,20,7,140,现金,午夜
7702,2022-08-28,瓦达汉堡,快餐,20,8,160,在线支付,午夜
7703,2022-08-28,新鲜甘蔗汁,饮品,25,5,125,现金,午夜
7704,2022-08-28,招牌三明治,快餐,60,5,300,现金,下午
7705,2022-08-28,脆球点心,快餐,20,8,160,其他,午夜
7706,2022-08-28,咖喱土豆球,快餐,20,6,120,现金,傍晚
7707,2022-08-28,咖喱土豆球,快餐,20,1,20,在线支付,晚上
7708,2022-08-28,法兰基卷,快餐,50,3,150,现金,傍晚
7709,2022-08-28,法兰基卷,快餐,50,14,700,在线支付,晚上
7710,2022-08-28,新鲜甘蔗汁,饮品,25,4,100,在线支付,早晨
7711,2022-08-28,脆球点心,快餐,20,11,220,其他,傍晚
7712,2022-08-28,脆球点心,快餐,20,8,160,在线支付,晚上
7713,2022-08-28,咖喱土豆球,快餐,20,2,40,在线支付,下午
7714,2022-08-28,冰咖啡,饮品,40,5,200,在线支付,早晨
7715,2022-08-28,新鲜甘蔗汁,饮品,25,6,150,现金,下午
7716,2022-08-28,瓦达汉堡,快餐,20,5,100,在线支付,下午
7717,2022-08-28,脆球点心,快餐,20,11,220,在线支付,下午
7718,2022-08-28,脆球点心,快餐,20,5,100,其他,午夜
7719,2022-08-28,招牌三明治,快餐,60,9,540,在线支付,晚上
7720,2022-08-28,瓦达汉堡,快餐,20,11,220,现金,早晨
7721,2022-08-28,咖喱土豆球,快餐,20,6,120,现金,晚上
7722,2022-08-28,招牌三明治,快餐,60,11,660,在线支付,早晨
7723,2022-08-28,脆球点心,快餐,20,3,60,现金,早晨
7724,2022-08-28,瓦达汉堡,快餐,20,10,200,现金,傍晚
7725,2022-08-28,招牌三明治,快餐,60,15,900,在线支付,傍晚
7726,2022-08-28,脆球点心,快餐,20,11,220,在线支付,傍晚
7727,2022-08-28,新鲜甘蔗汁,饮品,25,10,250,在线支付,晚上
7728,2022-08-28,脆球点心,快餐,20,9,180,其他,晚上
7729,2022-08-28,脆球点心,快餐,20,8,160,现金,午夜
7730,2022-08-28,冰咖啡,饮品,40,8,320,现金,早晨
7731,2022-08-28,新鲜甘蔗汁,饮品,25,9,225,现金,傍晚
7732,2022-08-28,冰咖啡,饮品,40,12,480,现金,下午
7733,2022-08-28,冰咖啡,饮品,40,4,160,现金,晚上
7734,2022-08-28,招牌三明治,快餐,60,15,900,在线支付,午夜
7735,2022-08-28,冰咖啡,饮品,40,1,40,其他,午夜
7736,2022-08-28,法兰基卷,快餐,50,9,450,现金,晚上
7737,2022-08-28,新鲜甘蔗汁,饮品,25,9,225,现金,早晨
7738,2022-08-28,脆球点心,快餐,20,3,60,现金,下午
7739,2022-08-28,法兰基卷,快餐,50,8,400,在线支付,傍晚
7740,2022-08-28,新鲜甘蔗汁,饮品,25,3,75,现金,晚上
7741,2022-08-28,瓦达汉堡,快餐,20,12,240,在线支付,下午
7742,2022-08-28,咖喱土豆球,快餐,20,3,60,现金,下午
7743,2022-08-28,新鲜甘蔗汁,饮品,25,8,200,现金,晚上
7744,2022-08-28,脆球点心,快餐,20,8,160,其他,午夜
7745,2022-08-28,招牌三明治,快餐,60,15,900,在线支付,傍晚
7746,2022-08-28,瓦达汉堡,快餐,20,12,240,在线支付,早晨
7747,2022-08-28,咖喱土豆球,快餐,20,7,140,现金,午夜
7748,2022-08-28,冰咖啡,饮品,40,3,120,现金,下午
7749,2022-08-28,法兰基卷,快餐,50,3,150,在线支付,晚上
7750,2022-08-28,冰咖啡,饮品,40,15,600,在线支付,早晨
7751,2022-08-28,冰咖啡,饮品,40,8,320,现金,下午
7752,2022-08-28,招牌三明治,快餐,60,10,600,在线支付,早晨
7753,2022-08-28,脆球点心,快餐,20,15,300,在线支付,早晨
7754,2022-08-28,脆球点心,快餐,20,1,20,现金,早晨
7755,2022-08-28,法兰基卷,快餐,50,1,50,现金,晚上
7756,2022-08-28,法兰基卷,快餐,50,1,50,在线支付,傍晚
7757,2022-08-28,咖喱土豆球,快餐,20,7,140,在线支付,午夜
7758,2022-08-28,瓦达汉堡,快餐,20,9,180,现金,傍晚
7759,2022-08-28,脆球点心,快餐,20,2,40,现金,傍晚
7760,2022-08-28,冰咖啡,饮品,40,10,400,其他,下午
7761,2022-08-28,咖喱土豆球,快餐,20,9,180,在线支付,午夜
7762,2022-08-28,招牌三明治,快餐,60,12,720,其他,午夜
7763,2022-08-28,瓦达汉堡,快餐,20,7,140,其他,晚上
7764,2022-08-28,招牌三明治,快餐,60,4,240,现金,傍晚
7765,2022-08-28,咖喱土豆球,快餐,20,5,100,现金,下午
7766,2022-08-28,咖喱土豆球,快餐,20,4,80,在线支付,下午
7767,2022-08-28,瓦达汉堡,快餐,20,12,240,其他,早晨
7768,2022-08-28,瓦达汉堡,快餐,20,4,80,现金,傍晚
7769,2022-08-28,冰咖啡,饮品,40,5,200,现金,下午
7770,2022-08-28,法兰基卷,快餐,50,11,550,现金,早晨
7771,2022-08-28,咖喱土豆球,快餐,20,11,220,其他,傍晚
7772,2022-08-28,招牌三明治,快餐,60,8,480,在线支付,午夜
7773,2022-08-28,咖喱土豆球,快餐,20,5,100,其他,早晨
7774,2022-08-28,新鲜甘蔗汁,饮品,25,13,325,其他,下午
7775,2022-08-28,招牌三明治,快餐,60,11,660,在线支付,晚上
7776,2022-08-28,咖喱土豆球,快餐,20,6,120,现金,晚上
7777,2022-08-28,招牌三明治,快餐,60,9,540,现金,晚上
7778,2022-08-28,脆球点心,快餐,20,11,220,在线支付,下午
7779,2022-08-28,冰咖啡,饮品,40,15,600,现金,晚上
7780,2022-08-28,瓦达汉堡,快餐,20,11,220,其他,下午
7781,2022-08-28,咖喱土豆球,快餐,20,7,140,现金,早晨
7782,2022-08-28,脆球点心,快餐,20,7,140,现金,下午
7783,2022-08-28,瓦达汉堡,快餐,20,7,140,其他,早晨
7784,2022-08-28,冰咖啡,饮品,40,2,80,现金,午夜
7785,2022-08-28,招牌三明治,快餐,60,10,600,现金,晚上
7786,2022-08-28,瓦达汉堡,快餐,20,11,220,在线支付,下午
7787,2022-08-28,新鲜甘蔗汁,饮品,25,13,325,其他,下午
7788,2022-08-28,瓦达汉堡,快餐,20,10,200,在线支付,午夜
7789,2022-08-28,新鲜甘蔗汁,饮品,25,8,200,现金,午夜
7790,2022-08-28,冰咖啡,饮品,40,10,400,现金,晚上
7791,2022-08-28,咖喱土豆球,快餐,20,8,160,在线支付,下午
7792,2022-08-28,脆球点心,快餐,20,11,220,现金,早晨
7793,2022-08-28,咖喱土豆球,快餐,20,2,40,现金,早晨
7794,2022-08-28,冰咖啡,饮品,40,4,160,现金,午夜
7795,2022-08-28,新鲜甘蔗汁,饮品,25,6,150,在线支付,晚上
7796,2022-08-28,法兰基卷,快餐,50,12,600,在线支付,晚上
7797,2022-08-28,冰咖啡,饮品,40,5,200,现金,午夜
7798,2022-08-28,新鲜甘蔗汁,饮品,25,11,275,现金,傍晚
7799,2022-08-28,新鲜甘蔗汁,饮品,25,3,75,其他,早晨
7800,2022-08-28,招牌三明治,快餐,60,8,480,现金,下午
7801,2022-08-28,冰咖啡,饮品,40,6,240,在线支付,傍晚
7802,2022-08-28,咖喱土豆球,快餐,20,14,280,在线支付,下午
7803,2022-08-28,法兰基卷,快餐,50,15,750,现金,午夜
7804,2022-08-28,脆球点心,快餐,20,5,100,在线支付,傍晚
7805,2022-08-28,新鲜甘蔗汁,饮品,25,8,200,现金,下午
7806,2022-08-28,瓦达汉堡,快餐,20,10,200,在线支付,晚上
7807,2022-08-28,新鲜甘蔗汁,饮品,25,2,50,在线支付,午夜
7808,2022-08-29,新鲜甘蔗汁,饮品,25,4,100,在线支付,晚上
7809,2022-08-29,新鲜甘蔗汁,饮品,25,14,350,现金,晚上
7810,2022-08-29,新鲜甘蔗汁,饮品,25,3,75,其他,早晨
7811,2022-08-29,瓦达汉堡,快餐,20,5,100,现金,傍晚
7812,2022-08-29,脆球点心,快餐,20,7,140,现金,早晨
7813,2022-08-29,法兰基卷,快餐,50,4,200,现金,晚上
7814,2022-08-29,新鲜甘蔗汁,饮品,25,15,375,在线支付,下午
7815,2022-08-29,法兰基卷,快餐,50,14,700,现金,傍晚
7816,2022-08-29,咖喱土豆球,快餐,20,4,80,现金,午夜
7817,2022-08-29,新鲜甘蔗汁,饮品,25,10,250,在线支付,午夜
7818,2022-08-29,脆球点心,快餐,20,5,100,在线支付,午夜
7819,2022-08-29,新鲜甘蔗汁,饮品,25,2,50,在线支付,下午
7820,2022-08-29,咖喱土豆球,快餐,20,5,100,其他,傍晚
7821,2022-08-29,脆球点心,快餐,20,13,260,现金,午夜
7822,2022-08-29,冰咖啡,饮品,40,9,360,现金,傍晚
7823,2022-08-29,咖喱土豆球,快餐,20,9,180,现金,下午
7824,2022-08-29,冰咖啡,饮品,40,9,360,现金,早晨
7825,2022-08-29,瓦达汉堡,快餐,20,1,20,现金,午夜
7826,2022-08-29,脆球点心,快餐,20,11,220,现金,下午
7827,2022-08-29,咖喱土豆球,快餐,20,10,200,在线支付,晚上
7828,2022-08-29,法兰基卷,快餐,50,12,600,现金,午夜
7829,2022-08-29,新鲜甘蔗汁,饮品,25,14,350,现金,午夜
7830,2022-08-29,咖喱土豆球,快餐,20,5,100,其他,早晨
7831,2022-08-29,新鲜甘蔗汁,饮品,25,12,300,现金,傍晚
7832,2022-08-29,法兰基卷,快餐,50,9,450,现金,傍晚
7833,2022-08-29,脆球点心,快餐,20,10,200,现金,下午
7834,2022-08-29,瓦达汉堡,快餐,20,8,160,在线支付,早晨
7835,2022-08-29,法兰基卷,快餐,50,11,550,现金,晚上
7836,2022-08-29,新鲜甘蔗汁,饮品,25,15,375,现金,午夜
7837,2022-08-29,新鲜甘蔗汁,饮品,25,6,150,现金,下午
7838,2022-08-29,新鲜甘蔗汁,饮品,25,10,250,现金,午夜
7839,2022-08-29,瓦达汉堡,快餐,20,15,300,现金,早晨
7840,2022-08-29,瓦达汉堡,快餐,20,15,300,在线支付,晚上
7841,2022-08-29,咖喱土豆球,快餐,20,5,100,现金,下午
7842,2022-08-29,冰咖啡,饮品,40,8,320,在线支付,傍晚
7843,2022-08-29,新鲜甘蔗汁,饮品,25,12,300,现金,晚上
7844,2022-08-29,脆球点心,快餐,20,10,200,在线支付,下午
7845,2022-08-29,瓦达汉堡,快餐,20,9,180,在线支付,午夜
7846,2022-08-29,招牌三明治,快餐,60,7,420,在线支付,下午
7847,2022-08-29,冰咖啡,饮品,40,5,200,现金,午夜
7848,2022-08-29,咖喱土豆球,快餐,20,10,200,在线支付,早晨
7849,2022-08-29,冰咖啡,饮品,40,11,440,现金,午夜
7850,2022-08-29,新鲜甘蔗汁,饮品,25,15,375,现金,午夜
7851,2022-08-29,冰咖啡,饮品,40,12,480,在线支付,下午
7852,2022-08-29,冰咖啡,饮品,40,9,360,现金,傍晚
7853,2022-08-29,咖喱土豆球,快餐,20,4,80,在线支付,傍晚
7854,2022-08-29,招牌三明治,快餐,60,11,660,现金,晚上
7855,2022-08-29,咖喱土豆球,快餐,20,12,240,现金,午夜
7856,2022-08-29,招牌三明治,快餐,60,10,600,在线支付,午夜
7857,2022-08-29,脆球点心,快餐,20,4,80,现金,早晨
7858,2022-08-29,招牌三明治,快餐,60,6,360,其他,晚上
7859,2022-08-29,新鲜甘蔗汁,饮品,25,9,225,在线支付,晚上
7860,2022-08-29,招牌三明治,快餐,60,5,300,在线支付,下午
7861,2022-08-29,法兰基卷,快餐,50,14,700,其他,晚上
7862,2022-08-29,冰咖啡,饮品,40,8,320,现金,午夜
7863,2022-08-29,冰咖啡,饮品,40,9,360,在线支付,傍晚
7864,2022-08-29,冰咖啡,饮品,40,5,200,在线支付,下午
7865,2022-08-29,招牌三明治,快餐,60,8,480,现金,晚上
7866,2022-08-29,法兰基卷,快餐,50,13,650,现金,午夜
7867,2022-08-29,脆球点心,快餐,20,5,100,其他,晚上
7868,2022-08-29,咖喱土豆球,快餐,20,13,260,其他,午夜
7869,2022-08-29,瓦达汉堡,快餐,20,8,160,在线支付,午夜
7870,2022-08-29,法兰基卷,快餐,50,9,450,现金,晚上
7871,2022-08-29,冰咖啡,饮品,40,6,240,其他,下午
7872,2022-08-29,咖喱土豆球,快餐,20,10,200,在线支付,下午
7873,2022-08-29,冰咖啡,饮品,40,4,160,现金,晚上
7874,2022-08-29,招牌三明治,快餐,60,14,840,现金,早晨
7875,2022-08-29,咖喱土豆球,快餐,20,11,220,其他,早晨
7876,2022-08-29,冰咖啡,饮品,40,7,280,现金,早晨
7877,2022-08-29,冰咖啡,饮品,40,8,320,在线支付,早晨
7878,2022-08-29,新鲜甘蔗汁,饮品,25,12,300,现金,晚上
7879,2022-08-29,瓦达汉堡,快餐,20,7,140,在线支付,下午
7880,2022-08-29,冰咖啡,饮品,40,4,160,现金,午夜
7881,2022-08-29,法兰基卷,快餐,50,10,500,现金,午夜
7882,2022-08-29,招牌三明治,快餐,60,6,360,现金,午夜
7883,2022-08-29,咖喱土豆球,快餐,20,11,220,现金,早晨
7884,2022-08-29,招牌三明治,快餐,60,13,780,现金,晚上
7885,2022-08-29,冰咖啡,饮品,40,10,400,在线支付,傍晚
7886,2022-08-29,瓦达汉堡,快餐,20,8,160,在线支付,傍晚
7887,2022-08-29,瓦达汉堡,快餐,20,10,200,在线支付,下午
7888,2022-08-29,瓦达汉堡,快餐,20,7,140,现金,下午
7889,2022-08-29,新鲜甘蔗汁,饮品,25,2,50,现金,下午
7890,2022-08-29,瓦达汉堡,快餐,20,3,60,在线支付,晚上
7891,2022-08-29,招牌三明治,快餐,60,14,840,在线支付,早晨
7892,2022-08-29,冰咖啡,饮品,40,9,360,在线支付,晚上
7893,2022-08-29,冰咖啡,饮品,40,3,120,现金,下午
7894,2022-08-29,冰咖啡,饮品,40,1,40,其他,傍晚
7895,2022-08-29,脆球点心,快餐,20,8,160,现金,晚上
7896,2022-08-29,咖喱土豆球,快餐,20,13,260,其他,傍晚
7897,2022-08-29,脆球点心,快餐,20,5,100,现金,傍晚
7898,2022-08-29,新鲜甘蔗汁,饮品,25,3,75,现金,早晨
7899,2022-08-29,新鲜甘蔗汁,饮品,25,7,175,在线支付,晚上
7900,2022-08-29,招牌三明治,快餐,60,4,240,在线支付,午夜
7901,2022-08-29,冰咖啡,饮品,40,14,560,现金,下午
7902,2022-08-29,咖喱土豆球,快餐,20,9,180,在线支付,早晨
7903,2022-08-29,冰咖啡,饮品,40,3,120,现金,午夜
7904,2022-08-29,冰咖啡,饮品,40,10,400,现金,下午
7905,2022-08-29,冰咖啡,饮品,40,9,360,现金,傍晚
7906,2022-08-29,脆球点心,快餐,20,10,200,在线支付,晚上
7907,2022-08-29,新鲜甘蔗汁,饮品,25,1,25,在线支付,傍晚
7908,2022-08-29,招牌三明治,快餐,60,12,720,在线支付,下午
7909,2022-08-29,脆球点心,快餐,20,10,200,在线支付,午夜
7910,2022-08-29,瓦达汉堡,快餐,20,3,60,在线支付,午夜
7911,2022-08-29,脆球点心,快餐,20,5,100,现金,早晨
7912,2022-08-29,冰咖啡,饮品,40,7,280,在线支付,午夜
7913,2022-08-29,瓦达汉堡,快餐,20,8,160,现金,午夜
7914,2022-08-29,冰咖啡,饮品,40,2,80,现金,傍晚
7915,2022-08-29,脆球点心,快餐,20,10,200,现金,傍晚
7916,2022-08-29,法兰基卷,快餐,50,8,400,现金,早晨
7917,2022-08-29,法兰基卷,快餐,50,8,400,现金,午夜
7918,2022-08-29,新鲜甘蔗汁,饮品,25,1,25,现金,午夜
7919,2022-08-29,脆球点心,快餐,20,2,40,在线支付,下午
7920,2022-08-29,冰咖啡,饮品,40,5,200,现金,午夜
7921,2022-08-29,新鲜甘蔗汁,饮品,25,15,375,其他,早晨
7922,2022-08-29,咖喱土豆球,快餐,20,11,220,现金,下午
7923,2022-08-29,招牌三明治,快餐,60,10,600,在线支付,下午
7924,2022-08-29,招牌三明治,快餐,60,14,840,现金,傍晚
7925,2022-08-29,冰咖啡,饮品,40,10,400,现金,下午
7926,2022-08-29,新鲜甘蔗汁,饮品,25,7,175,在线支付,晚上
7927,2022-08-29,新鲜甘蔗汁,饮品,25,11,275,在线支付,晚上
7928,2022-08-29,咖喱土豆球,快餐,20,10,200,在线支付,早晨
7929,2022-08-29,新鲜甘蔗汁,饮品,25,7,175,现金,傍晚
7930,2022-08-29,咖喱土豆球,快餐,20,3,60,现金,下午
7931,2022-08-29,招牌三明治,快餐,60,8,480,在线支付,晚上
7932,2022-08-29,法兰基卷,快餐,50,5,250,现金,早晨
7933,2022-08-29,咖喱土豆球,快餐,20,11,220,现金,下午
7934,2022-08-29,脆球点心,快餐,20,9,180,现金,午夜
7935,2022-08-29,脆球点心,快餐,20,10,200,在线支付,傍晚
7936,2022-08-29,冰咖啡,饮品,40,5,200,在线支付,午夜
7937,2022-08-29,瓦达汉堡,快餐,20,15,300,现金,午夜
7938,2022-08-29,脆球点心,快餐,20,12,240,其他,早晨
7939,2022-08-29,新鲜甘蔗汁,饮品,25,2,50,在线支付,午夜
7940,2022-08-30,脆球点心,快餐,20,15,300,现金,下午
7941,2022-08-30,冰咖啡,饮品,40,8,320,在线支付,晚上
7942,2022-08-30,招牌三明治,快餐,60,6,360,现金,午夜
7943,2022-08-30,咖喱土豆球,快餐,20,12,240,在线支付,早晨
7944,2022-08-30,咖喱土豆球,快餐,20,7,140,现金,傍晚
7945,2022-08-30,冰咖啡,饮品,40,11,440,现金,早晨
7946,2022-08-30,脆球点心,快餐,20,11,220,在线支付,午夜
7947,2022-08-30,招牌三明治,快餐,60,7,420,在线支付,早晨
7948,2022-08-30,冰咖啡,饮品,40,4,160,现金,傍晚
7949,2022-08-30,瓦达汉堡,快餐,20,1,20,现金,晚上
7950,2022-08-30,冰咖啡,饮品,40,2,80,在线支付,傍晚
7951,2022-08-30,招牌三明治,快餐,60,6,360,现金,早晨
7952,2022-08-30,招牌三明治,快餐,60,8,480,在线支付,傍晚
7953,2022-08-30,冰咖啡,饮品,40,6,240,在线支付,早晨
7954,2022-08-30,冰咖啡,饮品,40,9,360,在线支付,午夜
7955,2022-08-30,招牌三明治,快餐,60,13,780,在线支付,午夜
7956,2022-08-30,咖喱土豆球,快餐,20,14,280,现金,傍晚
7957,2022-08-30,法兰基卷,快餐,50,4,200,在线支付,傍晚
7958,2022-08-30,招牌三明治,快餐,60,9,540,在线支付,傍晚
7959,2022-08-30,瓦达汉堡,快餐,20,9,180,现金,早晨
7960,2022-08-30,招牌三明治,快餐,60,8,480,在线支付,下午
7961,2022-08-30,招牌三明治,快餐,60,15,900,其他,晚上
7962,2022-08-30,招牌三明治,快餐,60,11,660,现金,下午
7963,2022-08-30,法兰基卷,快餐,50,8,400,在线支付,晚上
7964,2022-08-30,瓦达汉堡,快餐,20,15,300,在线支付,早晨
7965,2022-08-30,新鲜甘蔗汁,饮品,25,7,175,在线支付,下午
7966,2022-08-30,瓦达汉堡,快餐,20,13,260,在线支付,下午
7967,2022-08-30,冰咖啡,饮品,40,6,240,在线支付,傍晚
7968,2022-08-30,新鲜甘蔗汁,饮品,25,12,300,现金,下午
7969,2022-08-30,招牌三明治,快餐,60,11,660,其他,午夜
7970,2022-08-30,招牌三明治,快餐,60,7,420,现金,早晨
7971,2022-08-30,瓦达汉堡,快餐,20,5,100,在线支付,傍晚
7972,2022-08-30,新鲜甘蔗汁,饮品,25,13,325,现金,下午
7973,2022-08-30,招牌三明治,快餐,60,1,60,其他,下午
7974,2022-08-30,冰咖啡,饮品,40,7,280,在线支付,下午
7975,2022-08-30,招牌三明治,快餐,60,8,480,在线支付,晚上
7976,2022-08-30,法兰基卷,快餐,50,12,600,其他,午夜
7977,2022-08-30,新鲜甘蔗汁,饮品,25,9,225,在线支付,早晨
7978,2022-08-30,冰咖啡,饮品,40,7,280,其他,傍晚
7979,2022-08-30,咖喱土豆球,快餐,20,13,260,现金,晚上
7980,2022-08-30,瓦达汉堡,快餐,20,7,140,在线支付,傍晚
7981,2022-08-30,瓦达汉堡,快餐,20,6,120,在线支付,下午
7982,2022-08-30,冰咖啡,饮品,40,5,200,在线支付,下午
7983,2022-08-30,冰咖啡,饮品,40,15,600,现金,傍晚
7984,2022-08-30,冰咖啡,饮品,40,9,360,现金,午夜
7985,2022-08-30,法兰基卷,快餐,50,11,550,现金,早晨
7986,2022-08-30,冰咖啡,饮品,40,9,360,在线支付,下午
7987,2022-08-30,咖喱土豆球,快餐,20,10,200,在线支付,傍晚
7988,2022-08-30,新鲜甘蔗汁,饮品,25,9,225,在线支付,早晨
7989,2022-08-30,招牌三明治,快餐,60,6,360,现金,晚上
7990,2022-08-30,法兰基卷,快餐,50,6,300,其他,晚上
7991,2022-08-30,招牌三明治,快餐,60,14,840,在线支付,傍晚
7992,2022-08-30,瓦达汉堡,快餐,20,10,200,在线支付,晚上
7993,2022-08-30,冰咖啡,饮品,40,15,600,现金,午夜
7994,2022-08-30,咖喱土豆球,快餐,20,6,120,在线支付,下午
7995,2022-08-30,瓦达汉堡,快餐,20,11,220,现金,午夜
7996,2022-08-30,脆球点心,快餐,20,4,80,现金,午夜
7997,2022-08-30,冰咖啡,饮品,40,10,400,在线支付,下午
7998,2022-08-30,法兰基卷,快餐,50,6,300,现金,下午
7999,2022-08-30,新鲜甘蔗汁,饮品,25,6,150,在线支付,早晨
8000,2022-08-30,瓦达汉堡,快餐,20,12,240,在线支付,午夜
8001,2022-08-30,脆球点心,快餐,20,11,220,在线支付,晚上
8002,2022-08-30,法兰基卷,快餐,50,12,600,在线支付,傍晚
8003,2022-08-30,脆球点心,快餐,20,10,200,现金,午夜
8004,2022-08-30,法兰基卷,快餐,50,2,100,在线支付,晚上
8005,2022-08-30,脆球点心,快餐,20,5,100,现金,午夜
8006,2022-08-30,新鲜甘蔗汁,饮品,25,5,125,现金,下午
8007,2022-08-30,冰咖啡,饮品,40,7,280,在线支付,晚上
8008,2022-08-30,瓦达汉堡,快餐,20,10,200,其他,早晨
8009,2022-08-30,瓦达汉堡,快餐,20,7,140,在线支付,早晨
8010,2022-08-30,咖喱土豆球,快餐,20,2,40,其他,傍晚
8011,2022-08-30,法兰基卷,快餐,50,8,400,现金,午夜
8012,2022-08-30,脆球点心,快餐,20,10,200,现金,晚上
8013,2022-08-30,脆球点心,快餐,20,15,300,在线支付,傍晚
8014,2022-08-30,脆球点心,快餐,20,11,220,在线支付,傍晚
8015,2022-08-30,新鲜甘蔗汁,饮品,25,8,200,现金,下午
8016,2022-08-30,冰咖啡,饮品,40,4,160,在线支付,晚上
8017,2022-08-30,新鲜甘蔗汁,饮品,25,2,50,其他,午夜
8018,2022-08-30,脆球点心,快餐,20,1,20,在线支付,傍晚
8019,2022-08-30,瓦达汉堡,快餐,20,15,300,其他,午夜
8020,2022-08-30,招牌三明治,快餐,60,11,660,现金,早晨
8021,2022-08-30,新鲜甘蔗汁,饮品,25,6,150,在线支付,晚上
8022,2022-08-30,新鲜甘蔗汁,饮品,25,3,75,在线支付,早晨
8023,2022-08-30,法兰基卷,快餐,50,5,250,现金,早晨
8024,2022-08-30,瓦达汉堡,快餐,20,6,120,现金,午夜
8025,2022-08-30,法兰基卷,快餐,50,3,150,现金,午夜
8026,2022-08-30,冰咖啡,饮品,40,4,160,其他,傍晚
8027,2022-08-30,法兰基卷,快餐,50,4,200,现金,下午
8028,2022-08-30,法兰基卷,快餐,50,11,550,现金,午夜
8029,2022-08-30,法兰基卷,快餐,50,10,500,现金,午夜
8030,2022-08-30,法兰基卷,快餐,50,10,500,在线支付,午夜
8031,2022-08-30,咖喱土豆球,快餐,20,5,100,其他,傍晚
8032,2022-08-30,新鲜甘蔗汁,饮品,25,3,75,其他,午夜
8033,2022-08-30,冰咖啡,饮品,40,12,480,现金,早晨
8034,2022-08-30,咖喱土豆球,快餐,20,8,160,其他,傍晚
8035,2022-08-30,新鲜甘蔗汁,饮品,25,12,300,现金,傍晚
8036,2022-08-30,脆球点心,快餐,20,11,220,现金,早晨
8037,2022-08-30,新鲜甘蔗汁,饮品,25,10,250,在线支付,午夜
8038,2022-08-30,冰咖啡,饮品,40,6,240,现金,早晨
8039,2022-08-30,招牌三明治,快餐,60,11,660,现金,晚上
8040,2022-08-30,瓦达汉堡,快餐,20,15,300,在线支付,晚上
8041,2022-08-30,冰咖啡,饮品,40,11,440,现金,早晨
8042,2022-08-30,咖喱土豆球,快餐,20,2,40,现金,午夜
8043,2022-08-30,瓦达汉堡,快餐,20,11,220,在线支付,傍晚
8044,2022-08-30,瓦达汉堡,快餐,20,9,180,在线支付,晚上
8045,2022-08-30,瓦达汉堡,快餐,20,13,260,现金,傍晚
8046,2022-08-30,招牌三明治,快餐,60,15,900,现金,晚上
8047,2022-08-30,冰咖啡,饮品,40,1,40,在线支付,晚上
8048,2022-08-30,瓦达汉堡,快餐,20,14,280,其他,下午
8049,2022-08-30,脆球点心,快餐,20,15,300,其他,傍晚
8050,2022-08-30,瓦达汉堡,快餐,20,4,80,现金,午夜
8051,2022-08-30,咖喱土豆球,快餐,20,1,20,在线支付,早晨
8052,2022-08-30,冰咖啡,饮品,40,10,400,在线支付,傍晚
8053,2022-08-30,法兰基卷,快餐,50,11,550,现金,傍晚
8054,2022-08-30,咖喱土豆球,快餐,20,9,180,现金,午夜
8055,2022-08-30,瓦达汉堡,快餐,20,1,20,在线支付,午夜
8056,2022-08-30,咖喱土豆球,快餐,20,6,120,在线支付,傍晚
8057,2022-08-30,招牌三明治,快餐,60,10,600,在线支付,傍晚
8058,2022-08-30,冰咖啡,饮品,40,5,200,在线支付,傍晚
8059,2022-08-30,瓦达汉堡,快餐,20,13,260,现金,早晨
8060,2022-08-30,咖喱土豆球,快餐,20,14,280,现金,早晨
8061,2022-08-30,招牌三明治,快餐,60,13,780,在线支付,傍晚
8062,2022-08-30,冰咖啡,饮品,40,1,40,在线支付,傍晚
8063,2022-08-30,法兰基卷,快餐,50,10,500,现金,午夜
8064,2022-08-30,瓦达汉堡,快餐,20,13,260,现金,傍晚
8065,2022-08-30,脆球点心,快餐,20,13,260,现金,下午
8066,2022-08-30,冰咖啡,饮品,40,6,240,在线支付,早晨
8067,2022-08-30,瓦达汉堡,快餐,20,10,200,现金,午夜
8068,2022-08-30,法兰基卷,快餐,50,11,550,其他,早晨
8069,2022-08-30,脆球点心,快餐,20,3,60,现金,早晨
8070,2022-08-31,招牌三明治,快餐,60,2,120,现金,午夜
8071,2022-08-31,咖喱土豆球,快餐,20,12,240,其他,午夜
8072,2022-08-31,咖喱土豆球,快餐,20,3,60,在线支付,早晨
8073,2022-08-31,咖喱土豆球,快餐,20,5,100,现金,午夜
8074,2022-08-31,新鲜甘蔗汁,饮品,25,12,300,现金,晚上
8075,2022-08-31,冰咖啡,饮品,40,6,240,现金,傍晚
8076,2022-08-31,招牌三明治,快餐,60,15,900,在线支付,早晨
8077,2022-08-31,法兰基卷,快餐,50,5,250,在线支付,晚上
8078,2022-08-31,法兰基卷,快餐,50,3,150,现金,晚上
8079,2022-08-31,瓦达汉堡,快餐,20,11,220,在线支付,晚上
8080,2022-08-31,瓦达汉堡,快餐,20,7,140,在线支付,早晨
8081,2022-08-31,冰咖啡,饮品,40,8,320,现金,下午
8082,2022-08-31,招牌三明治,快餐,60,15,900,现金,下午
8083,2022-08-31,招牌三明治,快餐,60,7,420,现金,下午
8084,2022-08-31,冰咖啡,饮品,40,1,40,在线支付,下午
8085,2022-08-31,咖喱土豆球,快餐,20,2,40,现金,午夜
8086,2022-08-31,冰咖啡,饮品,40,6,240,现金,早晨
8087,2022-08-31,瓦达汉堡,快餐,20,13,260,现金,傍晚
8088,2022-08-31,冰咖啡,饮品,40,2,80,现金,下午
8089,2022-08-31,冰咖啡,饮品,40,15,600,在线支付,午夜
8090,2022-08-31,冰咖啡,饮品,40,12,480,现金,早晨
8091,2022-08-31,脆球点心,快餐,20,6,120,现金,早晨
8092,2022-08-31,新鲜甘蔗汁,饮品,25,5,125,现金,晚上
8093,2022-08-31,招牌三明治,快餐,60,12,720,现金,下午
8094,2022-08-31,冰咖啡,饮品,40,6,240,在线支付,下午
8095,2022-08-31,新鲜甘蔗汁,饮品,25,8,200,其他,早晨
8096,2022-08-31,瓦达汉堡,快餐,20,10,200,现金,早晨
8097,2022-08-31,咖喱土豆球,快餐,20,10,200,现金,午夜
8098,2022-08-31,招牌三明治,快餐,60,7,420,在线支付,傍晚
8099,2022-08-31,新鲜甘蔗汁,饮品,25,10,250,在线支付,晚上
8100,2022-08-31,法兰基卷,快餐,50,1,50,现金,晚上
8101,2022-08-31,脆球点心,快餐,20,2,40,现金,傍晚
8102,2022-08-31,法兰基卷,快餐,50,1,50,现金,午夜
8103,2022-08-31,新鲜甘蔗汁,饮品,25,10,250,在线支付,午夜
8104,2022-08-31,法兰基卷,快餐,50,10,500,现金,下午
8105,2022-08-31,咖喱土豆球,快餐,20,14,280,在线支付,下午
8106,2022-08-31,新鲜甘蔗汁,饮品,25,10,250,在线支付,晚上
8107,2022-08-31,脆球点心,快餐,20,10,200,在线支付,早晨
8108,2022-08-31,咖喱土豆球,快餐,20,15,300,现金,午夜
8109,2022-08-31,招牌三明治,快餐,60,9,540,现金,早晨
8110,2022-08-31,咖喱土豆球,快餐,20,6,120,现金,午夜
8111,2022-08-31,咖喱土豆球,快餐,20,9,180,在线支付,早晨
8112,2022-08-31,法兰基卷,快餐,50,11,550,在线支付,晚上
8113,2022-08-31,冰咖啡,饮品,40,1,40,现金,下午
8114,2022-08-31,法兰基卷,快餐,50,8,400,在线支付,午夜
8115,2022-08-31,新鲜甘蔗汁,饮品,25,12,300,现金,早晨
8116,2022-08-31,咖喱土豆球,快餐,20,1,20,现金,晚上
8117,2022-08-31,冰咖啡,饮品,40,7,280,在线支付,傍晚
8118,2022-08-31,咖喱土豆球,快餐,20,11,220,现金,晚上
8119,2022-08-31,新鲜甘蔗汁,饮品,25,9,225,现金,晚上
8120,2022-08-31,法兰基卷,快餐,50,8,400,现金,午夜
8121,2022-08-31,法兰基卷,快餐,50,11,550,其他,下午
8122,2022-08-31,瓦达汉堡,快餐,20,4,80,在线支付,晚上
8123,2022-08-31,新鲜甘蔗汁,饮品,25,10,250,现金,傍晚
8124,2022-08-31,法兰基卷,快餐,50,12,600,现金,晚上
8125,2022-08-31,招牌三明治,快餐,60,5,300,现金,晚上
8126,2022-08-31,脆球点心,快餐,20,4,80,在线支付,晚上
8127,2022-08-31,新鲜甘蔗汁,饮品,25,13,325,现金,晚上
8128,2022-08-31,新鲜甘蔗汁,饮品,25,1,25,现金,早晨
8129,2022-08-31,冰咖啡,饮品,40,8,320,现金,傍晚
8130,2022-08-31,冰咖啡,饮品,40,8,320,在线支付,午夜
8131,2022-08-31,冰咖啡,饮品,40,10,400,现金,早晨
8132,2022-08-31,脆球点心,快餐,20,15,300,在线支付,早晨
8133,2022-08-31,法兰基卷,快餐,50,6,300,在线支付,下午
8134,2022-08-31,咖喱土豆球,快餐,20,13,260,其他,午夜
8135,2022-08-31,瓦达汉堡,快餐,20,12,240,在线支付,下午
8136,2022-08-31,冰咖啡,饮品,40,15,600,现金,晚上
8137,2022-08-31,脆球点心,快餐,20,4,80,其他,晚上
8138,2022-08-31,瓦达汉堡,快餐,20,11,220,现金,傍晚
8139,2022-08-31,法兰基卷,快餐,50,13,650,现金,晚上
8140,2022-08-31,咖喱土豆球,快餐,20,4,80,在线支付,午夜
8141,2022-08-31,瓦达汉堡,快餐,20,13,260,现金,傍晚
8142,2022-08-31,瓦达汉堡,快餐,20,1,20,现金,下午
8143,2022-08-31,招牌三明治,快餐,60,4,240,在线支付,午夜
8144,2022-08-31,脆球点心,快餐,20,15,300,现金,午夜
8145,2022-08-31,咖喱土豆球,快餐,20,8,160,现金,午夜
8146,2022-08-31,新鲜甘蔗汁,饮品,25,4,100,在线支付,晚上
8147,2022-08-31,冰咖啡,饮品,40,6,240,其他,早晨
8148,2022-08-31,脆球点心,快餐,20,6,120,在线支付,傍晚
8149,2022-08-31,冰咖啡,饮品,40,15,600,现金,午夜
8150,2022-08-31,法兰基卷,快餐,50,6,300,在线支付,傍晚
8151,2022-08-31,冰咖啡,饮品,40,7,280,在线支付,傍晚
8152,2022-08-31,瓦达汉堡,快餐,20,3,60,现金,早晨
8153,2022-08-31,咖喱土豆球,快餐,20,1,20,在线支付,傍晚
8154,2022-08-31,冰咖啡,饮品,40,15,600,现金,午夜
8155,2022-08-31,新鲜甘蔗汁,饮品,25,4,100,现金,早晨
8156,2022-08-31,咖喱土豆球,快餐,20,12,240,现金,晚上
8157,2022-08-31,脆球点心,快餐,20,9,180,在线支付,早晨
8158,2022-08-31,咖喱土豆球,快餐,20,2,40,现金,傍晚
8159,2022-08-31,脆球点心,快餐,20,12,240,现金,早晨
8160,2022-08-31,冰咖啡,饮品,40,9,360,现金,午夜
8161,2022-08-31,脆球点心,快餐,20,4,80,在线支付,午夜
8162,2022-08-31,咖喱土豆球,快餐,20,5,100,现金,下午
8163,2022-08-31,脆球点心,快餐,20,7,140,在线支付,午夜
8164,2022-08-31,新鲜甘蔗汁,饮品,25,9,225,在线支付,早晨
8165,2022-08-31,冰咖啡,饮品,40,1,40,现金,下午
8166,2022-08-31,冰咖啡,饮品,40,6,240,现金,早晨
8167,2022-08-31,招牌三明治,快餐,60,6,360,现金,午夜
8168,2022-08-31,法兰基卷,快餐,50,15,750,在线支付,下午
8169,2022-08-31,冰咖啡,饮品,40,1,40,现金,早晨
8170,2022-08-31,招牌三明治,快餐,60,10,600,现金,早晨
8171,2022-08-31,脆球点心,快餐,20,13,260,在线支付,下午
8172,2022-08-31,瓦达汉堡,快餐,20,11,220,在线支付,下午
8173,2022-08-31,法兰基卷,快餐,50,5,250,在线支付,早晨
8174,2022-08-31,脆球点心,快餐,20,1,20,在线支付,下午
8175,2022-08-31,招牌三明治,快餐,60,10,600,现金,早晨
8176,2022-08-31,冰咖啡,饮品,40,12,480,现金,早晨
8177,2022-08-31,新鲜甘蔗汁,饮品,25,10,250,在线支付,早晨
8178,2022-08-31,冰咖啡,饮品,40,3,120,在线支付,傍晚
8179,2022-08-31,脆球点心,快餐,20,1,20,在线支付,傍晚
8180,2022-08-31,冰咖啡,饮品,40,9,360,在线支付,早晨
8181,2022-08-31,瓦达汉堡,快餐,20,13,260,其他,午夜
8182,2022-08-31,瓦达汉堡,快餐,20,5,100,在线支付,晚上
8183,2022-08-31,招牌三明治,快餐,60,9,540,现金,晚上
8184,2022-08-31,脆球点心,快餐,20,10,200,在线支付,下午
8185,2022-08-31,新鲜甘蔗汁,饮品,25,8,200,在线支付,下午
8186,2022-08-31,脆球点心,快餐,20,9,180,现金,晚上
8187,2022-08-31,法兰基卷,快餐,50,5,250,现金,晚上
8188,2022-08-31,瓦达汉堡,快餐,20,10,200,现金,午夜
8189,2022-08-31,法兰基卷,快餐,50,10,500,在线支付,傍晚
8190,2022-08-31,瓦达汉堡,快餐,20,11,220,在线支付,下午
8191,2022-08-31,脆球点心,快餐,20,2,40,其他,早晨
8192,2022-08-31,咖喱土豆球,快餐,20,12,240,现金,早晨
8193,2022-08-31,咖喱土豆球,快餐,20,6,120,在线支付,下午
8194,2022-08-31,新鲜甘蔗汁,饮品,25,4,100,在线支付,下午
8195,2022-08-31,冰咖啡,饮品,40,3,120,在线支付,午夜
8196,2022-09-01,招牌三明治,快餐,60,1,60,现金,晚上
8197,2022-09-01,脆球点心,快餐,20,7,140,现金,晚上
8198,2022-09-01,冰咖啡,饮品,40,8,320,现金,早晨
8199,2022-09-01,新鲜甘蔗汁,饮品,25,15,375,现金,傍晚
8200,2022-09-01,新鲜甘蔗汁,饮品,25,9,225,其他,晚上
8201,2022-09-01,冰咖啡,饮品,40,4,160,现金,午夜
8202,2022-09-01,瓦达汉堡,快餐,20,4,80,在线支付,晚上
8203,2022-09-01,冰咖啡,饮品,40,12,480,现金,早晨
8204,2022-09-01,咖喱土豆球,快餐,20,14,280,现金,晚上
8205,2022-09-01,脆球点心,快餐,20,12,240,现金,午夜
8206,2022-09-01,咖喱土豆球,快餐,20,5,100,现金,下午
8207,2022-09-01,脆球点心,快餐,20,13,260,其他,傍晚
8208,2022-09-01,脆球点心,快餐,20,7,140,现金,下午
8209,2022-09-01,法兰基卷,快餐,50,11,550,现金,晚上
8210,2022-09-01,招牌三明治,快餐,60,12,720,现金,早晨
8211,2022-09-01,冰咖啡,饮品,40,12,480,现金,晚上
8212,2022-09-01,冰咖啡,饮品,40,9,360,在线支付,晚上
8213,2022-09-01,脆球点心,快餐,20,7,140,现金,晚上
8214,2022-09-01,新鲜甘蔗汁,饮品,25,10,250,现金,下午
8215,2022-09-01,新鲜甘蔗汁,饮品,25,6,150,在线支付,下午
8216,2022-09-01,新鲜甘蔗汁,饮品,25,4,100,现金,傍晚
8217,2022-09-01,冰咖啡,饮品,40,4,160,在线支付,下午
8218,2022-09-01,脆球点心,快餐,20,8,160,现金,傍晚
8219,2022-09-01,咖喱土豆球,快餐,20,7,140,现金,傍晚
8220,2022-09-01,新鲜甘蔗汁,饮品,25,7,175,现金,下午
8221,2022-09-01,法兰基卷,快餐,50,6,300,在线支付,傍晚
8222,2022-09-01,冰咖啡,饮品,40,2,80,现金,早晨
8223,2022-09-01,招牌三明治,快餐,60,11,660,现金,晚上
8224,2022-09-01,脆球点心,快餐,20,3,60,现金,早晨
8225,2022-09-01,咖喱土豆球,快餐,20,8,160,现金,午夜
8226,2022-09-01,冰咖啡,饮品,40,15,600,其他,晚上
8227,2022-09-01,法兰基卷,快餐,50,10,500,在线支付,下午
8228,2022-09-01,瓦达汉堡,快餐,20,13,260,现金,早晨
8229,2022-09-01,瓦达汉堡,快餐,20,1,20,现金,晚上
8230,2022-09-01,招牌三明治,快餐,60,14,840,在线支付,午夜
8231,2022-09-01,脆球点心,快餐,20,8,160,在线支付,晚上
8232,2022-09-01,咖喱土豆球,快餐,20,10,200,现金,傍晚
8233,2022-09-01,招牌三明治,快餐,60,6,360,在线支付,早晨
8234,2022-09-01,招牌三明治,快餐,60,14,840,在线支付,晚上
8235,2022-09-01,咖喱土豆球,快餐,20,7,140,在线支付,早晨
8236,2022-09-01,招牌三明治,快餐,60,3,180,在线支付,早晨
8237,2022-09-01,法兰基卷,快餐,50,7,350,在线支付,午夜
8238,2022-09-01,冰咖啡,饮品,40,7,280,在线支付,晚上
8239,2022-09-01,瓦达汉堡,快餐,20,15,300,在线支付,午夜
8240,2022-09-01,法兰基卷,快餐,50,9,450,现金,早晨
8241,2022-09-01,瓦达汉堡,快餐,20,3,60,现金,晚上
8242,2022-09-01,瓦达汉堡,快餐,20,8,160,其他,傍晚
8243,2022-09-01,法兰基卷,快餐,50,15,750,在线支付,下午
8244,2022-09-01,法兰基卷,快餐,50,3,150,现金,下午
8245,2022-09-01,冰咖啡,饮品,40,11,440,现金,傍晚
8246,2022-09-01,法兰基卷,快餐,50,5,250,在线支付,下午
8247,2022-09-01,脆球点心,快餐,20,10,200,现金,下午
8248,2022-09-01,咖喱土豆球,快餐,20,2,40,现金,傍晚
8249,2022-09-01,法兰基卷,快餐,50,6,300,现金,傍晚
8250,2022-09-01,招牌三明治,快餐,60,9,540,现金,下午
8251,2022-09-01,咖喱土豆球,快餐,20,5,100,现金,晚上
8252,2022-09-01,瓦达汉堡,快餐,20,3,60,在线支付,傍晚
8253,2022-09-01,瓦达汉堡,快餐,20,8,160,现金,早晨
8254,2022-09-01,招牌三明治,快餐,60,12,720,在线支付,午夜
8255,2022-09-01,新鲜甘蔗汁,饮品,25,12,300,现金,早晨
8256,2022-09-01,瓦达汉堡,快餐,20,1,20,在线支付,晚上
8257,2022-09-01,冰咖啡,饮品,40,11,440,现金,午夜
8258,2022-09-01,咖喱土豆球,快餐,20,9,180,现金,下午
8259,2022-09-01,新鲜甘蔗汁,饮品,25,9,225,在线支付,下午
8260,2022-09-01,冰咖啡,饮品,40,2,80,现金,下午
8261,2022-09-01,招牌三明治,快餐,60,9,540,现金,傍晚
8262,2022-09-01,法兰基卷,快餐,50,4,200,在线支付,晚上
8263,2022-09-01,脆球点心,快餐,20,8,160,其他,傍晚
8264,2022-09-01,冰咖啡,饮品,40,12,480,现金,傍晚
8265,2022-09-01,招牌三明治,快餐,60,15,900,现金,早晨
8266,2022-09-01,冰咖啡,饮品,40,4,160,在线支付,早晨
8267,2022-09-01,新鲜甘蔗汁,饮品,25,12,300,在线支付,午夜
8268,2022-09-01,法兰基卷,快餐,50,6,300,现金,下午
8269,2022-09-01,脆球点心,快餐,20,12,240,现金,早晨
8270,2022-09-01,冰咖啡,饮品,40,13,520,在线支付,傍晚
8271,2022-09-01,瓦达汉堡,快餐,20,4,80,现金,傍晚
8272,2022-09-01,冰咖啡,饮品,40,12,480,现金,午夜
8273,2022-09-01,招牌三明治,快餐,60,5,300,现金,晚上
8274,2022-09-01,冰咖啡,饮品,40,4,160,现金,早晨
8275,2022-09-01,咖喱土豆球,快餐,20,8,160,现金,晚上
8276,2022-09-01,脆球点心,快餐,20,14,280,现金,下午
8277,2022-09-01,法兰基卷,快餐,50,8,400,在线支付,早晨
8278,2022-09-01,咖喱土豆球,快餐,20,10,200,现金,午夜
8279,2022-09-01,咖喱土豆球,快餐,20,13,260,现金,早晨
8280,2022-09-01,咖喱土豆球,快餐,20,12,240,现金,下午
8281,2022-09-01,冰咖啡,饮品,40,4,160,在线支付,午夜
8282,2022-09-01,新鲜甘蔗汁,饮品,25,4,100,其他,午夜
8283,2022-09-01,法兰基卷,快餐,50,3,150,现金,晚上
8284,2022-09-01,脆球点心,快餐,20,9,180,现金,晚上
8285,2022-09-01,法兰基卷,快餐,50,1,50,在线支付,午夜
8286,2022-09-01,招牌三明治,快餐,60,5,300,现金,早晨
8287,2022-09-01,瓦达汉堡,快餐,20,10,200,其他,早晨
8288,2022-09-01,冰咖啡,饮品,40,15,600,在线支付,傍晚
8289,2022-09-01,法兰基卷,快餐,50,4,200,现金,午夜
8290,2022-09-01,瓦达汉堡,快餐,20,4,80,现金,傍晚
8291,2022-09-01,法兰基卷,快餐,50,12,600,在线支付,早晨
8292,2022-09-01,招牌三明治,快餐,60,8,480,在线支付,傍晚
8293,2022-09-01,冰咖啡,饮品,40,6,240,在线支付,午夜
8294,2022-09-01,脆球点心,快餐,20,5,100,现金,早晨
8295,2022-09-01,冰咖啡,饮品,40,11,440,其他,晚上
8296,2022-09-01,咖喱土豆球,快餐,20,4,80,现金,晚上
8297,2022-09-01,招牌三明治,快餐,60,7,420,现金,晚上
8298,2022-09-01,新鲜甘蔗汁,饮品,25,12,300,在线支付,傍晚
8299,2022-09-01,法兰基卷,快餐,50,11,550,现金,早晨
8300,2022-09-01,咖喱土豆球,快餐,20,3,60,在线支付,早晨
8301,2022-09-01,脆球点心,快餐,20,15,300,现金,傍晚
8302,2022-09-01,咖喱土豆球,快餐,20,3,60,在线支付,下午
8303,2022-09-01,瓦达汉堡,快餐,20,9,180,在线支付,傍晚
8304,2022-09-01,法兰基卷,快餐,50,6,300,在线支付,晚上
8305,2022-09-01,招牌三明治,快餐,60,8,480,现金,早晨
8306,2022-09-01,法兰基卷,快餐,50,6,300,其他,晚上
8307,2022-09-01,冰咖啡,饮品,40,9,360,在线支付,午夜
8308,2022-09-01,咖喱土豆球,快餐,20,8,160,现金,傍晚
8309,2022-09-01,法兰基卷,快餐,50,9,450,在线支付,下午
8310,2022-09-01,脆球点心,快餐,20,7,140,在线支付,晚上
8311,2022-09-02,咖喱土豆球,快餐,20,9,180,在线支付,晚上
8312,2022-09-02,新鲜甘蔗汁,饮品,25,14,350,现金,早晨
8313,2022-09-02,法兰基卷,快餐,50,15,750,在线支付,下午
8314,2022-09-02,法兰基卷,快餐,50,9,450,现金,早晨
8315,2022-09-02,法兰基卷,快餐,50,1,50,在线支付,午夜
8316,2022-09-02,咖喱土豆球,快餐,20,12,240,现金,下午
8317,2022-09-02,冰咖啡,饮品,40,10,400,在线支付,午夜
8318,2022-09-02,瓦达汉堡,快餐,20,15,300,在线支付,午夜
8319,2022-09-02,脆球点心,快餐,20,2,40,现金,下午
8320,2022-09-02,脆球点心,快餐,20,14,280,其他,午夜
8321,2022-09-02,新鲜甘蔗汁,饮品,25,1,25,在线支付,午夜
8322,2022-09-02,脆球点心,快餐,20,10,200,其他,早晨
8323,2022-09-02,咖喱土豆球,快餐,20,6,120,现金,午夜
8324,2022-09-02,冰咖啡,饮品,40,15,600,在线支付,早晨
8325,2022-09-02,新鲜甘蔗汁,饮品,25,11,275,在线支付,傍晚
8326,2022-09-02,咖喱土豆球,快餐,20,1,20,在线支付,早晨
8327,2022-09-02,咖喱土豆球,快餐,20,8,160,现金,早晨
8328,2022-09-02,脆球点心,快餐,20,1,20,在线支付,晚上
8329,2022-09-02,瓦达汉堡,快餐,20,3,60,现金,晚上
8330,2022-09-02,新鲜甘蔗汁,饮品,25,3,75,现金,午夜
8331,2022-09-02,招牌三明治,快餐,60,9,540,现金,晚上
8332,2022-09-02,冰咖啡,饮品,40,6,240,在线支付,午夜
8333,2022-09-02,咖喱土豆球,快餐,20,12,240,现金,下午
8334,2022-09-02,瓦达汉堡,快餐,20,1,20,在线支付,傍晚
8335,2022-09-02,脆球点心,快餐,20,9,180,现金,下午
8336,2022-09-02,冰咖啡,饮品,40,8,320,现金,午夜
8337,2022-09-02,冰咖啡,饮品,40,7,280,现金,晚上
8338,2022-09-02,咖喱土豆球,快餐,20,10,200,现金,傍晚
8339,2022-09-02,瓦达汉堡,快餐,20,15,300,现金,午夜
8340,2022-09-02,脆球点心,快餐,20,9,180,其他,午夜
8341,2022-09-02,咖喱土豆球,快餐,20,14,280,其他,晚上
8342,2022-09-02,瓦达汉堡,快餐,20,8,160,在线支付,午夜
8343,2022-09-02,瓦达汉堡,快餐,20,10,200,现金,早晨
8344,2022-09-02,法兰基卷,快餐,50,14,700,现金,晚上
8345,2022-09-02,法兰基卷,快餐,50,11,550,在线支付,早晨
8346,2022-09-02,法兰基卷,快餐,50,4,200,在线支付,早晨
8347,2022-09-02,瓦达汉堡,快餐,20,12,240,在线支付,晚上
8348,2022-09-02,脆球点心,快餐,20,13,260,现金,下午
8349,2022-09-02,招牌三明治,快餐,60,13,780,在线支付,傍晚
8350,2022-09-02,脆球点心,快餐,20,15,300,现金,午夜
8351,2022-09-02,咖喱土豆球,快餐,20,4,80,现金,傍晚
8352,2022-09-02,新鲜甘蔗汁,饮品,25,2,50,在线支付,傍晚
8353,2022-09-02,冰咖啡,饮品,40,6,240,现金,早晨
8354,2022-09-02,招牌三明治,快餐,60,7,420,在线支付,晚上
8355,2022-09-02,瓦达汉堡,快餐,20,11,220,现金,下午
8356,2022-09-02,瓦达汉堡,快餐,20,7,140,在线支付,午夜
8357,2022-09-02,新鲜甘蔗汁,饮品,25,11,275,在线支付,晚上
8358,2022-09-02,冰咖啡,饮品,40,11,440,在线支付,晚上
8359,2022-09-02,新鲜甘蔗汁,饮品,25,4,100,现金,傍晚
8360,2022-09-02,冰咖啡,饮品,40,15,600,在线支付,下午
8361,2022-09-02,脆球点心,快餐,20,1,20,在线支付,下午
8362,2022-09-02,咖喱土豆球,快餐,20,13,260,现金,下午
8363,2022-09-02,瓦达汉堡,快餐,20,7,140,在线支付,晚上
8364,2022-09-02,脆球点心,快餐,20,15,300,现金,晚上
8365,2022-09-02,脆球点心,快餐,20,4,80,其他,晚上
8366,2022-09-02,冰咖啡,饮品,40,9,360,现金,早晨
8367,2022-09-02,瓦达汉堡,快餐,20,4,80,其他,傍晚
8368,2022-09-02,瓦达汉堡,快餐,20,12,240,现金,晚上
8369,2022-09-02,招牌三明治,快餐,60,3,180,在线支付,早晨
8370,2022-09-02,法兰基卷,快餐,50,15,750,现金,早晨
8371,2022-09-02,冰咖啡,饮品,40,12,480,现金,晚上
8372,2022-09-02,冰咖啡,饮品,40,9,360,现金,下午
8373,2022-09-02,咖喱土豆球,快餐,20,10,200,在线支付,下午
8374,2022-09-02,脆球点心,快餐,20,12,240,其他,下午
8375,2022-09-02,瓦达汉堡,快餐,20,12,240,现金,早晨
8376,2022-09-02,脆球点心,快餐,20,10,200,现金,傍晚
8377,2022-09-02,瓦达汉堡,快餐,20,15,300,现金,下午
8378,2022-09-02,冰咖啡,饮品,40,9,360,在线支付,晚上
8379,2022-09-02,脆球点心,快餐,20,3,60,其他,傍晚
8380,2022-09-02,法兰基卷,快餐,50,8,400,其他,下午
8381,2022-09-02,新鲜甘蔗汁,饮品,25,8,200,在线支付,晚上
8382,2022-09-02,瓦达汉堡,快餐,20,11,220,其他,晚上
8383,2022-09-02,招牌三明治,快餐,60,9,540,在线支付,晚上
8384,2022-09-02,法兰基卷,快餐,50,11,550,在线支付,傍晚
8385,2022-09-02,脆球点心,快餐,20,2,40,现金,午夜
8386,2022-09-02,招牌三明治,快餐,60,11,660,在线支付,下午
8387,2022-09-02,冰咖啡,饮品,40,3,120,在线支付,早晨
8388,2022-09-02,新鲜甘蔗汁,饮品,25,9,225,在线支付,晚上
8389,2022-09-02,瓦达汉堡,快餐,20,12,240,在线支付,晚上
8390,2022-09-02,瓦达汉堡,快餐,20,13,260,现金,傍晚
8391,2022-09-02,冰咖啡,饮品,40,5,200,现金,傍晚
8392,2022-09-02,脆球点心,快餐,20,1,20,在线支付,午夜
8393,2022-09-02,瓦达汉堡,快餐,20,8,160,在线支付,下午
8394,2022-09-02,瓦达汉堡,快餐,20,12,240,现金,傍晚
8395,2022-09-02,招牌三明治,快餐,60,8,480,在线支付,傍晚
8396,2022-09-02,咖喱土豆球,快餐,20,15,300,现金,早晨
8397,2022-09-02,咖喱土豆球,快餐,20,15,300,现金,早晨
8398,2022-09-02,新鲜甘蔗汁,饮品,25,9,225,现金,早晨
8399,2022-09-02,咖喱土豆球,快餐,20,6,120,在线支付,午夜
8400,2022-09-02,法兰基卷,快餐,50,15,750,在线支付,下午
8401,2022-09-02,瓦达汉堡,快餐,20,3,60,现金,早晨
8402,2022-09-02,新鲜甘蔗汁,饮品,25,8,200,现金,傍晚
8403,2022-09-02,招牌三明治,快餐,60,14,840,现金,晚上
8404,2022-09-02,咖喱土豆球,快餐,20,7,140,在线支付,下午
8405,2022-09-02,冰咖啡,饮品,40,10,400,现金,早晨
8406,2022-09-02,瓦达汉堡,快餐,20,1,20,在线支付,下午
8407,2022-09-02,冰咖啡,饮品,40,8,320,现金,傍晚
8408,2022-09-02,新鲜甘蔗汁,饮品,25,15,375,现金,傍晚
8409,2022-09-02,法兰基卷,快餐,50,9,450,在线支付,早晨
8410,2022-09-02,瓦达汉堡,快餐,20,15,300,在线支付,下午
8411,2022-09-02,脆球点心,快餐,20,9,180,现金,早晨
8412,2022-09-02,瓦达汉堡,快餐,20,15,300,其他,午夜
8413,2022-09-02,瓦达汉堡,快餐,20,15,300,在线支付,下午
8414,2022-09-02,招牌三明治,快餐,60,3,180,现金,傍晚
8415,2022-09-02,招牌三明治,快餐,60,11,660,在线支付,傍晚
8416,2022-09-02,新鲜甘蔗汁,饮品,25,3,75,现金,傍晚
8417,2022-09-02,法兰基卷,快餐,50,9,450,在线支付,午夜
8418,2022-09-02,脆球点心,快餐,20,3,60,在线支付,晚上
8419,2022-09-02,瓦达汉堡,快餐,20,13,260,现金,傍晚
8420,2022-09-02,招牌三明治,快餐,60,9,540,在线支付,傍晚
8421,2022-09-02,冰咖啡,饮品,40,1,40,其他,午夜
8422,2022-09-02,法兰基卷,快餐,50,5,250,现金,晚上
8423,2022-09-02,咖喱土豆球,快餐,20,13,260,现金,早晨
8424,2022-09-02,招牌三明治,快餐,60,6,360,在线支付,晚上
8425,2022-09-02,法兰基卷,快餐,50,15,750,其他,早晨
8426,2022-09-02,新鲜甘蔗汁,饮品,25,1,25,现金,晚上
8427,2022-09-02,法兰基卷,快餐,50,9,450,现金,早晨
8428,2022-09-02,招牌三明治,快餐,60,6,360,现金,午夜
8429,2022-09-02,法兰基卷,快餐,50,6,300,其他,下午
8430,2022-09-02,瓦达汉堡,快餐,20,15,300,在线支付,晚上
8431,2022-09-02,瓦达汉堡,快餐,20,14,280,其他,晚上
8432,2022-09-02,新鲜甘蔗汁,饮品,25,13,325,在线支付,早晨
8433,2022-09-02,招牌三明治,快餐,60,6,360,在线支付,下午
8434,2022-09-02,招牌三明治,快餐,60,7,420,在线支付,晚上
8435,2022-09-02,法兰基卷,快餐,50,6,300,在线支付,早晨
8436,2022-09-02,法兰基卷,快餐,50,14,700,现金,晚上
8437,2022-09-02,脆球点心,快餐,20,8,160,在线支付,傍晚
8438,2022-09-02,冰咖啡,饮品,40,13,520,其他,傍晚
8439,2022-09-02,法兰基卷,快餐,50,11,550,现金,晚上
8440,2022-09-02,新鲜甘蔗汁,饮品,25,2,50,在线支付,下午
8441,2022-09-02,新鲜甘蔗汁,饮品,25,12,300,其他,下午
8442,2022-09-02,冰咖啡,饮品,40,8,320,在线支付,晚上
8443,2022-09-02,法兰基卷,快餐,50,3,150,现金,晚上
8444,2022-09-02,新鲜甘蔗汁,饮品,25,8,200,现金,傍晚
8445,2022-09-02,脆球点心,快餐,20,12,240,在线支付,早晨
8446,2022-09-02,脆球点心,快餐,20,6,120,在线支付,午夜
8447,2022-09-02,冰咖啡,饮品,40,9,360,现金,早晨
8448,2022-09-02,冰咖啡,饮品,40,2,80,现金,傍晚
8449,2022-09-02,瓦达汉堡,快餐,20,6,120,现金,午夜
8450,2022-09-02,招牌三明治,快餐,60,15,900,在线支付,午夜
8451,2022-09-02,瓦达汉堡,快餐,20,10,200,其他,午夜
8452,2022-09-03,咖喱土豆球,快餐,20,7,140,现金,早晨
8453,2022-09-03,脆球点心,快餐,20,8,160,其他,午夜
8454,2022-09-03,新鲜甘蔗汁,饮品,25,12,300,现金,傍晚
8455,2022-09-03,冰咖啡,饮品,40,5,200,现金,下午
8456,2022-09-03,冰咖啡,饮品,40,13,520,现金,下午
8457,2022-09-03,脆球点心,快餐,20,15,300,现金,午夜
8458,2022-09-03,咖喱土豆球,快餐,20,15,300,现金,傍晚
8459,2022-09-03,法兰基卷,快餐,50,12,600,现金,傍晚
8460,2022-09-03,脆球点心,快餐,20,8,160,现金,傍晚
8461,2022-09-03,脆球点心,快餐,20,6,120,在线支付,午夜
8462,2022-09-03,新鲜甘蔗汁,饮品,25,6,150,现金,下午
8463,2022-09-03,脆球点心,快餐,20,5,100,在线支付,午夜
8464,2022-09-03,咖喱土豆球,快餐,20,4,80,现金,早晨
8465,2022-09-03,冰咖啡,饮品,40,4,160,在线支付,午夜
8466,2022-09-03,咖喱土豆球,快餐,20,9,180,现金,下午
8467,2022-09-03,法兰基卷,快餐,50,8,400,在线支付,晚上
8468,2022-09-03,冰咖啡,饮品,40,1,40,其他,午夜
8469,2022-09-03,新鲜甘蔗汁,饮品,25,7,175,现金,午夜
8470,2022-09-03,法兰基卷,快餐,50,15,750,其他,傍晚
8471,2022-09-03,新鲜甘蔗汁,饮品,25,12,300,在线支付,下午
8472,2022-09-03,瓦达汉堡,快餐,20,8,160,现金,下午
8473,2022-09-03,咖喱土豆球,快餐,20,4,80,现金,下午
8474,2022-09-03,新鲜甘蔗汁,饮品,25,2,50,现金,傍晚
8475,2022-09-03,冰咖啡,饮品,40,6,240,其他,早晨
8476,2022-09-03,法兰基卷,快餐,50,10,500,现金,下午
8477,2022-09-03,脆球点心,快餐,20,11,220,现金,早晨
8478,2022-09-03,冰咖啡,饮品,40,7,280,在线支付,傍晚
8479,2022-09-03,咖喱土豆球,快餐,20,12,240,在线支付,午夜
8480,2022-09-03,咖喱土豆球,快餐,20,10,200,现金,傍晚
8481,2022-09-03,招牌三明治,快餐,60,8,480,其他,晚上
8482,2022-09-03,招牌三明治,快餐,60,15,900,在线支付,早晨
8483,2022-09-03,新鲜甘蔗汁,饮品,25,6,150,在线支付,晚上
8484,2022-09-03,咖喱土豆球,快餐,20,8,160,现金,晚上
8485,2022-09-03,新鲜甘蔗汁,饮品,25,9,225,在线支付,早晨
8486,2022-09-03,冰咖啡,饮品,40,1,40,现金,傍晚
8487,2022-09-03,招牌三明治,快餐,60,10,600,在线支付,晚上
8488,2022-09-03,冰咖啡,饮品,40,5,200,其他,午夜
8489,2022-09-03,法兰基卷,快餐,50,8,400,其他,下午
8490,2022-09-03,新鲜甘蔗汁,饮品,25,14,350,其他,早晨
8491,2022-09-03,招牌三明治,快餐,60,1,60,在线支付,晚上
8492,2022-09-03,瓦达汉堡,快餐,20,6,120,现金,下午
8493,2022-09-03,咖喱土豆球,快餐,20,13,260,现金,午夜
8494,2022-09-03,冰咖啡,饮品,40,12,480,在线支付,下午
8495,2022-09-03,招牌三明治,快餐,60,15,900,现金,下午
8496,2022-09-03,新鲜甘蔗汁,饮品,25,13,325,在线支付,晚上
8497,2022-09-03,咖喱土豆球,快餐,20,8,160,在线支付,早晨
8498,2022-09-03,新鲜甘蔗汁,饮品,25,14,350,在线支付,早晨
8499,2022-09-03,瓦达汉堡,快餐,20,6,120,现金,晚上
8500,2022-09-03,脆球点心,快餐,20,13,260,现金,午夜
8501,2022-09-03,冰咖啡,饮品,40,8,320,现金,下午
8502,2022-09-03,瓦达汉堡,快餐,20,8,160,在线支付,午夜
8503,2022-09-03,新鲜甘蔗汁,饮品,25,13,325,在线支付,早晨
8504,2022-09-03,咖喱土豆球,快餐,20,12,240,现金,下午
8505,2022-09-03,冰咖啡,饮品,40,6,240,其他,傍晚
8506,2022-09-03,法兰基卷,快餐,50,9,450,在线支付,早晨
8507,2022-09-03,脆球点心,快餐,20,7,140,在线支付,傍晚
8508,2022-09-03,法兰基卷,快餐,50,9,450,在线支付,下午
8509,2022-09-03,咖喱土豆球,快餐,20,13,260,在线支付,下午
8510,2022-09-03,脆球点心,快餐,20,10,200,在线支付,下午
8511,2022-09-03,冰咖啡,饮品,40,4,160,现金,傍晚
8512,2022-09-03,瓦达汉堡,快餐,20,6,120,现金,傍晚
8513,2022-09-03,法兰基卷,快餐,50,11,550,在线支付,早晨
8514,2022-09-03,新鲜甘蔗汁,饮品,25,9,225,现金,下午
8515,2022-09-03,咖喱土豆球,快餐,20,6,120,现金,傍晚
8516,2022-09-03,招牌三明治,快餐,60,10,600,其他,早晨
8517,2022-09-03,脆球点心,快餐,20,9,180,在线支付,晚上
8518,2022-09-03,瓦达汉堡,快餐,20,14,280,现金,晚上
8519,2022-09-03,咖喱土豆球,快餐,20,10,200,现金,下午
8520,2022-09-03,脆球点心,快餐,20,10,200,现金,傍晚
8521,2022-09-03,咖喱土豆球,快餐,20,9,180,在线支付,午夜
8522,2022-09-03,法兰基卷,快餐,50,12,600,现金,午夜
8523,2022-09-03,冰咖啡,饮品,40,9,360,其他,下午
8524,2022-09-03,咖喱土豆球,快餐,20,2,40,现金,傍晚
8525,2022-09-03,瓦达汉堡,快餐,20,10,200,现金,晚上
8526,2022-09-03,新鲜甘蔗汁,饮品,25,9,225,在线支付,下午
8527,2022-09-03,新鲜甘蔗汁,饮品,25,9,225,在线支付,傍晚
8528,2022-09-03,新鲜甘蔗汁,饮品,25,12,300,现金,下午
8529,2022-09-03,法兰基卷,快餐,50,8,400,其他,早晨
8530,2022-09-03,瓦达汉堡,快餐,20,11,220,在线支付,晚上
8531,2022-09-03,瓦达汉堡,快餐,20,1,20,在线支付,下午
8532,2022-09-03,咖喱土豆球,快餐,20,6,120,现金,早晨
8533,2022-09-03,冰咖啡,饮品,40,15,600,在线支付,早晨
8534,2022-09-03,瓦达汉堡,快餐,20,15,300,在线支付,午夜
8535,2022-09-03,脆球点心,快餐,20,11,220,现金,早晨
8536,2022-09-03,瓦达汉堡,快餐,20,1,20,其他,晚上
8537,2022-09-03,脆球点心,快餐,20,2,40,在线支付,傍晚
8538,2022-09-03,咖喱土豆球,快餐,20,14,280,现金,午夜
8539,2022-09-03,瓦达汉堡,快餐,20,9,180,在线支付,早晨
8540,2022-09-03,新鲜甘蔗汁,饮品,25,6,150,现金,晚上
8541,2022-09-03,瓦达汉堡,快餐,20,10,200,现金,午夜
8542,2022-09-03,瓦达汉堡,快餐,20,8,160,在线支付,下午
8543,2022-09-03,法兰基卷,快餐,50,9,450,现金,晚上
8544,2022-09-03,瓦达汉堡,快餐,20,7,140,现金,傍晚
8545,2022-09-03,冰咖啡,饮品,40,7,280,在线支付,早晨
8546,2022-09-03,新鲜甘蔗汁,饮品,25,7,175,在线支付,早晨
8547,2022-09-03,咖喱土豆球,快餐,20,15,300,现金,傍晚
8548,2022-09-03,招牌三明治,快餐,60,13,780,现金,下午
8549,2022-09-03,新鲜甘蔗汁,饮品,25,11,275,现金,下午
8550,2022-09-03,脆球点心,快餐,20,8,160,在线支付,下午
8551,2022-09-03,瓦达汉堡,快餐,20,10,200,在线支付,傍晚
8552,2022-09-03,新鲜甘蔗汁,饮品,25,5,125,在线支付,早晨
8553,2022-09-03,新鲜甘蔗汁,饮品,25,5,125,现金,傍晚
8554,2022-09-03,冰咖啡,饮品,40,3,120,在线支付,下午
8555,2022-09-03,脆球点心,快餐,20,10,200,现金,早晨
8556,2022-09-03,新鲜甘蔗汁,饮品,25,5,125,现金,早晨
8557,2022-09-03,法兰基卷,快餐,50,14,700,在线支付,午夜
8558,2022-09-03,招牌三明治,快餐,60,3,180,现金,下午
8559,2022-09-03,脆球点心,快餐,20,9,180,在线支付,早晨
8560,2022-09-03,法兰基卷,快餐,50,14,700,在线支付,午夜
8561,2022-09-03,脆球点心,快餐,20,10,200,在线支付,午夜
8562,2022-09-03,瓦达汉堡,快餐,20,6,120,现金,午夜
8563,2022-09-03,咖喱土豆球,快餐,20,11,220,其他,傍晚
8564,2022-09-03,新鲜甘蔗汁,饮品,25,14,350,现金,下午
8565,2022-09-03,咖喱土豆球,快餐,20,11,220,现金,午夜
8566,2022-09-03,新鲜甘蔗汁,饮品,25,6,150,在线支付,午夜
8567,2022-09-03,咖喱土豆球,快餐,20,11,220,现金,傍晚
8568,2022-09-03,脆球点心,快餐,20,5,100,其他,午夜
8569,2022-09-03,冰咖啡,饮品,40,7,280,在线支付,早晨
8570,2022-09-03,法兰基卷,快餐,50,11,550,现金,晚上
8571,2022-09-03,冰咖啡,饮品,40,6,240,在线支付,午夜
8572,2022-09-03,咖喱土豆球,快餐,20,9,180,现金,早晨
8573,2022-09-04,冰咖啡,饮品,40,8,320,现金,早晨
8574,2022-09-04,咖喱土豆球,快餐,20,14,280,其他,下午
8575,2022-09-04,脆球点心,快餐,20,8,160,在线支付,下午
8576,2022-09-04,咖喱土豆球,快餐,20,10,200,其他,傍晚
8577,2022-09-04,新鲜甘蔗汁,饮品,25,11,275,现金,傍晚
8578,2022-09-04,咖喱土豆球,快餐,20,5,100,在线支付,早晨
8579,2022-09-04,冰咖啡,饮品,40,4,160,在线支付,下午
8580,2022-09-04,冰咖啡,饮品,40,11,440,现金,早晨
8581,2022-09-04,新鲜甘蔗汁,饮品,25,8,200,在线支付,早晨
8582,2022-09-04,法兰基卷,快餐,50,7,350,现金,下午
8583,2022-09-04,瓦达汉堡,快餐,20,3,60,在线支付,傍晚
8584,2022-09-04,法兰基卷,快餐,50,3,150,在线支付,下午
8585,2022-09-04,法兰基卷,快餐,50,13,650,在线支付,早晨
8586,2022-09-04,新鲜甘蔗汁,饮品,25,3,75,现金,下午
8587,2022-09-04,瓦达汉堡,快餐,20,11,220,现金,午夜
8588,2022-09-04,瓦达汉堡,快餐,20,12,240,现金,午夜
8589,2022-09-04,新鲜甘蔗汁,饮品,25,11,275,现金,早晨
8590,2022-09-04,新鲜甘蔗汁,饮品,25,2,50,现金,傍晚
8591,2022-09-04,招牌三明治,快餐,60,12,720,现金,早晨
8592,2022-09-04,招牌三明治,快餐,60,15,900,现金,晚上
8593,2022-09-04,冰咖啡,饮品,40,5,200,其他,晚上
8594,2022-09-04,新鲜甘蔗汁,饮品,25,7,175,在线支付,午夜
8595,2022-09-04,招牌三明治,快餐,60,1,60,现金,晚上
8596,2022-09-04,新鲜甘蔗汁,饮品,25,7,175,在线支付,早晨
8597,2022-09-04,冰咖啡,饮品,40,13,520,现金,晚上
8598,2022-09-04,瓦达汉堡,快餐,20,4,80,在线支付,晚上
8599,2022-09-04,瓦达汉堡,快餐,20,6,120,在线支付,傍晚
8600,2022-09-04,脆球点心,快餐,20,8,160,现金,下午
8601,2022-09-04,新鲜甘蔗汁,饮品,25,4,100,现金,晚上
8602,2022-09-04,法兰基卷,快餐,50,9,450,现金,午夜
8603,2022-09-04,瓦达汉堡,快餐,20,8,160,现金,傍晚
8604,2022-09-04,新鲜甘蔗汁,饮品,25,10,250,现金,早晨
8605,2022-09-04,冰咖啡,饮品,40,5,200,现金,午夜
8606,2022-09-04,招牌三明治,快餐,60,8,480,在线支付,晚上
8607,2022-09-04,法兰基卷,快餐,50,5,250,在线支付,晚上
8608,2022-09-04,脆球点心,快餐,20,1,20,现金,午夜
8609,2022-09-04,瓦达汉堡,快餐,20,15,300,现金,晚上
8610,2022-09-04,冰咖啡,饮品,40,13,520,在线支付,午夜
8611,2022-09-04,招牌三明治,快餐,60,7,420,现金,早晨
8612,2022-09-04,新鲜甘蔗汁,饮品,25,7,175,其他,晚上
8613,2022-09-04,瓦达汉堡,快餐,20,7,140,其他,午夜
8614,2022-09-04,咖喱土豆球,快餐,20,11,220,在线支付,晚上
8615,2022-09-04,瓦达汉堡,快餐,20,8,160,现金,午夜
8616,2022-09-04,招牌三明治,快餐,60,12,720,现金,晚上
8617,2022-09-04,法兰基卷,快餐,50,12,600,在线支付,午夜
8618,2022-09-04,新鲜甘蔗汁,饮品,25,15,375,现金,傍晚
8619,2022-09-04,新鲜甘蔗汁,饮品,25,2,50,在线支付,晚上
8620,2022-09-04,新鲜甘蔗汁,饮品,25,9,225,现金,午夜
8621,2022-09-04,咖喱土豆球,快餐,20,5,100,在线支付,晚上
8622,2022-09-04,瓦达汉堡,快餐,20,12,240,在线支付,下午
8623,2022-09-04,法兰基卷,快餐,50,5,250,现金,傍晚
8624,2022-09-04,法兰基卷,快餐,50,2,100,在线支付,傍晚
8625,2022-09-04,招牌三明治,快餐,60,10,600,现金,早晨
8626,2022-09-04,新鲜甘蔗汁,饮品,25,1,25,现金,傍晚
8627,2022-09-04,瓦达汉堡,快餐,20,3,60,在线支付,午夜
8628,2022-09-04,脆球点心,快餐,20,15,300,现金,午夜
8629,2022-09-04,法兰基卷,快餐,50,1,50,现金,早晨
8630,2022-09-04,新鲜甘蔗汁,饮品,25,6,150,在线支付,午夜
8631,2022-09-04,新鲜甘蔗汁,饮品,25,15,375,在线支付,下午
8632,2022-09-04,脆球点心,快餐,20,15,300,在线支付,晚上
8633,2022-09-04,法兰基卷,快餐,50,5,250,在线支付,傍晚
8634,2022-09-04,脆球点心,快餐,20,12,240,现金,傍晚
8635,2022-09-04,法兰基卷,快餐,50,6,300,现金,早晨
8636,2022-09-04,招牌三明治,快餐,60,4,240,现金,晚上
8637,2022-09-04,冰咖啡,饮品,40,3,120,现金,下午
8638,2022-09-04,咖喱土豆球,快餐,20,9,180,在线支付,下午
8639,2022-09-04,招牌三明治,快餐,60,13,780,现金,午夜
8640,2022-09-04,冰咖啡,饮品,40,9,360,在线支付,傍晚
8641,2022-09-04,冰咖啡,饮品,40,9,360,现金,傍晚
8642,2022-09-04,冰咖啡,饮品,40,4,160,现金,下午
8643,2022-09-04,法兰基卷,快餐,50,7,350,现金,傍晚
8644,2022-09-04,新鲜甘蔗汁,饮品,25,11,275,现金,午夜
8645,2022-09-04,瓦达汉堡,快餐,20,9,180,现金,下午
8646,2022-09-04,冰咖啡,饮品,40,4,160,现金,傍晚
8647,2022-09-04,咖喱土豆球,快餐,20,5,100,现金,午夜
8648,2022-09-04,招牌三明治,快餐,60,3,180,现金,早晨
8649,2022-09-04,咖喱土豆球,快餐,20,6,120,现金,午夜
8650,2022-09-04,瓦达汉堡,快餐,20,2,40,在线支付,午夜
8651,2022-09-04,新鲜甘蔗汁,饮品,25,3,75,在线支付,早晨
8652,2022-09-04,瓦达汉堡,快餐,20,7,140,在线支付,晚上
8653,2022-09-04,瓦达汉堡,快餐,20,8,160,现金,傍晚
8654,2022-09-04,咖喱土豆球,快餐,20,9,180,现金,晚上
8655,2022-09-04,冰咖啡,饮品,40,9,360,在线支付,早晨
8656,2022-09-04,瓦达汉堡,快餐,20,8,160,在线支付,下午
8657,2022-09-04,瓦达汉堡,快餐,20,4,80,在线支付,晚上
8658,2022-09-04,新鲜甘蔗汁,饮品,25,8,200,在线支付,下午
8659,2022-09-04,新鲜甘蔗汁,饮品,25,8,200,在线支付,早晨
8660,2022-09-04,脆球点心,快餐,20,4,80,在线支付,午夜
8661,2022-09-04,冰咖啡,饮品,40,3,120,在线支付,早晨
8662,2022-09-04,新鲜甘蔗汁,饮品,25,5,125,在线支付,早晨
8663,2022-09-04,瓦达汉堡,快餐,20,10,200,在线支付,晚上
8664,2022-09-04,法兰基卷,快餐,50,1,50,现金,早晨
8665,2022-09-04,咖喱土豆球,快餐,20,12,240,在线支付,早晨
8666,2022-09-04,新鲜甘蔗汁,饮品,25,6,150,现金,早晨
8667,2022-09-04,脆球点心,快餐,20,9,180,在线支付,晚上
8668,2022-09-04,脆球点心,快餐,20,2,40,现金,下午
8669,2022-09-04,瓦达汉堡,快餐,20,7,140,现金,下午
8670,2022-09-04,招牌三明治,快餐,60,3,180,其他,晚上
8671,2022-09-04,招牌三明治,快餐,60,4,240,现金,早晨
8672,2022-09-04,招牌三明治,快餐,60,8,480,在线支付,下午
8673,2022-09-04,新鲜甘蔗汁,饮品,25,15,375,现金,晚上
8674,2022-09-04,瓦达汉堡,快餐,20,9,180,在线支付,下午
8675,2022-09-04,脆球点心,快餐,20,15,300,现金,早晨
8676,2022-09-04,法兰基卷,快餐,50,1,50,在线支付,晚上
8677,2022-09-04,冰咖啡,饮品,40,10,400,在线支付,早晨
8678,2022-09-04,冰咖啡,饮品,40,6,240,现金,晚上
8679,2022-09-04,瓦达汉堡,快餐,20,5,100,在线支付,早晨
8680,2022-09-04,瓦达汉堡,快餐,20,13,260,现金,下午
8681,2022-09-04,新鲜甘蔗汁,饮品,25,3,75,在线支付,午夜
8682,2022-09-04,脆球点心,快餐,20,1,20,现金,下午
8683,2022-09-04,法兰基卷,快餐,50,12,600,现金,早晨
8684,2022-09-04,新鲜甘蔗汁,饮品,25,3,75,在线支付,傍晚
8685,2022-09-04,新鲜甘蔗汁,饮品,25,2,50,其他,午夜
8686,2022-09-04,瓦达汉堡,快餐,20,1,20,在线支付,早晨
8687,2022-09-04,瓦达汉堡,快餐,20,10,200,其他,下午
8688,2022-09-04,招牌三明治,快餐,60,15,900,现金,下午
8689,2022-09-04,法兰基卷,快餐,50,1,50,在线支付,午夜
8690,2022-09-04,新鲜甘蔗汁,饮品,25,6,150,在线支付,早晨
8691,2022-09-04,瓦达汉堡,快餐,20,11,220,在线支付,晚上
8692,2022-09-04,咖喱土豆球,快餐,20,6,120,在线支付,午夜
8693,2022-09-04,法兰基卷,快餐,50,5,250,现金,下午
8694,2022-09-04,咖喱土豆球,快餐,20,9,180,现金,午夜
8695,2022-09-04,瓦达汉堡,快餐,20,10,200,在线支付,傍晚
8696,2022-09-04,脆球点心,快餐,20,6,120,在线支付,下午
8697,2022-09-04,咖喱土豆球,快餐,20,2,40,现金,早晨
8698,2022-09-05,冰咖啡,饮品,40,1,40,在线支付,早晨
8699,2022-09-05,招牌三明治,快餐,60,9,540,其他,晚上
8700,2022-09-05,招牌三明治,快餐,60,3,180,现金,下午
8701,2022-09-05,瓦达汉堡,快餐,20,10,200,现金,晚上
8702,2022-09-05,法兰基卷,快餐,50,5,250,在线支付,早晨
8703,2022-09-05,法兰基卷,快餐,50,10,500,现金,午夜
8704,2022-09-05,法兰基卷,快餐,50,8,400,现金,晚上
8705,2022-09-05,法兰基卷,快餐,50,7,350,在线支付,傍晚
8706,2022-09-05,法兰基卷,快餐,50,3,150,在线支付,傍晚
8707,2022-09-05,新鲜甘蔗汁,饮品,25,8,200,在线支付,下午
8708,2022-09-05,新鲜甘蔗汁,饮品,25,5,125,在线支付,下午
8709,2022-09-05,冰咖啡,饮品,40,14,560,在线支付,早晨
8710,2022-09-05,冰咖啡,饮品,40,8,320,在线支付,早晨
8711,2022-09-05,招牌三明治,快餐,60,12,720,其他,晚上
8712,2022-09-05,脆球点心,快餐,20,15,300,在线支付,晚上
8713,2022-09-05,咖喱土豆球,快餐,20,10,200,在线支付,下午
8714,2022-09-05,瓦达汉堡,快餐,20,9,180,在线支付,早晨
8715,2022-09-05,冰咖啡,饮品,40,4,160,在线支付,下午
8716,2022-09-05,冰咖啡,饮品,40,1,40,在线支付,早晨
8717,2022-09-05,瓦达汉堡,快餐,20,7,140,在线支付,傍晚
8718,2022-09-05,瓦达汉堡,快餐,20,7,140,在线支付,下午
8719,2022-09-05,新鲜甘蔗汁,饮品,25,5,125,现金,晚上
8720,2022-09-05,脆球点心,快餐,20,15,300,现金,午夜
8721,2022-09-05,法兰基卷,快餐,50,1,50,现金,下午
8722,2022-09-05,招牌三明治,快餐,60,8,480,在线支付,午夜
8723,2022-09-05,脆球点心,快餐,20,7,140,其他,傍晚
8724,2022-09-05,新鲜甘蔗汁,饮品,25,14,350,在线支付,午夜
8725,2022-09-05,咖喱土豆球,快餐,20,12,240,在线支付,下午
8726,2022-09-05,法兰基卷,快餐,50,4,200,现金,午夜
8727,2022-09-05,新鲜甘蔗汁,饮品,25,2,50,现金,下午
8728,2022-09-05,瓦达汉堡,快餐,20,5,100,在线支付,下午
8729,2022-09-05,新鲜甘蔗汁,饮品,25,8,200,在线支付,下午
8730,2022-09-05,瓦达汉堡,快餐,20,7,140,在线支付,早晨
8731,2022-09-05,脆球点心,快餐,20,3,60,在线支付,早晨
8732,2022-09-05,脆球点心,快餐,20,5,100,现金,午夜
8733,2022-09-05,瓦达汉堡,快餐,20,9,180,在线支付,早晨
8734,2022-09-05,冰咖啡,饮品,40,11,440,在线支付,晚上
8735,2022-09-05,法兰基卷,快餐,50,2,100,在线支付,下午
8736,2022-09-05,瓦达汉堡,快餐,20,13,260,现金,晚上
8737,2022-09-05,招牌三明治,快餐,60,15,900,在线支付,傍晚
8738,2022-09-05,脆球点心,快餐,20,14,280,现金,早晨
8739,2022-09-05,法兰基卷,快餐,50,10,500,其他,下午
8740,2022-09-05,瓦达汉堡,快餐,20,6,120,现金,下午
8741,2022-09-05,新鲜甘蔗汁,饮品,25,6,150,在线支付,午夜
8742,2022-09-05,冰咖啡,饮品,40,11,440,在线支付,午夜
8743,2022-09-05,咖喱土豆球,快餐,20,4,80,现金,下午
8744,2022-09-05,招牌三明治,快餐,60,5,300,其他,早晨
8745,2022-09-05,脆球点心,快餐,20,7,140,在线支付,晚上
8746,2022-09-05,法兰基卷,快餐,50,15,750,在线支付,早晨
8747,2022-09-05,脆球点心,快餐,20,13,260,在线支付,晚上
8748,2022-09-05,瓦达汉堡,快餐,20,9,180,现金,傍晚
8749,2022-09-05,瓦达汉堡,快餐,20,11,220,在线支付,傍晚
8750,2022-09-05,冰咖啡,饮品,40,6,240,现金,下午
8751,2022-09-05,招牌三明治,快餐,60,6,360,现金,傍晚
8752,2022-09-05,招牌三明治,快餐,60,5,300,在线支付,早晨
8753,2022-09-05,新鲜甘蔗汁,饮品,25,11,275,其他,晚上
8754,2022-09-05,招牌三明治,快餐,60,15,900,现金,晚上
8755,2022-09-05,瓦达汉堡,快餐,20,12,240,在线支付,早晨
8756,2022-09-05,新鲜甘蔗汁,饮品,25,4,100,现金,晚上
8757,2022-09-05,新鲜甘蔗汁,饮品,25,14,350,现金,晚上
8758,2022-09-05,脆球点心,快餐,20,15,300,现金,晚上
8759,2022-09-05,新鲜甘蔗汁,饮品,25,9,225,现金,傍晚
8760,2022-09-05,招牌三明治,快餐,60,4,240,现金,傍晚
8761,2022-09-05,招牌三明治,快餐,60,15,900,现金,午夜
8762,2022-09-05,咖喱土豆球,快餐,20,2,40,在线支付,傍晚
8763,2022-09-05,瓦达汉堡,快餐,20,7,140,现金,早晨
8764,2022-09-05,瓦达汉堡,快餐,20,8,160,在线支付,晚上
8765,2022-09-05,咖喱土豆球,快餐,20,8,160,在线支付,下午
8766,2022-09-05,脆球点心,快餐,20,12,240,现金,晚上
8767,2022-09-05,冰咖啡,饮品,40,8,320,现金,晚上
8768,2022-09-05,新鲜甘蔗汁,饮品,25,1,25,在线支付,午夜
8769,2022-09-05,新鲜甘蔗汁,饮品,25,7,175,现金,午夜
8770,2022-09-05,招牌三明治,快餐,60,7,420,其他,早晨
8771,2022-09-05,脆球点心,快餐,20,11,220,在线支付,晚上
8772,2022-09-05,冰咖啡,饮品,40,11,440,其他,早晨
8773,2022-09-05,新鲜甘蔗汁,饮品,25,9,225,其他,傍晚
8774,2022-09-05,冰咖啡,饮品,40,12,480,现金,午夜
8775,2022-09-05,法兰基卷,快餐,50,4,200,其他,午夜
8776,2022-09-05,招牌三明治,快餐,60,1,60,其他,傍晚
8777,2022-09-05,新鲜甘蔗汁,饮品,25,3,75,其他,午夜
8778,2022-09-05,咖喱土豆球,快餐,20,12,240,现金,午夜
8779,2022-09-05,冰咖啡,饮品,40,8,320,在线支付,傍晚
8780,2022-09-05,瓦达汉堡,快餐,20,10,200,在线支付,下午
8781,2022-09-05,法兰基卷,快餐,50,7,350,现金,傍晚
8782,2022-09-05,法兰基卷,快餐,50,6,300,现金,午夜
8783,2022-09-05,脆球点心,快餐,20,5,100,现金,下午
8784,2022-09-05,脆球点心,快餐,20,4,80,现金,傍晚
8785,2022-09-05,瓦达汉堡,快餐,20,6,120,在线支付,傍晚
8786,2022-09-05,法兰基卷,快餐,50,1,50,在线支付,午夜
8787,2022-09-05,法兰基卷,快餐,50,11,550,其他,午夜
8788,2022-09-05,冰咖啡,饮品,40,7,280,在线支付,下午
8789,2022-09-05,咖喱土豆球,快餐,20,12,240,现金,午夜
8790,2022-09-05,脆球点心,快餐,20,4,80,在线支付,早晨
8791,2022-09-05,法兰基卷,快餐,50,12,600,在线支付,下午
8792,2022-09-05,咖喱土豆球,快餐,20,7,140,现金,下午
8793,2022-09-05,脆球点心,快餐,20,3,60,现金,午夜
8794,2022-09-05,法兰基卷,快餐,50,12,600,在线支付,晚上
8795,2022-09-05,法兰基卷,快餐,50,6,300,现金,晚上
8796,2022-09-05,招牌三明治,快餐,60,7,420,其他,早晨
8797,2022-09-05,冰咖啡,饮品,40,14,560,在线支付,午夜
8798,2022-09-05,法兰基卷,快餐,50,15,750,在线支付,晚上
8799,2022-09-05,冰咖啡,饮品,40,8,320,其他,午夜
8800,2022-09-05,脆球点心,快餐,20,10,200,现金,傍晚
8801,2022-09-05,招牌三明治,快餐,60,3,180,现金,下午
8802,2022-09-05,冰咖啡,饮品,40,10,400,在线支付,傍晚
8803,2022-09-05,咖喱土豆球,快餐,20,15,300,在线支付,下午
8804,2022-09-05,冰咖啡,饮品,40,10,400,现金,午夜
8805,2022-09-05,冰咖啡,饮品,40,15,600,现金,早晨
8806,2022-09-05,冰咖啡,饮品,40,8,320,现金,傍晚
8807,2022-09-05,招牌三明治,快餐,60,11,660,现金,早晨
8808,2022-09-05,新鲜甘蔗汁,饮品,25,4,100,现金,晚上
8809,2022-09-05,咖喱土豆球,快餐,20,5,100,在线支付,下午
8810,2022-09-05,瓦达汉堡,快餐,20,5,100,现金,傍晚
8811,2022-09-05,脆球点心,快餐,20,14,280,现金,下午
8812,2022-09-05,冰咖啡,饮品,40,1,40,现金,早晨
8813,2022-09-05,新鲜甘蔗汁,饮品,25,11,275,其他,早晨
8814,2022-09-05,冰咖啡,饮品,40,3,120,在线支付,晚上
8815,2022-09-05,招牌三明治,快餐,60,10,600,在线支付,下午
8816,2022-09-05,法兰基卷,快餐,50,3,150,现金,傍晚
8817,2022-09-05,脆球点心,快餐,20,11,220,现金,傍晚
8818,2022-09-05,冰咖啡,饮品,40,14,560,在线支付,晚上
8819,2022-09-05,瓦达汉堡,快餐,20,11,220,在线支付,晚上
8820,2022-09-05,新鲜甘蔗汁,饮品,25,8,200,其他,下午
8821,2022-09-05,瓦达汉堡,快餐,20,11,220,在线支付,下午
8822,2022-09-05,咖喱土豆球,快餐,20,2,40,现金,晚上
8823,2022-09-05,招牌三明治,快餐,60,6,360,现金,午夜
8824,2022-09-05,冰咖啡,饮品,40,13,520,在线支付,午夜
8825,2022-09-05,咖喱土豆球,快餐,20,4,80,现金,午夜
8826,2022-09-05,招牌三明治,快餐,60,6,360,在线支付,早晨
8827,2022-09-05,冰咖啡,饮品,40,3,120,现金,早晨
8828,2022-09-05,法兰基卷,快餐,50,10,500,在线支付,早晨
8829,2022-09-05,冰咖啡,饮品,40,6,240,在线支付,午夜
8830,2022-09-05,冰咖啡,饮品,40,3,120,在线支付,早晨
8831,2022-09-05,脆球点心,快餐,20,1,20,现金,早晨
8832,2022-09-05,招牌三明治,快餐,60,15,900,在线支付,傍晚
8833,2022-09-05,法兰基卷,快餐,50,2,100,现金,午夜
8834,2022-09-05,咖喱土豆球,快餐,20,12,240,在线支付,午夜
8835,2022-09-05,瓦达汉堡,快餐,20,1,20,其他,午夜
8836,2022-09-05,法兰基卷,快餐,50,6,300,现金,早晨
8837,2022-09-05,法兰基卷,快餐,50,13,650,在线支付,晚上
8838,2022-09-05,瓦达汉堡,快餐,20,15,300,现金,下午
8839,2022-09-05,脆球点心,快餐,20,9,180,在线支付,傍晚
8840,2022-09-05,瓦达汉堡,快餐,20,5,100,其他,下午
8841,2022-09-06,冰咖啡,饮品,40,10,400,现金,下午
8842,2022-09-06,咖喱土豆球,快餐,20,2,40,现金,早晨
8843,2022-09-06,脆球点心,快餐,20,15,300,其他,早晨
8844,2022-09-06,新鲜甘蔗汁,饮品,25,13,325,在线支付,晚上
8845,2022-09-06,招牌三明治,快餐,60,8,480,在线支付,晚上
8846,2022-09-06,招牌三明治,快餐,60,13,780,现金,午夜
8847,2022-09-06,法兰基卷,快餐,50,7,350,在线支付,早晨
8848,2022-09-06,新鲜甘蔗汁,饮品,25,6,150,在线支付,午夜
8849,2022-09-06,咖喱土豆球,快餐,20,11,220,现金,傍晚
8850,2022-09-06,咖喱土豆球,快餐,20,10,200,其他,午夜
8851,2022-09-06,新鲜甘蔗汁,饮品,25,6,150,现金,傍晚
8852,2022-09-06,招牌三明治,快餐,60,15,900,在线支付,早晨
8853,2022-09-06,瓦达汉堡,快餐,20,1,20,现金,傍晚
8854,2022-09-06,冰咖啡,饮品,40,5,200,现金,早晨
8855,2022-09-06,法兰基卷,快餐,50,5,250,现金,下午
8856,2022-09-06,冰咖啡,饮品,40,6,240,现金,傍晚
8857,2022-09-06,脆球点心,快餐,20,9,180,在线支付,傍晚
8858,2022-09-06,招牌三明治,快餐,60,3,180,在线支付,下午
8859,2022-09-06,脆球点心,快餐,20,11,220,现金,晚上
8860,2022-09-06,脆球点心,快餐,20,11,220,现金,傍晚
8861,2022-09-06,瓦达汉堡,快餐,20,8,160,其他,午夜
8862,2022-09-06,招牌三明治,快餐,60,9,540,其他,傍晚
8863,2022-09-06,新鲜甘蔗汁,饮品,25,13,325,现金,午夜
8864,2022-09-06,新鲜甘蔗汁,饮品,25,9,225,在线支付,傍晚
8865,2022-09-06,新鲜甘蔗汁,饮品,25,4,100,在线支付,午夜
8866,2022-09-06,瓦达汉堡,快餐,20,11,220,在线支付,晚上
8867,2022-09-06,脆球点心,快餐,20,9,180,现金,午夜
8868,2022-09-06,冰咖啡,饮品,40,11,440,在线支付,下午
8869,2022-09-06,法兰基卷,快餐,50,9,450,现金,下午
8870,2022-09-06,招牌三明治,快餐,60,10,600,在线支付,傍晚
8871,2022-09-06,脆球点心,快餐,20,1,20,在线支付,早晨
8872,2022-09-06,咖喱土豆球,快餐,20,6,120,现金,午夜
8873,2022-09-06,瓦达汉堡,快餐,20,15,300,在线支付,傍晚
8874,2022-09-06,咖喱土豆球,快餐,20,8,160,现金,午夜
8875,2022-09-06,瓦达汉堡,快餐,20,8,160,在线支付,傍晚
8876,2022-09-06,新鲜甘蔗汁,饮品,25,12,300,在线支付,午夜
8877,2022-09-06,法兰基卷,快餐,50,9,450,现金,晚上
8878,2022-09-06,法兰基卷,快餐,50,7,350,在线支付,晚上
8879,2022-09-06,法兰基卷,快餐,50,9,450,在线支付,下午
8880,2022-09-06,新鲜甘蔗汁,饮品,25,15,375,其他,早晨
8881,2022-09-06,新鲜甘蔗汁,饮品,25,4,100,现金,午夜
8882,2022-09-06,咖喱土豆球,快餐,20,10,200,现金,晚上
8883,2022-09-06,新鲜甘蔗汁,饮品,25,9,225,在线支付,午夜
8884,2022-09-06,法兰基卷,快餐,50,13,650,现金,晚上
8885,2022-09-06,脆球点心,快餐,20,14,280,在线支付,下午
8886,2022-09-06,招牌三明治,快餐,60,13,780,现金,午夜
8887,2022-09-06,法兰基卷,快餐,50,2,100,在线支付,晚上
8888,2022-09-06,咖喱土豆球,快餐,20,4,80,现金,午夜
8889,2022-09-06,咖喱土豆球,快餐,20,11,220,现金,午夜
8890,2022-09-06,脆球点心,快餐,20,7,140,在线支付,下午
8891,2022-09-06,招牌三明治,快餐,60,11,660,在线支付,傍晚
8892,2022-09-06,新鲜甘蔗汁,饮品,25,4,100,现金,早晨
8893,2022-09-06,冰咖啡,饮品,40,7,280,在线支付,晚上
8894,2022-09-06,瓦达汉堡,快餐,20,3,60,现金,午夜
8895,2022-09-06,法兰基卷,快餐,50,1,50,在线支付,下午
8896,2022-09-06,法兰基卷,快餐,50,15,750,现金,早晨
8897,2022-09-06,新鲜甘蔗汁,饮品,25,9,225,现金,晚上
8898,2022-09-06,脆球点心,快餐,20,8,160,在线支付,早晨
8899,2022-09-06,瓦达汉堡,快餐,20,5,100,在线支付,下午
8900,2022-09-06,法兰基卷,快餐,50,1,50,在线支付,晚上
8901,2022-09-06,咖喱土豆球,快餐,20,8,160,在线支付,午夜
8902,2022-09-06,招牌三明治,快餐,60,7,420,在线支付,下午
8903,2022-09-06,新鲜甘蔗汁,饮品,25,9,225,其他,傍晚
8904,2022-09-06,瓦达汉堡,快餐,20,5,100,现金,傍晚
8905,2022-09-06,招牌三明治,快餐,60,10,600,在线支付,下午
8906,2022-09-06,冰咖啡,饮品,40,4,160,其他,午夜
8907,2022-09-06,新鲜甘蔗汁,饮品,25,5,125,在线支付,午夜
8908,2022-09-06,新鲜甘蔗汁,饮品,25,2,50,现金,下午
8909,2022-09-06,法兰基卷,快餐,50,4,200,现金,晚上
8910,2022-09-06,瓦达汉堡,快餐,20,15,300,现金,傍晚
8911,2022-09-06,脆球点心,快餐,20,12,240,其他,午夜
8912,2022-09-06,脆球点心,快餐,20,11,220,在线支付,晚上
8913,2022-09-06,脆球点心,快餐,20,8,160,在线支付,晚上
8914,2022-09-06,新鲜甘蔗汁,饮品,25,9,225,在线支付,午夜
8915,2022-09-06,新鲜甘蔗汁,饮品,25,1,25,在线支付,傍晚
8916,2022-09-06,脆球点心,快餐,20,7,140,在线支付,早晨
8917,2022-09-06,瓦达汉堡,快餐,20,7,140,现金,傍晚
8918,2022-09-06,冰咖啡,饮品,40,11,440,在线支付,傍晚
8919,2022-09-06,咖喱土豆球,快餐,20,9,180,现金,傍晚
8920,2022-09-06,新鲜甘蔗汁,饮品,25,4,100,在线支付,下午
8921,2022-09-06,新鲜甘蔗汁,饮品,25,8,200,在线支付,晚上
8922,2022-09-06,冰咖啡,饮品,40,7,280,在线支付,傍晚
8923,2022-09-06,冰咖啡,饮品,40,6,240,现金,午夜
8924,2022-09-06,新鲜甘蔗汁,饮品,25,1,25,在线支付,晚上
8925,2022-09-06,脆球点心,快餐,20,11,220,在线支付,晚上
8926,2022-09-06,法兰基卷,快餐,50,7,350,在线支付,下午
8927,2022-09-06,法兰基卷,快餐,50,7,350,在线支付,下午
8928,2022-09-06,法兰基卷,快餐,50,15,750,其他,傍晚
8929,2022-09-06,瓦达汉堡,快餐,20,8,160,现金,早晨
8930,2022-09-06,招牌三明治,快餐,60,4,240,现金,午夜
8931,2022-09-06,脆球点心,快餐,20,12,240,现金,午夜
8932,2022-09-06,脆球点心,快餐,20,7,140,现金,午夜
8933,2022-09-06,招牌三明治,快餐,60,12,720,现金,傍晚
8934,2022-09-06,新鲜甘蔗汁,饮品,25,11,275,在线支付,傍晚
8935,2022-09-06,新鲜甘蔗汁,饮品,25,4,100,在线支付,傍晚
8936,2022-09-06,咖喱土豆球,快餐,20,6,120,在线支付,傍晚
8937,2022-09-06,招牌三明治,快餐,60,15,900,其他,晚上
8938,2022-09-06,冰咖啡,饮品,40,3,120,现金,傍晚
8939,2022-09-06,咖喱土豆球,快餐,20,4,80,在线支付,午夜
8940,2022-09-06,瓦达汉堡,快餐,20,11,220,在线支付,午夜
8941,2022-09-06,招牌三明治,快餐,60,4,240,现金,晚上
8942,2022-09-06,招牌三明治,快餐,60,4,240,现金,晚上
8943,2022-09-06,新鲜甘蔗汁,饮品,25,6,150,现金,傍晚
8944,2022-09-06,冰咖啡,饮品,40,4,160,现金,晚上
8945,2022-09-06,新鲜甘蔗汁,饮品,25,8,200,现金,晚上
8946,2022-09-06,脆球点心,快餐,20,13,260,在线支付,早晨
8947,2022-09-06,冰咖啡,饮品,40,15,600,在线支付,下午
8948,2022-09-06,新鲜甘蔗汁,饮品,25,4,100,现金,傍晚
8949,2022-09-06,咖喱土豆球,快餐,20,10,200,现金,早晨
8950,2022-09-06,咖喱土豆球,快餐,20,11,220,在线支付,午夜
8951,2022-09-06,瓦达汉堡,快餐,20,15,300,现金,晚上
8952,2022-09-06,新鲜甘蔗汁,饮品,25,6,150,在线支付,傍晚
8953,2022-09-06,新鲜甘蔗汁,饮品,25,11,275,在线支付,晚上
8954,2022-09-06,冰咖啡,饮品,40,3,120,在线支付,早晨
8955,2022-09-06,咖喱土豆球,快餐,20,10,200,现金,下午
8956,2022-09-06,冰咖啡,饮品,40,6,240,现金,晚上
8957,2022-09-06,瓦达汉堡,快餐,20,4,80,现金,午夜
8958,2022-09-06,冰咖啡,饮品,40,6,240,在线支付,早晨
8959,2022-09-06,新鲜甘蔗汁,饮品,25,10,250,在线支付,早晨
8960,2022-09-06,脆球点心,快餐,20,13,260,其他,下午
8961,2022-09-06,咖喱土豆球,快餐,20,10,200,在线支付,晚上
8962,2022-09-06,咖喱土豆球,快餐,20,10,200,在线支付,晚上
8963,2022-09-06,咖喱土豆球,快餐,20,6,120,现金,下午
8964,2022-09-06,新鲜甘蔗汁,饮品,25,11,275,在线支付,下午
8965,2022-09-06,瓦达汉堡,快餐,20,15,300,在线支付,早晨
8966,2022-09-06,法兰基卷,快餐,50,9,450,现金,下午
8967,2022-09-06,咖喱土豆球,快餐,20,13,260,现金,午夜
8968,2022-09-06,咖喱土豆球,快餐,20,10,200,其他,晚上
8969,2022-09-06,瓦达汉堡,快餐,20,7,140,现金,下午
8970,2022-09-06,脆球点心,快餐,20,15,300,在线支付,早晨
8971,2022-09-06,瓦达汉堡,快餐,20,10,200,在线支付,晚上
8972,2022-09-06,瓦达汉堡,快餐,20,11,220,在线支付,早晨
8973,2022-09-06,咖喱土豆球,快餐,20,9,180,现金,早晨
8974,2022-09-06,法兰基卷,快餐,50,1,50,在线支付,午夜
8975,2022-09-06,瓦达汉堡,快餐,20,15,300,在线支付,下午
8976,2022-09-06,瓦达汉堡,快餐,20,15,300,在线支付,下午
8977,2022-09-07,咖喱土豆球,快餐,20,9,180,在线支付,傍晚
8978,2022-09-07,招牌三明治,快餐,60,12,720,现金,傍晚
8979,2022-09-07,瓦达汉堡,快餐,20,13,260,现金,傍晚
8980,2022-09-07,法兰基卷,快餐,50,13,650,其他,晚上
8981,2022-09-07,咖喱土豆球,快餐,20,10,200,现金,午夜
8982,2022-09-07,法兰基卷,快餐,50,11,550,在线支付,早晨
8983,2022-09-07,脆球点心,快餐,20,9,180,其他,午夜
8984,2022-09-07,法兰基卷,快餐,50,1,50,在线支付,午夜
8985,2022-09-07,新鲜甘蔗汁,饮品,25,7,175,在线支付,下午
8986,2022-09-07,冰咖啡,饮品,40,10,400,现金,下午
8987,2022-09-07,脆球点心,快餐,20,3,60,现金,晚上
8988,2022-09-07,招牌三明治,快餐,60,7,420,现金,傍晚
8989,2022-09-07,招牌三明治,快餐,60,3,180,现金,晚上
8990,2022-09-07,冰咖啡,饮品,40,12,480,在线支付,早晨
8991,2022-09-07,冰咖啡,饮品,40,4,160,现金,晚上
8992,2022-09-07,脆球点心,快餐,20,15,300,现金,早晨
8993,2022-09-07,新鲜甘蔗汁,饮品,25,15,375,现金,晚上
8994,2022-09-07,脆球点心,快餐,20,15,300,现金,晚上
8995,2022-09-07,冰咖啡,饮品,40,3,120,现金,傍晚
8996,2022-09-07,咖喱土豆球,快餐,20,10,200,现金,傍晚
8997,2022-09-07,脆球点心,快餐,20,14,280,现金,午夜
8998,2022-09-07,咖喱土豆球,快餐,20,7,140,现金,午夜
8999,2022-09-07,招牌三明治,快餐,60,13,780,在线支付,晚上
9000,2022-09-07,新鲜甘蔗汁,饮品,25,14,350,在线支付,下午
9001,2022-09-07,脆球点心,快餐,20,5,100,现金,晚上
9002,2022-09-07,冰咖啡,饮品,40,8,320,在线支付,午夜
9003,2022-09-07,咖喱土豆球,快餐,20,3,60,在线支付,早晨
9004,2022-09-07,法兰基卷,快餐,50,8,400,在线支付,晚上
9005,2022-09-07,招牌三明治,快餐,60,6,360,现金,早晨
9006,2022-09-07,新鲜甘蔗汁,饮品,25,8,200,现金,下午
9007,2022-09-07,新鲜甘蔗汁,饮品,25,11,275,现金,晚上
9008,2022-09-07,招牌三明治,快餐,60,3,180,现金,傍晚
9009,2022-09-07,招牌三明治,快餐,60,5,300,现金,下午
9010,2022-09-07,冰咖啡,饮品,40,8,320,在线支付,早晨
9011,2022-09-07,招牌三明治,快餐,60,6,360,现金,晚上
9012,2022-09-07,招牌三明治,快餐,60,9,540,现金,傍晚
9013,2022-09-07,冰咖啡,饮品,40,9,360,现金,早晨
9014,2022-09-07,新鲜甘蔗汁,饮品,25,15,375,现金,午夜
9015,2022-09-07,法兰基卷,快餐,50,13,650,在线支付,晚上
9016,2022-09-07,咖喱土豆球,快餐,20,13,260,现金,晚上
9017,2022-09-07,咖喱土豆球,快餐,20,6,120,其他,早晨
9018,2022-09-07,法兰基卷,快餐,50,6,300,现金,午夜
9019,2022-09-07,招牌三明治,快餐,60,5,300,其他,早晨
9020,2022-09-07,新鲜甘蔗汁,饮品,25,4,100,在线支付,晚上
9021,2022-09-07,招牌三明治,快餐,60,8,480,其他,傍晚
9022,2022-09-07,新鲜甘蔗汁,饮品,25,6,150,其他,早晨
9023,2022-09-07,新鲜甘蔗汁,饮品,25,7,175,现金,早晨
9024,2022-09-07,招牌三明治,快餐,60,2,120,现金,早晨
9025,2022-09-07,法兰基卷,快餐,50,12,600,在线支付,午夜
9026,2022-09-07,法兰基卷,快餐,50,7,350,在线支付,晚上
9027,2022-09-07,咖喱土豆球,快餐,20,15,300,现金,早晨
9028,2022-09-07,冰咖啡,饮品,40,7,280,在线支付,午夜
9029,2022-09-07,冰咖啡,饮品,40,12,480,在线支付,傍晚
9030,2022-09-07,冰咖啡,饮品,40,13,520,在线支付,早晨
9031,2022-09-07,咖喱土豆球,快餐,20,7,140,在线支付,下午
9032,2022-09-07,法兰基卷,快餐,50,9,450,现金,晚上
9033,2022-09-07,咖喱土豆球,快餐,20,3,60,现金,晚上
9034,2022-09-07,瓦达汉堡,快餐,20,9,180,现金,午夜
9035,2022-09-07,招牌三明治,快餐,60,10,600,其他,午夜
9036,2022-09-07,招牌三明治,快餐,60,8,480,现金,早晨
9037,2022-09-07,新鲜甘蔗汁,饮品,25,10,250,在线支付,傍晚
9038,2022-09-07,瓦达汉堡,快餐,20,7,140,现金,早晨
9039,2022-09-07,咖喱土豆球,快餐,20,13,260,现金,傍晚
9040,2022-09-07,咖喱土豆球,快餐,20,11,220,在线支付,晚上
9041,2022-09-07,冰咖啡,饮品,40,9,360,现金,早晨
9042,2022-09-07,冰咖啡,饮品,40,9,360,现金,午夜
9043,2022-09-07,法兰基卷,快餐,50,1,50,现金,傍晚
9044,2022-09-07,咖喱土豆球,快餐,20,6,120,现金,早晨
9045,2022-09-07,咖喱土豆球,快餐,20,8,160,在线支付,傍晚
9046,2022-09-07,新鲜甘蔗汁,饮品,25,8,200,现金,早晨
9047,2022-09-07,新鲜甘蔗汁,饮品,25,3,75,现金,傍晚
9048,2022-09-07,咖喱土豆球,快餐,20,11,220,其他,傍晚
9049,2022-09-07,法兰基卷,快餐,50,6,300,现金,下午
9050,2022-09-07,法兰基卷,快餐,50,5,250,现金,早晨
9051,2022-09-07,咖喱土豆球,快餐,20,8,160,在线支付,晚上
9052,2022-09-07,脆球点心,快餐,20,9,180,在线支付,下午
9053,2022-09-07,招牌三明治,快餐,60,7,420,在线支付,晚上
9054,2022-09-07,新鲜甘蔗汁,饮品,25,6,150,在线支付,晚上
9055,2022-09-07,脆球点心,快餐,20,15,300,现金,下午
9056,2022-09-07,法兰基卷,快餐,50,7,350,在线支付,傍晚
9057,2022-09-07,瓦达汉堡,快餐,20,11,220,在线支付,早晨
9058,2022-09-07,法兰基卷,快餐,50,3,150,现金,晚上
9059,2022-09-07,法兰基卷,快餐,50,15,750,现金,晚上
9060,2022-09-07,招牌三明治,快餐,60,3,180,现金,下午
9061,2022-09-07,咖喱土豆球,快餐,20,7,140,在线支付,午夜
9062,2022-09-07,瓦达汉堡,快餐,20,8,160,在线支付,早晨
9063,2022-09-07,冰咖啡,饮品,40,15,600,现金,傍晚
9064,2022-09-07,瓦达汉堡,快餐,20,7,140,在线支付,早晨
9065,2022-09-07,冰咖啡,饮品,40,7,280,在线支付,下午
9066,2022-09-07,新鲜甘蔗汁,饮品,25,14,350,现金,午夜
9067,2022-09-07,招牌三明治,快餐,60,8,480,在线支付,下午
9068,2022-09-07,新鲜甘蔗汁,饮品,25,11,275,在线支付,下午
9069,2022-09-07,脆球点心,快餐,20,8,160,现金,下午
9070,2022-09-07,脆球点心,快餐,20,13,260,在线支付,下午
9071,2022-09-07,法兰基卷,快餐,50,1,50,在线支付,傍晚
9072,2022-09-07,新鲜甘蔗汁,饮品,25,8,200,现金,傍晚
9073,2022-09-07,法兰基卷,快餐,50,9,450,现金,早晨
9074,2022-09-07,脆球点心,快餐,20,6,120,在线支付,午夜
9075,2022-09-07,招牌三明治,快餐,60,3,180,现金,早晨
9076,2022-09-07,咖喱土豆球,快餐,20,8,160,现金,午夜
9077,2022-09-07,瓦达汉堡,快餐,20,6,120,现金,傍晚
9078,2022-09-07,冰咖啡,饮品,40,10,400,现金,晚上
9079,2022-09-07,冰咖啡,饮品,40,4,160,现金,傍晚
9080,2022-09-07,瓦达汉堡,快餐,20,5,100,现金,晚上
9081,2022-09-07,咖喱土豆球,快餐,20,10,200,现金,午夜
9082,2022-09-07,法兰基卷,快餐,50,9,450,其他,午夜
9083,2022-09-07,脆球点心,快餐,20,10,200,在线支付,午夜
9084,2022-09-07,脆球点心,快餐,20,5,100,现金,早晨
9085,2022-09-07,咖喱土豆球,快餐,20,15,300,现金,下午
9086,2022-09-07,咖喱土豆球,快餐,20,13,260,在线支付,傍晚
9087,2022-09-07,瓦达汉堡,快餐,20,13,260,现金,晚上
9088,2022-09-07,新鲜甘蔗汁,饮品,25,14,350,在线支付,傍晚
9089,2022-09-07,咖喱土豆球,快餐,20,4,80,在线支付,晚上
9090,2022-09-07,法兰基卷,快餐,50,1,50,现金,午夜
9091,2022-09-07,招牌三明治,快餐,60,2,120,现金,早晨
9092,2022-09-07,招牌三明治,快餐,60,1,60,现金,早晨
9093,2022-09-07,脆球点心,快餐,20,1,20,现金,午夜
9094,2022-09-07,法兰基卷,快餐,50,6,300,现金,傍晚
9095,2022-09-07,法兰基卷,快餐,50,6,300,在线支付,下午
9096,2022-09-07,冰咖啡,饮品,40,15,600,其他,傍晚
9097,2022-09-07,瓦达汉堡,快餐,20,11,220,在线支付,下午
9098,2022-09-07,冰咖啡,饮品,40,15,600,在线支付,下午
9099,2022-09-07,咖喱土豆球,快餐,20,8,160,在线支付,早晨
9100,2022-09-07,咖喱土豆球,快餐,20,11,220,在线支付,傍晚
9101,2022-09-07,脆球点心,快餐,20,6,120,现金,傍晚
9102,2022-09-07,招牌三明治,快餐,60,3,180,现金,下午
9103,2022-09-07,招牌三明治,快餐,60,11,660,在线支付,早晨
9104,2022-09-07,招牌三明治,快餐,60,2,120,在线支付,傍晚
9105,2022-09-07,冰咖啡,饮品,40,9,360,在线支付,下午
9106,2022-09-07,冰咖啡,饮品,40,9,360,现金,傍晚
9107,2022-09-07,法兰基卷,快餐,50,9,450,现金,下午
9108,2022-09-07,咖喱土豆球,快餐,20,8,160,在线支付,早晨
9109,2022-09-07,瓦达汉堡,快餐,20,15,300,其他,晚上
9110,2022-09-07,脆球点心,快餐,20,11,220,现金,早晨
9111,2022-09-07,法兰基卷,快餐,50,5,250,现金,早晨
9112,2022-09-07,脆球点心,快餐,20,15,300,其他,傍晚
9113,2022-09-07,新鲜甘蔗汁,饮品,25,8,200,在线支付,早晨
9114,2022-09-07,咖喱土豆球,快餐,20,6,120,在线支付,下午
9115,2022-09-07,脆球点心,快餐,20,12,240,现金,早晨
9116,2022-09-07,咖喱土豆球,快餐,20,10,200,其他,傍晚
9117,2022-09-07,冰咖啡,饮品,40,9,360,在线支付,早晨
9118,2022-09-08,法兰基卷,快餐,50,14,700,在线支付,早晨
9119,2022-09-08,招牌三明治,快餐,60,10,600,其他,晚上
9120,2022-09-08,招牌三明治,快餐,60,1,60,在线支付,早晨
9121,2022-09-08,新鲜甘蔗汁,饮品,25,3,75,在线支付,晚上
9122,2022-09-08,新鲜甘蔗汁,饮品,25,6,150,在线支付,早晨
9123,2022-09-08,新鲜甘蔗汁,饮品,25,2,50,现金,早晨
9124,2022-09-08,咖喱土豆球,快餐,20,11,220,在线支付,晚上
9125,2022-09-08,招牌三明治,快餐,60,15,900,现金,早晨
9126,2022-09-08,法兰基卷,快餐,50,6,300,在线支付,早晨
9127,2022-09-08,冰咖啡,饮品,40,8,320,在线支付,晚上
9128,2022-09-08,咖喱土豆球,快餐,20,7,140,在线支付,早晨
9129,2022-09-08,瓦达汉堡,快餐,20,1,20,现金,午夜
9130,2022-09-08,冰咖啡,饮品,40,15,600,现金,下午
9131,2022-09-08,招牌三明治,快餐,60,11,660,现金,傍晚
9132,2022-09-08,冰咖啡,饮品,40,3,120,在线支付,午夜
9133,2022-09-08,新鲜甘蔗汁,饮品,25,5,125,其他,傍晚
9134,2022-09-08,法兰基卷,快餐,50,5,250,现金,早晨
9135,2022-09-08,法兰基卷,快餐,50,10,500,现金,午夜
9136,2022-09-08,招牌三明治,快餐,60,13,780,现金,下午
9137,2022-09-08,冰咖啡,饮品,40,6,240,现金,傍晚
9138,2022-09-08,脆球点心,快餐,20,12,240,其他,傍晚
9139,2022-09-08,瓦达汉堡,快餐,20,15,300,在线支付,傍晚
9140,2022-09-08,冰咖啡,饮品,40,9,360,在线支付,下午
9141,2022-09-08,脆球点心,快餐,20,5,100,现金,晚上
9142,2022-09-08,瓦达汉堡,快餐,20,4,80,现金,傍晚
9143,2022-09-08,冰咖啡,饮品,40,1,40,在线支付,午夜
9144,2022-09-08,法兰基卷,快餐,50,10,500,现金,午夜
9145,2022-09-08,招牌三明治,快餐,60,3,180,现金,早晨
9146,2022-09-08,招牌三明治,快餐,60,10,600,在线支付,下午
9147,2022-09-08,法兰基卷,快餐,50,1,50,在线支付,早晨
9148,2022-09-08,咖喱土豆球,快餐,20,13,260,在线支付,下午
9149,2022-09-08,法兰基卷,快餐,50,9,450,现金,傍晚
9150,2022-09-08,脆球点心,快餐,20,15,300,现金,晚上
9151,2022-09-08,新鲜甘蔗汁,饮品,25,7,175,现金,晚上
9152,2022-09-08,瓦达汉堡,快餐,20,12,240,在线支付,午夜
9153,2022-09-08,法兰基卷,快餐,50,7,350,现金,午夜
9154,2022-09-08,冰咖啡,饮品,40,10,400,现金,傍晚
9155,2022-09-08,咖喱土豆球,快餐,20,6,120,在线支付,下午
9156,2022-09-08,脆球点心,快餐,20,8,160,现金,早晨
9157,2022-09-08,法兰基卷,快餐,50,1,50,现金,晚上
9158,2022-09-08,冰咖啡,饮品,40,13,520,现金,晚上
9159,2022-09-08,脆球点心,快餐,20,2,40,在线支付,早晨
9160,2022-09-08,瓦达汉堡,快餐,20,9,180,现金,下午
9161,2022-09-08,咖喱土豆球,快餐,20,6,120,现金,下午
9162,2022-09-08,新鲜甘蔗汁,饮品,25,7,175,其他,下午
9163,2022-09-08,瓦达汉堡,快餐,20,13,260,现金,午夜
9164,2022-09-08,法兰基卷,快餐,50,4,200,现金,傍晚
9165,2022-09-08,冰咖啡,饮品,40,12,480,现金,早晨
9166,2022-09-08,冰咖啡,饮品,40,10,400,现金,晚上
9167,2022-09-08,招牌三明治,快餐,60,1,60,现金,晚上
9168,2022-09-08,冰咖啡,饮品,40,9,360,现金,午夜
9169,2022-09-08,招牌三明治,快餐,60,6,360,现金,傍晚
9170,2022-09-08,法兰基卷,快餐,50,5,250,在线支付,下午
9171,2022-09-08,法兰基卷,快餐,50,11,550,现金,早晨
9172,2022-09-08,脆球点心,快餐,20,11,220,现金,傍晚
9173,2022-09-08,冰咖啡,饮品,40,11,440,现金,晚上
9174,2022-09-08,新鲜甘蔗汁,饮品,25,15,375,现金,下午
9175,2022-09-08,咖喱土豆球,快餐,20,1,20,现金,傍晚
9176,2022-09-08,新鲜甘蔗汁,饮品,25,2,50,在线支付,午夜
9177,2022-09-08,招牌三明治,快餐,60,12,720,在线支付,傍晚
9178,2022-09-08,法兰基卷,快餐,50,14,700,在线支付,下午
9179,2022-09-08,法兰基卷,快餐,50,8,400,现金,早晨
9180,2022-09-08,瓦达汉堡,快餐,20,9,180,现金,晚上
9181,2022-09-08,招牌三明治,快餐,60,3,180,在线支付,下午
9182,2022-09-08,法兰基卷,快餐,50,15,750,现金,晚上
9183,2022-09-08,招牌三明治,快餐,60,9,540,在线支付,傍晚
9184,2022-09-08,瓦达汉堡,快餐,20,13,260,现金,下午
9185,2022-09-08,招牌三明治,快餐,60,9,540,现金,傍晚
9186,2022-09-08,招牌三明治,快餐,60,4,240,现金,傍晚
9187,2022-09-08,咖喱土豆球,快餐,20,4,80,其他,下午
9188,2022-09-08,瓦达汉堡,快餐,20,6,120,其他,午夜
9189,2022-09-08,新鲜甘蔗汁,饮品,25,10,250,现金,晚上
9190,2022-09-08,招牌三明治,快餐,60,8,480,其他,晚上
9191,2022-09-08,法兰基卷,快餐,50,10,500,现金,傍晚
9192,2022-09-08,冰咖啡,饮品,40,6,240,现金,早晨
9193,2022-09-08,瓦达汉堡,快餐,20,11,220,现金,早晨
9194,2022-09-08,法兰基卷,快餐,50,1,50,现金,早晨
9195,2022-09-08,法兰基卷,快餐,50,9,450,在线支付,午夜
9196,2022-09-08,招牌三明治,快餐,60,14,840,现金,傍晚
9197,2022-09-08,脆球点心,快餐,20,13,260,在线支付,下午
9198,2022-09-08,新鲜甘蔗汁,饮品,25,9,225,现金,早晨
9199,2022-09-08,咖喱土豆球,快餐,20,8,160,现金,早晨
9200,2022-09-08,招牌三明治,快餐,60,2,120,在线支付,早晨
9201,2022-09-08,脆球点心,快餐,20,12,240,现金,早晨
9202,2022-09-08,冰咖啡,饮品,40,7,280,现金,晚上
9203,2022-09-08,冰咖啡,饮品,40,12,480,在线支付,傍晚
9204,2022-09-08,咖喱土豆球,快餐,20,7,140,在线支付,午夜
9205,2022-09-08,瓦达汉堡,快餐,20,7,140,现金,傍晚
9206,2022-09-08,脆球点心,快餐,20,7,140,在线支付,下午
9207,2022-09-08,冰咖啡,饮品,40,8,320,现金,午夜
9208,2022-09-08,咖喱土豆球,快餐,20,1,20,现金,午夜
9209,2022-09-08,新鲜甘蔗汁,饮品,25,14,350,其他,傍晚
9210,2022-09-08,招牌三明治,快餐,60,12,720,在线支付,早晨
9211,2022-09-08,招牌三明治,快餐,60,13,780,现金,午夜
9212,2022-09-08,脆球点心,快餐,20,3,60,现金,晚上
9213,2022-09-08,脆球点心,快餐,20,9,180,在线支付,晚上
9214,2022-09-08,冰咖啡,饮品,40,3,120,在线支付,早晨
9215,2022-09-08,脆球点心,快餐,20,15,300,其他,午夜
9216,2022-09-08,脆球点心,快餐,20,9,180,现金,早晨
9217,2022-09-08,瓦达汉堡,快餐,20,12,240,现金,傍晚
9218,2022-09-08,新鲜甘蔗汁,饮品,25,9,225,现金,午夜
9219,2022-09-08,瓦达汉堡,快餐,20,14,280,在线支付,早晨
9220,2022-09-08,冰咖啡,饮品,40,13,520,现金,早晨
9221,2022-09-08,咖喱土豆球,快餐,20,15,300,现金,午夜
9222,2022-09-08,招牌三明治,快餐,60,10,600,其他,傍晚
9223,2022-09-08,脆球点心,快餐,20,12,240,在线支付,晚上
9224,2022-09-08,咖喱土豆球,快餐,20,6,120,在线支付,下午
9225,2022-09-08,冰咖啡,饮品,40,14,560,在线支付,午夜
9226,2022-09-08,咖喱土豆球,快餐,20,1,20,现金,下午
9227,2022-09-08,瓦达汉堡,快餐,20,7,140,现金,早晨
9228,2022-09-08,冰咖啡,饮品,40,10,400,现金,午夜
9229,2022-09-08,新鲜甘蔗汁,饮品,25,6,150,在线支付,傍晚
9230,2022-09-08,新鲜甘蔗汁,饮品,25,2,50,现金,午夜
9231,2022-09-08,法兰基卷,快餐,50,14,700,现金,下午
9232,2022-09-08,招牌三明治,快餐,60,7,420,在线支付,早晨
9233,2022-09-08,法兰基卷,快餐,50,12,600,在线支付,下午
9234,2022-09-08,新鲜甘蔗汁,饮品,25,11,275,在线支付,傍晚
9235,2022-09-08,招牌三明治,快餐,60,8,480,现金,午夜
9236,2022-09-08,冰咖啡,饮品,40,13,520,现金,午夜
9237,2022-09-08,咖喱土豆球,快餐,20,5,100,其他,傍晚
9238,2022-09-08,新鲜甘蔗汁,饮品,25,4,100,现金,傍晚
9239,2022-09-08,新鲜甘蔗汁,饮品,25,6,150,在线支付,早晨
9240,2022-09-08,冰咖啡,饮品,40,5,200,在线支付,晚上
9241,2022-09-08,咖喱土豆球,快餐,20,8,160,其他,傍晚
9242,2022-09-08,冰咖啡,饮品,40,9,360,其他,下午
9243,2022-09-08,招牌三明治,快餐,60,5,300,在线支付,晚上
9244,2022-09-08,脆球点心,快餐,20,7,140,现金,午夜
9245,2022-09-08,冰咖啡,饮品,40,12,480,现金,早晨
9246,2022-09-08,招牌三明治,快餐,60,11,660,现金,午夜
9247,2022-09-08,招牌三明治,快餐,60,10,600,现金,下午
9248,2022-09-08,新鲜甘蔗汁,饮品,25,1,25,现金,下午
9249,2022-09-08,瓦达汉堡,快餐,20,3,60,现金,午夜
9250,2022-09-08,法兰基卷,快餐,50,8,400,现金,午夜
9251,2022-09-08,招牌三明治,快餐,60,15,900,其他,晚上
9252,2022-09-08,冰咖啡,饮品,40,10,400,现金,晚上
9253,2022-09-08,瓦达汉堡,快餐,20,5,100,现金,晚上
9254,2022-09-08,咖喱土豆球,快餐,20,6,120,现金,早晨
9255,2022-09-08,招牌三明治,快餐,60,2,120,在线支付,下午
9256,2022-09-09,新鲜甘蔗汁,饮品,25,10,250,在线支付,下午
9257,2022-09-09,冰咖啡,饮品,40,1,40,现金,午夜
9258,2022-09-09,咖喱土豆球,快餐,20,14,280,其他,下午
9259,2022-09-09,瓦达汉堡,快餐,20,9,180,在线支付,午夜
9260,2022-09-09,咖喱土豆球,快餐,20,8,160,其他,晚上
9261,2022-09-09,新鲜甘蔗汁,饮品,25,7,175,现金,早晨
9262,2022-09-09,招牌三明治,快餐,60,4,240,现金,早晨
9263,2022-09-09,新鲜甘蔗汁,饮品,25,15,375,现金,下午
9264,2022-09-09,瓦达汉堡,快餐,20,9,180,在线支付,早晨
9265,2022-09-09,招牌三明治,快餐,60,15,900,在线支付,晚上
9266,2022-09-09,法兰基卷,快餐,50,9,450,现金,早晨
9267,2022-09-09,法兰基卷,快餐,50,4,200,现金,傍晚
9268,2022-09-09,法兰基卷,快餐,50,7,350,在线支付,下午
9269,2022-09-09,新鲜甘蔗汁,饮品,25,8,200,在线支付,午夜
9270,2022-09-09,冰咖啡,饮品,40,8,320,现金,下午
9271,2022-09-09,法兰基卷,快餐,50,9,450,其他,早晨
9272,2022-09-09,瓦达汉堡,快餐,20,11,220,在线支付,傍晚
9273,2022-09-09,新鲜甘蔗汁,饮品,25,7,175,其他,午夜
9274,2022-09-09,瓦达汉堡,快餐,20,8,160,现金,下午
9275,2022-09-09,瓦达汉堡,快餐,20,1,20,现金,下午
9276,2022-09-09,新鲜甘蔗汁,饮品,25,8,200,现金,早晨
9277,2022-09-09,法兰基卷,快餐,50,8,400,现金,傍晚
9278,2022-09-09,法兰基卷,快餐,50,10,500,现金,傍晚
9279,2022-09-09,冰咖啡,饮品,40,12,480,其他,晚上
9280,2022-09-09,瓦达汉堡,快餐,20,9,180,在线支付,下午
9281,2022-09-09,冰咖啡,饮品,40,7,280,现金,晚上
9282,2022-09-09,瓦达汉堡,快餐,20,15,300,在线支付,午夜
9283,2022-09-09,招牌三明治,快餐,60,10,600,现金,早晨
9284,2022-09-09,冰咖啡,饮品,40,12,480,现金,傍晚
9285,2022-09-09,冰咖啡,饮品,40,9,360,其他,下午
9286,2022-09-09,招牌三明治,快餐,60,7,420,在线支付,晚上
9287,2022-09-09,法兰基卷,快餐,50,10,500,现金,晚上
9288,2022-09-09,咖喱土豆球,快餐,20,10,200,现金,下午
9289,2022-09-09,冰咖啡,饮品,40,7,280,现金,下午
9290,2022-09-09,瓦达汉堡,快餐,20,9,180,在线支付,午夜
9291,2022-09-09,招牌三明治,快餐,60,7,420,在线支付,晚上
9292,2022-09-09,冰咖啡,饮品,40,7,280,在线支付,早晨
9293,2022-09-09,法兰基卷,快餐,50,7,350,现金,傍晚
9294,2022-09-09,瓦达汉堡,快餐,20,5,100,在线支付,下午
9295,2022-09-09,新鲜甘蔗汁,饮品,25,5,125,其他,傍晚
9296,2022-09-09,招牌三明治,快餐,60,12,720,在线支付,午夜
9297,2022-09-09,脆球点心,快餐,20,7,140,现金,午夜
9298,2022-09-09,瓦达汉堡,快餐,20,9,180,其他,午夜
9299,2022-09-09,咖喱土豆球,快餐,20,7,140,在线支付,早晨
9300,2022-09-09,冰咖啡,饮品,40,13,520,其他,傍晚
9301,2022-09-09,咖喱土豆球,快餐,20,8,160,现金,傍晚
9302,2022-09-09,瓦达汉堡,快餐,20,14,280,现金,下午
9303,2022-09-09,新鲜甘蔗汁,饮品,25,4,100,在线支付,下午
9304,2022-09-09,法兰基卷,快餐,50,10,500,现金,傍晚
9305,2022-09-09,咖喱土豆球,快餐,20,15,300,现金,午夜
9306,2022-09-09,法兰基卷,快餐,50,9,450,现金,傍晚
9307,2022-09-09,新鲜甘蔗汁,饮品,25,4,100,现金,下午
9308,2022-09-09,招牌三明治,快餐,60,3,180,现金,午夜
9309,2022-09-09,法兰基卷,快餐,50,8,400,现金,午夜
9310,2022-09-09,脆球点心,快餐,20,5,100,在线支付,午夜
9311,2022-09-09,脆球点心,快餐,20,12,240,现金,午夜
9312,2022-09-09,法兰基卷,快餐,50,15,750,在线支付,晚上
9313,2022-09-09,法兰基卷,快餐,50,5,250,在线支付,早晨
9314,2022-09-09,法兰基卷,快餐,50,10,500,在线支付,早晨
9315,2022-09-09,冰咖啡,饮品,40,5,200,在线支付,晚上
9316,2022-09-09,咖喱土豆球,快餐,20,8,160,在线支付,晚上
9317,2022-09-09,新鲜甘蔗汁,饮品,25,12,300,其他,下午
9318,2022-09-09,脆球点心,快餐,20,15,300,现金,下午
9319,2022-09-09,新鲜甘蔗汁,饮品,25,10,250,在线支付,午夜
9320,2022-09-09,法兰基卷,快餐,50,1,50,在线支付,早晨
9321,2022-09-09,新鲜甘蔗汁,饮品,25,1,25,现金,午夜
9322,2022-09-09,咖喱土豆球,快餐,20,11,220,现金,下午
9323,2022-09-09,新鲜甘蔗汁,饮品,25,10,250,在线支付,下午
9324,2022-09-09,新鲜甘蔗汁,饮品,25,8,200,在线支付,晚上
9325,2022-09-09,法兰基卷,快餐,50,9,450,在线支付,早晨
9326,2022-09-09,法兰基卷,快餐,50,10,500,现金,下午
9327,2022-09-09,瓦达汉堡,快餐,20,11,220,现金,傍晚
9328,2022-09-09,瓦达汉堡,快餐,20,12,240,现金,午夜
9329,2022-09-09,瓦达汉堡,快餐,20,1,20,现金,晚上
9330,2022-09-09,招牌三明治,快餐,60,14,840,现金,早晨
9331,2022-09-09,咖喱土豆球,快餐,20,10,200,在线支付,傍晚
9332,2022-09-09,冰咖啡,饮品,40,6,240,现金,早晨
9333,2022-09-09,新鲜甘蔗汁,饮品,25,9,225,现金,晚上
9334,2022-09-09,法兰基卷,快餐,50,15,750,现金,早晨
9335,2022-09-09,咖喱土豆球,快餐,20,4,80,现金,傍晚
9336,2022-09-09,招牌三明治,快餐,60,10,600,在线支付,下午
9337,2022-09-09,法兰基卷,快餐,50,8,400,其他,晚上
9338,2022-09-09,招牌三明治,快餐,60,6,360,在线支付,午夜
9339,2022-09-09,新鲜甘蔗汁,饮品,25,6,150,现金,早晨
9340,2022-09-09,咖喱土豆球,快餐,20,1,20,现金,下午
9341,2022-09-09,新鲜甘蔗汁,饮品,25,9,225,在线支付,下午
9342,2022-09-09,咖喱土豆球,快餐,20,1,20,现金,早晨
9343,2022-09-09,冰咖啡,饮品,40,2,80,在线支付,早晨
9344,2022-09-09,法兰基卷,快餐,50,9,450,现金,午夜
9345,2022-09-09,瓦达汉堡,快餐,20,7,140,现金,傍晚
9346,2022-09-09,脆球点心,快餐,20,11,220,在线支付,傍晚
9347,2022-09-09,冰咖啡,饮品,40,13,520,现金,下午
9348,2022-09-09,新鲜甘蔗汁,饮品,25,6,150,现金,早晨
9349,2022-09-09,冰咖啡,饮品,40,6,240,在线支付,早晨
9350,2022-09-09,法兰基卷,快餐,50,11,550,在线支付,傍晚
9351,2022-09-09,冰咖啡,饮品,40,7,280,在线支付,晚上
9352,2022-09-09,新鲜甘蔗汁,饮品,25,13,325,在线支付,晚上
9353,2022-09-09,脆球点心,快餐,20,7,140,现金,下午
9354,2022-09-09,冰咖啡,饮品,40,12,480,现金,下午
9355,2022-09-09,脆球点心,快餐,20,9,180,在线支付,早晨
9356,2022-09-09,咖喱土豆球,快餐,20,15,300,在线支付,早晨
9357,2022-09-09,新鲜甘蔗汁,饮品,25,12,300,现金,傍晚
9358,2022-09-09,冰咖啡,饮品,40,4,160,现金,傍晚
9359,2022-09-09,瓦达汉堡,快餐,20,6,120,现金,午夜
9360,2022-09-09,瓦达汉堡,快餐,20,4,80,现金,晚上
9361,2022-09-09,瓦达汉堡,快餐,20,10,200,在线支付,晚上
9362,2022-09-09,新鲜甘蔗汁,饮品,25,4,100,在线支付,下午
9363,2022-09-09,咖喱土豆球,快餐,20,7,140,在线支付,早晨
9364,2022-09-09,脆球点心,快餐,20,2,40,其他,午夜
9365,2022-09-09,法兰基卷,快餐,50,10,500,现金,午夜
9366,2022-09-09,冰咖啡,饮品,40,8,320,在线支付,傍晚
9367,2022-09-09,法兰基卷,快餐,50,4,200,在线支付,早晨
9368,2022-09-09,脆球点心,快餐,20,8,160,现金,午夜
9369,2022-09-09,瓦达汉堡,快餐,20,9,180,在线支付,晚上
9370,2022-09-09,咖喱土豆球,快餐,20,8,160,在线支付,早晨
9371,2022-09-09,瓦达汉堡,快餐,20,11,220,其他,早晨
9372,2022-09-09,新鲜甘蔗汁,饮品,25,3,75,在线支付,午夜
9373,2022-09-09,冰咖啡,饮品,40,3,120,现金,傍晚
9374,2022-09-09,法兰基卷,快餐,50,14,700,在线支付,午夜
9375,2022-09-09,新鲜甘蔗汁,饮品,25,5,125,现金,午夜
9376,2022-09-09,瓦达汉堡,快餐,20,7,140,在线支付,早晨
9377,2022-09-09,招牌三明治,快餐,60,15,900,在线支付,晚上
9378,2022-09-09,新鲜甘蔗汁,饮品,25,14,350,其他,早晨
9379,2022-09-09,新鲜甘蔗汁,饮品,25,11,275,现金,晚上
9380,2022-09-09,瓦达汉堡,快餐,20,9,180,在线支付,下午
9381,2022-09-09,瓦达汉堡,快餐,20,15,300,在线支付,早晨
9382,2022-09-09,脆球点心,快餐,20,9,180,在线支付,下午
9383,2022-09-09,冰咖啡,饮品,40,1,40,在线支付,傍晚
9384,2022-09-09,新鲜甘蔗汁,饮品,25,14,350,在线支付,下午
9385,2022-09-09,咖喱土豆球,快餐,20,1,20,在线支付,午夜
9386,2022-09-09,冰咖啡,饮品,40,14,560,现金,下午
9387,2022-09-09,冰咖啡,饮品,40,13,520,现金,早晨
9388,2022-09-09,冰咖啡,饮品,40,10,400,现金,午夜
9389,2022-09-09,新鲜甘蔗汁,饮品,25,9,225,现金,早晨
9390,2022-09-09,招牌三明治,快餐,60,2,120,现金,傍晚
9391,2022-09-09,脆球点心,快餐,20,7,140,现金,下午
9392,2022-09-09,冰咖啡,饮品,40,15,600,在线支付,晚上
9393,2022-09-09,新鲜甘蔗汁,饮品,25,10,250,在线支付,下午
9394,2022-09-09,冰咖啡,饮品,40,12,480,在线支付,早晨
9395,2022-09-10,招牌三明治,快餐,60,13,780,在线支付,早晨
9396,2022-09-10,冰咖啡,饮品,40,7,280,在线支付,晚上
9397,2022-09-10,瓦达汉堡,快餐,20,3,60,在线支付,早晨
9398,2022-09-10,瓦达汉堡,快餐,20,10,200,现金,晚上
9399,2022-09-10,招牌三明治,快餐,60,12,720,现金,午夜
9400,2022-09-10,法兰基卷,快餐,50,6,300,现金,早晨
9401,2022-09-10,冰咖啡,饮品,40,10,400,现金,早晨
9402,2022-09-10,冰咖啡,饮品,40,14,560,在线支付,晚上
9403,2022-09-10,招牌三明治,快餐,60,13,780,现金,午夜
9404,2022-09-10,脆球点心,快餐,20,12,240,其他,午夜
9405,2022-09-10,冰咖啡,饮品,40,11,440,在线支付,下午
9406,2022-09-10,招牌三明治,快餐,60,10,600,在线支付,早晨
9407,2022-09-10,脆球点心,快餐,20,11,220,在线支付,午夜
9408,2022-09-10,脆球点心,快餐,20,4,80,现金,午夜
9409,2022-09-10,招牌三明治,快餐,60,13,780,现金,傍晚
9410,2022-09-10,法兰基卷,快餐,50,10,500,在线支付,早晨
9411,2022-09-10,冰咖啡,饮品,40,4,160,现金,午夜
9412,2022-09-10,瓦达汉堡,快餐,20,12,240,在线支付,晚上
9413,2022-09-10,脆球点心,快餐,20,6,120,现金,晚上
9414,2022-09-10,冰咖啡,饮品,40,4,160,在线支付,早晨
9415,2022-09-10,法兰基卷,快餐,50,9,450,现金,下午
9416,2022-09-10,咖喱土豆球,快餐,20,10,200,在线支付,下午
9417,2022-09-10,脆球点心,快餐,20,6,120,现金,午夜
9418,2022-09-10,招牌三明治,快餐,60,9,540,在线支付,早晨
9419,2022-09-10,冰咖啡,饮品,40,4,160,其他,傍晚
9420,2022-09-10,瓦达汉堡,快餐,20,10,200,现金,下午
9421,2022-09-10,咖喱土豆球,快餐,20,14,280,其他,早晨
9422,2022-09-10,咖喱土豆球,快餐,20,7,140,现金,下午
9423,2022-09-10,法兰基卷,快餐,50,11,550,在线支付,傍晚
9424,2022-09-10,瓦达汉堡,快餐,20,12,240,其他,傍晚
9425,2022-09-10,冰咖啡,饮品,40,15,600,在线支付,傍晚
9426,2022-09-10,瓦达汉堡,快餐,20,6,120,现金,午夜
9427,2022-09-10,咖喱土豆球,快餐,20,9,180,在线支付,晚上
9428,2022-09-10,招牌三明治,快餐,60,13,780,现金,晚上
9429,2022-09-10,新鲜甘蔗汁,饮品,25,11,275,其他,晚上
9430,2022-09-10,冰咖啡,饮品,40,8,320,在线支付,早晨
9431,2022-09-10,招牌三明治,快餐,60,7,420,在线支付,晚上
9432,2022-09-10,脆球点心,快餐,20,5,100,在线支付,下午
9433,2022-09-10,咖喱土豆球,快餐,20,12,240,在线支付,早晨
9434,2022-09-10,咖喱土豆球,快餐,20,8,160,现金,晚上
9435,2022-09-10,冰咖啡,饮品,40,4,160,在线支付,下午
9436,2022-09-10,瓦达汉堡,快餐,20,15,300,现金,早晨
9437,2022-09-10,咖喱土豆球,快餐,20,11,220,现金,晚上
9438,2022-09-10,冰咖啡,饮品,40,7,280,在线支付,傍晚
9439,2022-09-10,咖喱土豆球,快餐,20,1,20,现金,午夜
9440,2022-09-10,新鲜甘蔗汁,饮品,25,9,225,其他,晚上
9441,2022-09-10,脆球点心,快餐,20,7,140,在线支付,午夜
9442,2022-09-10,瓦达汉堡,快餐,20,8,160,其他,傍晚
9443,2022-09-10,新鲜甘蔗汁,饮品,25,13,325,在线支付,傍晚
9444,2022-09-10,新鲜甘蔗汁,饮品,25,10,250,现金,傍晚
9445,2022-09-10,冰咖啡,饮品,40,4,160,在线支付,早晨
9446,2022-09-10,新鲜甘蔗汁,饮品,25,12,300,在线支付,晚上
9447,2022-09-10,瓦达汉堡,快餐,20,12,240,在线支付,下午
9448,2022-09-10,脆球点心,快餐,20,5,100,现金,傍晚
9449,2022-09-10,咖喱土豆球,快餐,20,1,20,在线支付,傍晚
9450,2022-09-10,脆球点心,快餐,20,7,140,现金,午夜
9451,2022-09-10,新鲜甘蔗汁,饮品,25,4,100,在线支付,晚上
9452,2022-09-10,法兰基卷,快餐,50,3,150,现金,傍晚
9453,2022-09-10,咖喱土豆球,快餐,20,8,160,现金,晚上
9454,2022-09-10,冰咖啡,饮品,40,10,400,在线支付,晚上
9455,2022-09-10,瓦达汉堡,快餐,20,13,260,在线支付,下午
9456,2022-09-10,咖喱土豆球,快餐,20,13,260,现金,晚上
9457,2022-09-10,冰咖啡,饮品,40,12,480,在线支付,下午
9458,2022-09-10,冰咖啡,饮品,40,5,200,现金,傍晚
9459,2022-09-10,招牌三明治,快餐,60,3,180,其他,早晨
9460,2022-09-10,冰咖啡,饮品,40,15,600,现金,晚上
9461,2022-09-10,新鲜甘蔗汁,饮品,25,6,150,在线支付,早晨
9462,2022-09-10,瓦达汉堡,快餐,20,5,100,在线支付,下午
9463,2022-09-10,招牌三明治,快餐,60,4,240,现金,傍晚
9464,2022-09-10,瓦达汉堡,快餐,20,9,180,现金,午夜
9465,2022-09-10,脆球点心,快餐,20,6,120,现金,晚上
9466,2022-09-10,招牌三明治,快餐,60,2,120,在线支付,晚上
9467,2022-09-10,咖喱土豆球,快餐,20,11,220,在线支付,傍晚
9468,2022-09-10,法兰基卷,快餐,50,11,550,其他,晚上
9469,2022-09-10,咖喱土豆球,快餐,20,9,180,在线支付,午夜
9470,2022-09-10,冰咖啡,饮品,40,14,560,在线支付,晚上
9471,2022-09-10,冰咖啡,饮品,40,9,360,其他,晚上
9472,2022-09-10,法兰基卷,快餐,50,10,500,在线支付,下午
9473,2022-09-10,脆球点心,快餐,20,2,40,在线支付,下午
9474,2022-09-10,招牌三明治,快餐,60,8,480,在线支付,下午
9475,2022-09-10,冰咖啡,饮品,40,2,80,其他,晚上
9476,2022-09-10,冰咖啡,饮品,40,9,360,在线支付,早晨
9477,2022-09-10,法兰基卷,快餐,50,10,500,现金,下午
9478,2022-09-10,咖喱土豆球,快餐,20,5,100,在线支付,晚上
9479,2022-09-10,新鲜甘蔗汁,饮品,25,5,125,在线支付,下午
9480,2022-09-10,冰咖啡,饮品,40,4,160,现金,午夜
9481,2022-09-10,冰咖啡,饮品,40,8,320,现金,傍晚
9482,2022-09-10,瓦达汉堡,快餐,20,6,120,在线支付,傍晚
9483,2022-09-10,脆球点心,快餐,20,10,200,现金,下午
9484,2022-09-10,招牌三明治,快餐,60,8,480,现金,早晨
9485,2022-09-10,咖喱土豆球,快餐,20,15,300,在线支付,下午
9486,2022-09-10,法兰基卷,快餐,50,12,600,现金,晚上
9487,2022-09-10,瓦达汉堡,快餐,20,1,20,现金,傍晚
9488,2022-09-10,脆球点心,快餐,20,9,180,现金,下午
9489,2022-09-10,招牌三明治,快餐,60,9,540,现金,下午
9490,2022-09-10,咖喱土豆球,快餐,20,6,120,现金,午夜
9491,2022-09-10,冰咖啡,饮品,40,7,280,在线支付,下午
9492,2022-09-10,法兰基卷,快餐,50,8,400,现金,晚上
9493,2022-09-10,脆球点心,快餐,20,6,120,在线支付,下午
9494,2022-09-10,脆球点心,快餐,20,7,140,现金,早晨
9495,2022-09-10,法兰基卷,快餐,50,15,750,现金,下午
9496,2022-09-10,招牌三明治,快餐,60,8,480,在线支付,下午
9497,2022-09-10,脆球点心,快餐,20,7,140,在线支付,午夜
9498,2022-09-10,脆球点心,快餐,20,2,40,在线支付,早晨
9499,2022-09-10,法兰基卷,快餐,50,8,400,在线支付,下午
9500,2022-09-10,咖喱土豆球,快餐,20,4,80,其他,傍晚
9501,2022-09-10,招牌三明治,快餐,60,9,540,现金,早晨
9502,2022-09-10,新鲜甘蔗汁,饮品,25,10,250,现金,下午
9503,2022-09-10,招牌三明治,快餐,60,12,720,在线支付,傍晚
9504,2022-09-10,新鲜甘蔗汁,饮品,25,15,375,在线支付,下午
9505,2022-09-10,招牌三明治,快餐,60,8,480,现金,傍晚
9506,2022-09-10,咖喱土豆球,快餐,20,1,20,现金,下午
9507,2022-09-10,脆球点心,快餐,20,9,180,在线支付,晚上
9508,2022-09-10,瓦达汉堡,快餐,20,4,80,现金,傍晚
9509,2022-09-10,法兰基卷,快餐,50,11,550,现金,傍晚
9510,2022-09-10,招牌三明治,快餐,60,6,360,现金,晚上
9511,2022-09-10,法兰基卷,快餐,50,14,700,在线支付,早晨
9512,2022-09-10,脆球点心,快餐,20,10,200,现金,午夜
9513,2022-09-10,咖喱土豆球,快餐,20,10,200,在线支付,下午
9514,2022-09-11,咖喱土豆球,快餐,20,12,240,现金,午夜
9515,2022-09-11,冰咖啡,饮品,40,12,480,现金,早晨
9516,2022-09-11,脆球点心,快餐,20,8,160,现金,早晨
9517,2022-09-11,脆球点心,快餐,20,15,300,在线支付,下午
9518,2022-09-11,脆球点心,快餐,20,5,100,现金,下午
9519,2022-09-11,冰咖啡,饮品,40,7,280,现金,晚上
9520,2022-09-11,咖喱土豆球,快餐,20,3,60,现金,早晨
9521,2022-09-11,新鲜甘蔗汁,饮品,25,12,300,现金,下午
9522,2022-09-11,咖喱土豆球,快餐,20,1,20,其他,晚上
9523,2022-09-11,瓦达汉堡,快餐,20,7,140,现金,下午
9524,2022-09-11,招牌三明治,快餐,60,7,420,在线支付,傍晚
9525,2022-09-11,瓦达汉堡,快餐,20,8,160,在线支付,午夜
9526,2022-09-11,招牌三明治,快餐,60,2,120,其他,下午
9527,2022-09-11,新鲜甘蔗汁,饮品,25,8,200,现金,午夜
9528,2022-09-11,法兰基卷,快餐,50,15,750,现金,下午
9529,2022-09-11,瓦达汉堡,快餐,20,12,240,在线支付,下午
9530,2022-09-11,瓦达汉堡,快餐,20,8,160,在线支付,傍晚
9531,2022-09-11,脆球点心,快餐,20,6,120,在线支付,早晨
9532,2022-09-11,咖喱土豆球,快餐,20,12,240,其他,下午
9533,2022-09-11,招牌三明治,快餐,60,9,540,现金,午夜
9534,2022-09-11,瓦达汉堡,快餐,20,13,260,在线支付,午夜
9535,2022-09-11,新鲜甘蔗汁,饮品,25,5,125,其他,午夜
9536,2022-09-11,脆球点心,快餐,20,10,200,在线支付,晚上
9537,2022-09-11,冰咖啡,饮品,40,10,400,现金,傍晚
9538,2022-09-11,脆球点心,快餐,20,5,100,在线支付,晚上
9539,2022-09-11,脆球点心,快餐,20,15,300,在线支付,早晨
9540,2022-09-11,咖喱土豆球,快餐,20,15,300,在线支付,晚上
9541,2022-09-11,冰咖啡,饮品,40,13,520,在线支付,下午
9542,2022-09-11,冰咖啡,饮品,40,9,360,其他,晚上
9543,2022-09-11,冰咖啡,饮品,40,2,80,现金,早晨
9544,2022-09-11,咖喱土豆球,快餐,20,15,300,在线支付,傍晚
9545,2022-09-11,冰咖啡,饮品,40,8,320,在线支付,下午
9546,2022-09-11,法兰基卷,快餐,50,15,750,在线支付,傍晚
9547,2022-09-11,法兰基卷,快餐,50,6,300,现金,早晨
9548,2022-09-11,咖喱土豆球,快餐,20,5,100,在线支付,下午
9549,2022-09-11,法兰基卷,快餐,50,3,150,在线支付,晚上
9550,2022-09-11,新鲜甘蔗汁,饮品,25,10,250,其他,下午
9551,2022-09-11,招牌三明治,快餐,60,6,360,现金,晚上
9552,2022-09-11,瓦达汉堡,快餐,20,11,220,现金,傍晚
9553,2022-09-11,新鲜甘蔗汁,饮品,25,11,275,现金,晚上
9554,2022-09-11,招牌三明治,快餐,60,5,300,在线支付,早晨
9555,2022-09-11,冰咖啡,饮品,40,15,600,现金,晚上
9556,2022-09-11,冰咖啡,饮品,40,11,440,在线支付,下午
9557,2022-09-11,瓦达汉堡,快餐,20,4,80,现金,傍晚
9558,2022-09-11,咖喱土豆球,快餐,20,9,180,在线支付,下午
9559,2022-09-11,冰咖啡,饮品,40,9,360,现金,晚上
9560,2022-09-11,冰咖啡,饮品,40,7,280,现金,早晨
9561,2022-09-11,招牌三明治,快餐,60,1,60,在线支付,午夜
9562,2022-09-11,咖喱土豆球,快餐,20,6,120,在线支付,傍晚
9563,2022-09-11,新鲜甘蔗汁,饮品,25,11,275,其他,傍晚
9564,2022-09-11,冰咖啡,饮品,40,6,240,现金,早晨
9565,2022-09-11,脆球点心,快餐,20,6,120,现金,晚上
9566,2022-09-11,咖喱土豆球,快餐,20,4,80,现金,晚上
9567,2022-09-11,法兰基卷,快餐,50,2,100,在线支付,午夜
9568,2022-09-11,瓦达汉堡,快餐,20,10,200,在线支付,早晨
9569,2022-09-11,咖喱土豆球,快餐,20,3,60,现金,傍晚
9570,2022-09-11,招牌三明治,快餐,60,10,600,在线支付,傍晚
9571,2022-09-11,瓦达汉堡,快餐,20,9,180,现金,早晨
9572,2022-09-11,法兰基卷,快餐,50,3,150,现金,早晨
9573,2022-09-11,瓦达汉堡,快餐,20,12,240,现金,晚上
9574,2022-09-11,招牌三明治,快餐,60,7,420,在线支付,午夜
9575,2022-09-11,冰咖啡,饮品,40,9,360,现金,晚上
9576,2022-09-11,法兰基卷,快餐,50,6,300,其他,下午
9577,2022-09-11,瓦达汉堡,快餐,20,9,180,现金,午夜
9578,2022-09-11,脆球点心,快餐,20,9,180,在线支付,午夜
9579,2022-09-11,瓦达汉堡,快餐,20,4,80,在线支付,午夜
9580,2022-09-11,咖喱土豆球,快餐,20,10,200,现金,早晨
9581,2022-09-11,脆球点心,快餐,20,9,180,现金,午夜
9582,2022-09-11,脆球点心,快餐,20,8,160,其他,下午
9583,2022-09-11,脆球点心,快餐,20,5,100,在线支付,午夜
9584,2022-09-11,冰咖啡,饮品,40,6,240,现金,傍晚
9585,2022-09-11,咖喱土豆球,快餐,20,1,20,现金,午夜
9586,2022-09-11,冰咖啡,饮品,40,13,520,现金,下午
9587,2022-09-11,咖喱土豆球,快餐,20,9,180,现金,晚上
9588,2022-09-11,法兰基卷,快餐,50,7,350,在线支付,傍晚
9589,2022-09-11,脆球点心,快餐,20,10,200,在线支付,下午
9590,2022-09-11,冰咖啡,饮品,40,11,440,在线支付,下午
9591,2022-09-11,瓦达汉堡,快餐,20,10,200,在线支付,傍晚
9592,2022-09-11,招牌三明治,快餐,60,8,480,在线支付,晚上
9593,2022-09-11,新鲜甘蔗汁,饮品,25,11,275,其他,午夜
9594,2022-09-11,瓦达汉堡,快餐,20,14,280,现金,早晨
9595,2022-09-11,瓦达汉堡,快餐,20,15,300,在线支付,早晨
9596,2022-09-11,新鲜甘蔗汁,饮品,25,2,50,现金,下午
9597,2022-09-11,咖喱土豆球,快餐,20,4,80,现金,下午
9598,2022-09-11,咖喱土豆球,快餐,20,10,200,在线支付,午夜
9599,2022-09-11,新鲜甘蔗汁,饮品,25,1,25,在线支付,午夜
9600,2022-09-11,冰咖啡,饮品,40,5,200,在线支付,傍晚
9601,2022-09-11,冰咖啡,饮品,40,5,200,在线支付,午夜
9602,2022-09-11,脆球点心,快餐,20,7,140,在线支付,晚上
9603,2022-09-11,咖喱土豆球,快餐,20,6,120,在线支付,晚上
9604,2022-09-11,脆球点心,快餐,20,6,120,现金,傍晚
9605,2022-09-11,瓦达汉堡,快餐,20,4,80,在线支付,午夜
9606,2022-09-11,咖喱土豆球,快餐,20,8,160,在线支付,早晨
9607,2022-09-11,脆球点心,快餐,20,11,220,现金,傍晚
9608,2022-09-11,脆球点心,快餐,20,11,220,现金,傍晚
9609,2022-09-11,法兰基卷,快餐,50,13,650,在线支付,午夜
9610,2022-09-11,咖喱土豆球,快餐,20,8,160,现金,傍晚
9611,2022-09-11,招牌三明治,快餐,60,6,360,现金,早晨
9612,2022-09-11,招牌三明治,快餐,60,6,360,在线支付,下午
9613,2022-09-11,瓦达汉堡,快餐,20,2,40,现金,晚上
9614,2022-09-11,冰咖啡,饮品,40,11,440,现金,早晨
9615,2022-09-11,法兰基卷,快餐,50,10,500,在线支付,下午
9616,2022-09-11,法兰基卷,快餐,50,9,450,其他,傍晚
9617,2022-09-11,咖喱土豆球,快餐,20,6,120,在线支付,傍晚
9618,2022-09-11,咖喱土豆球,快餐,20,1,20,其他,午夜
9619,2022-09-11,瓦达汉堡,快餐,20,9,180,现金,午夜
9620,2022-09-11,招牌三明治,快餐,60,9,540,现金,傍晚
9621,2022-09-11,新鲜甘蔗汁,饮品,25,5,125,在线支付,晚上
9622,2022-09-11,咖喱土豆球,快餐,20,1,20,其他,傍晚
9623,2022-09-11,脆球点心,快餐,20,4,80,现金,晚上
9624,2022-09-11,瓦达汉堡,快餐,20,6,120,其他,下午
9625,2022-09-11,冰咖啡,饮品,40,9,360,其他,傍晚
9626,2022-09-11,冰咖啡,饮品,40,8,320,现金,下午
9627,2022-09-11,新鲜甘蔗汁,饮品,25,9,225,现金,傍晚
9628,2022-09-11,冰咖啡,饮品,40,13,520,在线支付,晚上
9629,2022-09-11,新鲜甘蔗汁,饮品,25,8,200,现金,傍晚
9630,2022-09-11,新鲜甘蔗汁,饮品,25,14,350,现金,傍晚
9631,2022-09-11,招牌三明治,快餐,60,7,420,现金,晚上
9632,2022-09-11,咖喱土豆球,快餐,20,15,300,在线支付,晚上
9633,2022-09-11,咖喱土豆球,快餐,20,11,220,现金,傍晚
9634,2022-09-11,瓦达汉堡,快餐,20,13,260,现金,午夜
9635,2022-09-11,脆球点心,快餐,20,8,160,在线支付,晚上
9636,2022-09-11,法兰基卷,快餐,50,3,150,在线支付,早晨
9637,2022-09-11,新鲜甘蔗汁,饮品,25,12,300,现金,午夜
9638,2022-09-11,冰咖啡,饮品,40,4,160,现金,早晨
9639,2022-09-11,咖喱土豆球,快餐,20,13,260,现金,早晨
9640,2022-09-11,冰咖啡,饮品,40,14,560,在线支付,下午
9641,2022-09-11,脆球点心,快餐,20,6,120,现金,傍晚
9642,2022-09-11,咖喱土豆球,快餐,20,1,20,在线支付,午夜
9643,2022-09-11,脆球点心,快餐,20,14,280,在线支付,午夜
9644,2022-09-11,新鲜甘蔗汁,饮品,25,7,175,现金,午夜
9645,2022-09-12,脆球点心,快餐,20,9,180,在线支付,傍晚
9646,2022-09-12,招牌三明治,快餐,60,6,360,在线支付,下午
9647,2022-09-12,脆球点心,快餐,20,3,60,在线支付,早晨
9648,2022-09-12,瓦达汉堡,快餐,20,6,120,现金,傍晚
9649,2022-09-12,瓦达汉堡,快餐,20,9,180,现金,傍晚
9650,2022-09-12,新鲜甘蔗汁,饮品,25,15,375,在线支付,午夜
9651,2022-09-12,脆球点心,快餐,20,9,180,在线支付,早晨
9652,2022-09-12,法兰基卷,快餐,50,13,650,在线支付,午夜
9653,2022-09-12,瓦达汉堡,快餐,20,6,120,现金,下午
9654,2022-09-12,咖喱土豆球,快餐,20,11,220,现金,晚上
9655,2022-09-12,招牌三明治,快餐,60,8,480,在线支付,晚上
9656,2022-09-12,咖喱土豆球,快餐,20,14,280,在线支付,傍晚
9657,2022-09-12,招牌三明治,快餐,60,10,600,在线支付,早晨
9658,2022-09-12,法兰基卷,快餐,50,10,500,现金,下午
9659,2022-09-12,新鲜甘蔗汁,饮品,25,15,375,现金,午夜
9660,2022-09-12,招牌三明治,快餐,60,2,120,在线支付,下午
9661,2022-09-12,新鲜甘蔗汁,饮品,25,3,75,其他,傍晚
9662,2022-09-12,咖喱土豆球,快餐,20,15,300,现金,下午
9663,2022-09-12,瓦达汉堡,快餐,20,5,100,在线支付,晚上
9664,2022-09-12,新鲜甘蔗汁,饮品,25,8,200,现金,晚上
9665,2022-09-12,冰咖啡,饮品,40,2,80,在线支付,傍晚
9666,2022-09-12,瓦达汉堡,快餐,20,8,160,现金,晚上
9667,2022-09-12,瓦达汉堡,快餐,20,2,40,在线支付,下午
9668,2022-09-12,新鲜甘蔗汁,饮品,25,15,375,其他,下午
9669,2022-09-12,冰咖啡,饮品,40,7,280,在线支付,下午
9670,2022-09-12,新鲜甘蔗汁,饮品,25,1,25,现金,晚上
9671,2022-09-12,冰咖啡,饮品,40,11,440,在线支付,晚上
9672,2022-09-12,咖喱土豆球,快餐,20,15,300,现金,午夜
9673,2022-09-12,冰咖啡,饮品,40,11,440,在线支付,傍晚
9674,2022-09-12,冰咖啡,饮品,40,9,360,在线支付,傍晚
9675,2022-09-12,新鲜甘蔗汁,饮品,25,3,75,现金,晚上
9676,2022-09-12,冰咖啡,饮品,40,11,440,其他,午夜
9677,2022-09-12,法兰基卷,快餐,50,15,750,现金,下午
9678,2022-09-12,瓦达汉堡,快餐,20,5,100,现金,下午
9679,2022-09-12,脆球点心,快餐,20,15,300,现金,晚上
9680,2022-09-12,新鲜甘蔗汁,饮品,25,3,75,现金,晚上
9681,2022-09-12,招牌三明治,快餐,60,9,540,现金,早晨
9682,2022-09-12,新鲜甘蔗汁,饮品,25,6,150,在线支付,早晨
9683,2022-09-12,招牌三明治,快餐,60,3,180,其他,傍晚
9684,2022-09-12,新鲜甘蔗汁,饮品,25,15,375,现金,傍晚
9685,2022-09-12,法兰基卷,快餐,50,10,500,其他,晚上
9686,2022-09-12,冰咖啡,饮品,40,6,240,在线支付,晚上
9687,2022-09-12,咖喱土豆球,快餐,20,1,20,在线支付,午夜
9688,2022-09-12,新鲜甘蔗汁,饮品,25,1,25,在线支付,晚上
9689,2022-09-12,冰咖啡,饮品,40,10,400,在线支付,傍晚
9690,2022-09-12,新鲜甘蔗汁,饮品,25,1,25,在线支付,傍晚
9691,2022-09-12,瓦达汉堡,快餐,20,11,220,在线支付,晚上
9692,2022-09-12,新鲜甘蔗汁,饮品,25,6,150,现金,晚上
9693,2022-09-12,瓦达汉堡,快餐,20,5,100,现金,午夜
9694,2022-09-12,法兰基卷,快餐,50,6,300,现金,早晨
9695,2022-09-12,新鲜甘蔗汁,饮品,25,6,150,现金,早晨
9696,2022-09-12,新鲜甘蔗汁,饮品,25,6,150,现金,午夜
9697,2022-09-12,冰咖啡,饮品,40,8,320,其他,傍晚
9698,2022-09-12,咖喱土豆球,快餐,20,14,280,其他,傍晚
9699,2022-09-12,法兰基卷,快餐,50,15,750,在线支付,午夜
9700,2022-09-12,招牌三明治,快餐,60,13,780,其他,傍晚
9701,2022-09-12,新鲜甘蔗汁,饮品,25,10,250,现金,午夜
9702,2022-09-12,法兰基卷,快餐,50,9,450,现金,晚上
9703,2022-09-12,法兰基卷,快餐,50,14,700,在线支付,傍晚
9704,2022-09-12,新鲜甘蔗汁,饮品,25,15,375,现金,早晨
9705,2022-09-12,瓦达汉堡,快餐,20,5,100,现金,晚上
9706,2022-09-12,瓦达汉堡,快餐,20,5,100,现金,下午
9707,2022-09-12,瓦达汉堡,快餐,20,9,180,现金,傍晚
9708,2022-09-12,冰咖啡,饮品,40,9,360,在线支付,晚上
9709,2022-09-12,冰咖啡,饮品,40,4,160,在线支付,午夜
9710,2022-09-12,脆球点心,快餐,20,15,300,在线支付,午夜
9711,2022-09-12,冰咖啡,饮品,40,1,40,在线支付,下午
9712,2022-09-12,冰咖啡,饮品,40,14,560,现金,晚上
9713,2022-09-12,法兰基卷,快餐,50,4,200,现金,晚上
9714,2022-09-12,咖喱土豆球,快餐,20,7,140,在线支付,晚上
9715,2022-09-12,新鲜甘蔗汁,饮品,25,6,150,在线支付,下午
9716,2022-09-12,法兰基卷,快餐,50,8,400,在线支付,傍晚
9717,2022-09-12,冰咖啡,饮品,40,10,400,在线支付,晚上
9718,2022-09-12,冰咖啡,饮品,40,10,400,在线支付,晚上
9719,2022-09-12,咖喱土豆球,快餐,20,6,120,现金,午夜
9720,2022-09-12,脆球点心,快餐,20,1,20,现金,晚上
9721,2022-09-12,新鲜甘蔗汁,饮品,25,9,225,在线支付,午夜
9722,2022-09-12,脆球点心,快餐,20,9,180,其他,傍晚
9723,2022-09-12,新鲜甘蔗汁,饮品,25,11,275,现金,午夜
9724,2022-09-12,新鲜甘蔗汁,饮品,25,5,125,现金,午夜
9725,2022-09-12,冰咖啡,饮品,40,11,440,在线支付,午夜
9726,2022-09-12,瓦达汉堡,快餐,20,11,220,现金,早晨
9727,2022-09-12,脆球点心,快餐,20,8,160,在线支付,下午
9728,2022-09-12,法兰基卷,快餐,50,11,550,在线支付,早晨
9729,2022-09-12,咖喱土豆球,快餐,20,10,200,现金,午夜
9730,2022-09-12,冰咖啡,饮品,40,11,440,在线支付,下午
9731,2022-09-12,招牌三明治,快餐,60,14,840,其他,晚上
9732,2022-09-12,新鲜甘蔗汁,饮品,25,9,225,在线支付,傍晚
9733,2022-09-12,脆球点心,快餐,20,7,140,现金,下午
9734,2022-09-12,法兰基卷,快餐,50,15,750,现金,午夜
9735,2022-09-12,招牌三明治,快餐,60,5,300,在线支付,晚上
9736,2022-09-12,冰咖啡,饮品,40,6,240,在线支付,午夜
9737,2022-09-12,法兰基卷,快餐,50,4,200,在线支付,早晨
9738,2022-09-12,招牌三明治,快餐,60,9,540,在线支付,午夜
9739,2022-09-12,新鲜甘蔗汁,饮品,25,4,100,在线支付,午夜
9740,2022-09-12,脆球点心,快餐,20,6,120,在线支付,傍晚
9741,2022-09-12,法兰基卷,快餐,50,12,600,在线支付,傍晚
9742,2022-09-12,咖喱土豆球,快餐,20,8,160,在线支付,晚上
9743,2022-09-12,法兰基卷,快餐,50,7,350,在线支付,午夜
9744,2022-09-12,瓦达汉堡,快餐,20,11,220,现金,早晨
9745,2022-09-12,冰咖啡,饮品,40,5,200,现金,傍晚
9746,2022-09-12,招牌三明治,快餐,60,7,420,现金,傍晚
9747,2022-09-12,咖喱土豆球,快餐,20,4,80,在线支付,午夜
9748,2022-09-12,脆球点心,快餐,20,8,160,现金,午夜
9749,2022-09-12,脆球点心,快餐,20,14,280,在线支付,傍晚
9750,2022-09-12,新鲜甘蔗汁,饮品,25,10,250,现金,早晨
9751,2022-09-12,冰咖啡,饮品,40,5,200,现金,午夜
9752,2022-09-12,冰咖啡,饮品,40,6,240,现金,下午
9753,2022-09-12,招牌三明治,快餐,60,15,900,其他,下午
9754,2022-09-12,瓦达汉堡,快餐,20,15,300,现金,下午
9755,2022-09-12,脆球点心,快餐,20,11,220,现金,午夜
9756,2022-09-12,新鲜甘蔗汁,饮品,25,9,225,在线支付,午夜
9757,2022-09-12,冰咖啡,饮品,40,14,560,现金,早晨
9758,2022-09-12,冰咖啡,饮品,40,12,480,现金,晚上
9759,2022-09-12,瓦达汉堡,快餐,20,10,200,现金,午夜
9760,2022-09-12,瓦达汉堡,快餐,20,8,160,现金,下午
9761,2022-09-12,新鲜甘蔗汁,饮品,25,15,375,现金,晚上
9762,2022-09-12,瓦达汉堡,快餐,20,1,20,现金,早晨
9763,2022-09-12,瓦达汉堡,快餐,20,5,100,现金,早晨
9764,2022-09-12,瓦达汉堡,快餐,20,13,260,现金,早晨
9765,2022-09-12,咖喱土豆球,快餐,20,11,220,在线支付,傍晚
9766,2022-09-12,招牌三明治,快餐,60,9,540,现金,晚上
9767,2022-09-12,脆球点心,快餐,20,8,160,现金,晚上
9768,2022-09-12,瓦达汉堡,快餐,20,7,140,其他,午夜
9769,2022-09-12,脆球点心,快餐,20,8,160,现金,早晨
9770,2022-09-12,瓦达汉堡,快餐,20,7,140,现金,傍晚
9771,2022-09-12,冰咖啡,饮品,40,7,280,现金,傍晚
9772,2022-09-12,法兰基卷,快餐,50,1,50,在线支付,早晨
9773,2022-09-12,咖喱土豆球,快餐,20,15,300,在线支付,晚上
9774,2022-09-12,咖喱土豆球,快餐,20,8,160,在线支付,晚上
9775,2022-09-12,冰咖啡,饮品,40,7,280,其他,晚上
9776,2022-09-12,瓦达汉堡,快餐,20,10,200,现金,晚上
9777,2022-09-12,瓦达汉堡,快餐,20,11,220,现金,早晨
9778,2022-09-12,新鲜甘蔗汁,饮品,25,1,25,现金,傍晚
9779,2022-09-12,冰咖啡,饮品,40,4,160,在线支付,下午
9780,2022-09-12,冰咖啡,饮品,40,3,120,在线支付,午夜
9781,2022-09-12,法兰基卷,快餐,50,4,200,在线支付,傍晚
9782,2022-09-13,咖喱土豆球,快餐,20,7,140,在线支付,傍晚
9783,2022-09-13,新鲜甘蔗汁,饮品,25,11,275,现金,下午
9784,2022-09-13,冰咖啡,饮品,40,12,480,其他,傍晚
9785,2022-09-13,脆球点心,快餐,20,6,120,现金,早晨
9786,2022-09-13,咖喱土豆球,快餐,20,6,120,在线支付,早晨
9787,2022-09-13,法兰基卷,快餐,50,8,400,现金,早晨
9788,2022-09-13,冰咖啡,饮品,40,15,600,现金,傍晚
9789,2022-09-13,咖喱土豆球,快餐,20,8,160,在线支付,午夜
9790,2022-09-13,瓦达汉堡,快餐,20,13,260,现金,早晨
9791,2022-09-13,冰咖啡,饮品,40,1,40,在线支付,晚上
9792,2022-09-13,冰咖啡,饮品,40,10,400,在线支付,下午
9793,2022-09-13,招牌三明治,快餐,60,7,420,现金,早晨
9794,2022-09-13,脆球点心,快餐,20,15,300,现金,晚上
9795,2022-09-13,冰咖啡,饮品,40,6,240,现金,傍晚
9796,2022-09-13,冰咖啡,饮品,40,13,520,在线支付,傍晚
9797,2022-09-13,脆球点心,快餐,20,10,200,现金,早晨
9798,2022-09-13,咖喱土豆球,快餐,20,5,100,现金,早晨
9799,2022-09-13,法兰基卷,快餐,50,2,100,现金,晚上
9800,2022-09-13,招牌三明治,快餐,60,6,360,在线支付,傍晚
9801,2022-09-13,咖喱土豆球,快餐,20,2,40,在线支付,傍晚
9802,2022-09-13,脆球点心,快餐,20,5,100,在线支付,下午
9803,2022-09-13,咖喱土豆球,快餐,20,2,40,现金,晚上
9804,2022-09-13,冰咖啡,饮品,40,1,40,在线支付,下午
9805,2022-09-13,脆球点心,快餐,20,10,200,在线支付,早晨
9806,2022-09-13,脆球点心,快餐,20,8,160,现金,早晨
9807,2022-09-13,咖喱土豆球,快餐,20,13,260,现金,下午
9808,2022-09-13,新鲜甘蔗汁,饮品,25,6,150,在线支付,傍晚
9809,2022-09-13,冰咖啡,饮品,40,9,360,现金,午夜
9810,2022-09-13,招牌三明治,快餐,60,9,540,在线支付,下午
9811,2022-09-13,招牌三明治,快餐,60,7,420,在线支付,傍晚
9812,2022-09-13,瓦达汉堡,快餐,20,2,40,在线支付,晚上
9813,2022-09-13,新鲜甘蔗汁,饮品,25,12,300,在线支付,傍晚
9814,2022-09-13,招牌三明治,快餐,60,11,660,在线支付,午夜
9815,2022-09-13,新鲜甘蔗汁,饮品,25,5,125,在线支付,午夜
9816,2022-09-13,新鲜甘蔗汁,饮品,25,15,375,在线支付,午夜
9817,2022-09-13,咖喱土豆球,快餐,20,2,40,在线支付,傍晚
9818,2022-09-13,新鲜甘蔗汁,饮品,25,9,225,其他,午夜
9819,2022-09-13,冰咖啡,饮品,40,10,400,其他,早晨
9820,2022-09-13,咖喱土豆球,快餐,20,6,120,在线支付,下午
9821,2022-09-13,新鲜甘蔗汁,饮品,25,7,175,在线支付,午夜
9822,2022-09-13,脆球点心,快餐,20,15,300,现金,早晨
9823,2022-09-13,咖喱土豆球,快餐,20,5,100,现金,下午
9824,2022-09-13,咖喱土豆球,快餐,20,15,300,在线支付,晚上
9825,2022-09-13,招牌三明治,快餐,60,3,180,在线支付,下午
9826,2022-09-13,新鲜甘蔗汁,饮品,25,13,325,在线支付,傍晚
9827,2022-09-13,冰咖啡,饮品,40,13,520,在线支付,早晨
9828,2022-09-13,法兰基卷,快餐,50,4,200,在线支付,晚上
9829,2022-09-13,咖喱土豆球,快餐,20,5,100,现金,早晨
9830,2022-09-13,咖喱土豆球,快餐,20,13,260,其他,午夜
9831,2022-09-13,法兰基卷,快餐,50,13,650,现金,下午
9832,2022-09-13,咖喱土豆球,快餐,20,8,160,现金,傍晚
9833,2022-09-13,冰咖啡,饮品,40,6,240,在线支付,午夜
9834,2022-09-13,瓦达汉堡,快餐,20,5,100,现金,傍晚
9835,2022-09-13,法兰基卷,快餐,50,1,50,在线支付,早晨
9836,2022-09-13,新鲜甘蔗汁,饮品,25,7,175,现金,晚上
9837,2022-09-13,冰咖啡,饮品,40,6,240,其他,晚上
9838,2022-09-13,冰咖啡,饮品,40,9,360,其他,下午
9839,2022-09-13,咖喱土豆球,快餐,20,1,20,现金,傍晚
9840,2022-09-13,新鲜甘蔗汁,饮品,25,3,75,在线支付,午夜
9841,2022-09-13,冰咖啡,饮品,40,9,360,现金,午夜
9842,2022-09-13,招牌三明治,快餐,60,14,840,现金,晚上
9843,2022-09-13,招牌三明治,快餐,60,13,780,现金,午夜
9844,2022-09-13,脆球点心,快餐,20,11,220,其他,晚上
9845,2022-09-13,咖喱土豆球,快餐,20,10,200,现金,傍晚
9846,2022-09-13,瓦达汉堡,快餐,20,14,280,现金,晚上
9847,2022-09-13,新鲜甘蔗汁,饮品,25,9,225,其他,傍晚
9848,2022-09-13,脆球点心,快餐,20,1,20,在线支付,傍晚
9849,2022-09-13,法兰基卷,快餐,50,8,400,现金,下午
9850,2022-09-13,冰咖啡,饮品,40,1,40,现金,早晨
9851,2022-09-13,瓦达汉堡,快餐,20,9,180,在线支付,晚上
9852,2022-09-13,法兰基卷,快餐,50,12,600,在线支付,早晨
9853,2022-09-13,脆球点心,快餐,20,13,260,现金,午夜
9854,2022-09-13,冰咖啡,饮品,40,5,200,现金,午夜
9855,2022-09-13,法兰基卷,快餐,50,11,550,现金,下午
9856,2022-09-13,法兰基卷,快餐,50,11,550,在线支付,早晨
9857,2022-09-13,冰咖啡,饮品,40,6,240,现金,晚上
9858,2022-09-13,咖喱土豆球,快餐,20,1,20,现金,午夜
9859,2022-09-13,招牌三明治,快餐,60,13,780,在线支付,晚上
9860,2022-09-13,新鲜甘蔗汁,饮品,25,15,375,现金,下午
9861,2022-09-13,瓦达汉堡,快餐,20,4,80,在线支付,晚上
9862,2022-09-13,招牌三明治,快餐,60,9,540,现金,下午
9863,2022-09-13,招牌三明治,快餐,60,6,360,在线支付,早晨
9864,2022-09-13,法兰基卷,快餐,50,8,400,现金,早晨
9865,2022-09-13,脆球点心,快餐,20,3,60,在线支付,下午
9866,2022-09-13,咖喱土豆球,快餐,20,15,300,现金,早晨
9867,2022-09-13,咖喱土豆球,快餐,20,8,160,在线支付,早晨
9868,2022-09-13,瓦达汉堡,快餐,20,9,180,在线支付,早晨
9869,2022-09-13,冰咖啡,饮品,40,11,440,现金,傍晚
9870,2022-09-13,招牌三明治,快餐,60,4,240,在线支付,早晨
9871,2022-09-13,脆球点心,快餐,20,12,240,其他,午夜
9872,2022-09-13,法兰基卷,快餐,50,6,300,其他,晚上
9873,2022-09-13,招牌三明治,快餐,60,12,720,现金,晚上
9874,2022-09-13,冰咖啡,饮品,40,7,280,在线支付,早晨
9875,2022-09-13,招牌三明治,快餐,60,13,780,在线支付,傍晚
9876,2022-09-13,脆球点心,快餐,20,15,300,在线支付,傍晚
9877,2022-09-13,法兰基卷,快餐,50,8,400,在线支付,傍晚
9878,2022-09-13,瓦达汉堡,快餐,20,15,300,其他,傍晚
9879,2022-09-13,咖喱土豆球,快餐,20,9,180,在线支付,午夜
9880,2022-09-13,法兰基卷,快餐,50,4,200,在线支付,下午
9881,2022-09-13,瓦达汉堡,快餐,20,9,180,现金,早晨
9882,2022-09-13,瓦达汉堡,快餐,20,9,180,在线支付,傍晚
9883,2022-09-13,冰咖啡,饮品,40,11,440,现金,傍晚
9884,2022-09-13,新鲜甘蔗汁,饮品,25,14,350,现金,午夜
9885,2022-09-13,招牌三明治,快餐,60,6,360,现金,晚上
9886,2022-09-13,新鲜甘蔗汁,饮品,25,9,225,在线支付,晚上
9887,2022-09-13,冰咖啡,饮品,40,11,440,在线支付,下午
9888,2022-09-13,招牌三明治,快餐,60,1,60,现金,午夜
9889,2022-09-13,脆球点心,快餐,20,1,20,在线支付,晚上
9890,2022-09-13,咖喱土豆球,快餐,20,7,140,现金,下午
9891,2022-09-13,咖喱土豆球,快餐,20,4,80,现金,午夜
9892,2022-09-13,瓦达汉堡,快餐,20,4,80,在线支付,午夜
9893,2022-09-13,瓦达汉堡,快餐,20,7,140,其他,早晨
9894,2022-09-13,瓦达汉堡,快餐,20,11,220,现金,早晨
9895,2022-09-13,新鲜甘蔗汁,饮品,25,10,250,在线支付,晚上
9896,2022-09-13,法兰基卷,快餐,50,8,400,在线支付,傍晚
9897,2022-09-13,脆球点心,快餐,20,6,120,现金,下午
9898,2022-09-13,新鲜甘蔗汁,饮品,25,7,175,现金,晚上
9899,2022-09-13,冰咖啡,饮品,40,11,440,在线支付,下午
9900,2022-09-13,咖喱土豆球,快餐,20,15,300,现金,傍晚
9901,2022-09-13,咖喱土豆球,快餐,20,12,240,在线支付,早晨
9902,2022-09-13,冰咖啡,饮品,40,4,160,其他,晚上
9903,2022-09-13,咖喱土豆球,快餐,20,14,280,在线支付,晚上
9904,2022-09-13,脆球点心,快餐,20,4,80,现金,傍晚
9905,2022-09-13,脆球点心,快餐,20,9,180,现金,晚上
9906,2022-09-13,冰咖啡,饮品,40,7,280,现金,傍晚
9907,2022-09-13,瓦达汉堡,快餐,20,11,220,在线支付,午夜
9908,2022-09-13,冰咖啡,饮品,40,10,400,在线支付,下午
9909,2022-09-13,脆球点心,快餐,20,13,260,现金,下午
9910,2022-09-13,新鲜甘蔗汁,饮品,25,10,250,现金,早晨
9911,2022-09-13,新鲜甘蔗汁,饮品,25,8,200,在线支付,午夜
9912,2022-09-13,咖喱土豆球,快餐,20,5,100,现金,午夜
9913,2022-09-13,咖喱土豆球,快餐,20,7,140,在线支付,下午
9914,2022-09-13,咖喱土豆球,快餐,20,11,220,现金,晚上
9915,2022-09-13,新鲜甘蔗汁,饮品,25,2,50,在线支付,晚上
9916,2022-09-13,新鲜甘蔗汁,饮品,25,6,150,现金,下午
9917,2022-09-13,新鲜甘蔗汁,饮品,25,9,225,在线支付,午夜
9918,2022-09-13,脆球点心,快餐,20,2,40,在线支付,晚上
9919,2022-09-13,咖喱土豆球,快餐,20,10,200,其他,下午
9920,2022-09-14,法兰基卷,快餐,50,11,550,在线支付,晚上
9921,2022-09-14,脆球点心,快餐,20,1,20,现金,傍晚
9922,2022-09-14,咖喱土豆球,快餐,20,5,100,其他,早晨
9923,2022-09-14,瓦达汉堡,快餐,20,2,40,现金,傍晚
9924,2022-09-14,新鲜甘蔗汁,饮品,25,10,250,其他,傍晚
9925,2022-09-14,咖喱土豆球,快餐,20,3,60,在线支付,下午
9926,2022-09-14,瓦达汉堡,快餐,20,2,40,现金,下午
9927,2022-09-14,招牌三明治,快餐,60,11,660,现金,傍晚
9928,2022-09-14,瓦达汉堡,快餐,20,6,120,现金,早晨
9929,2022-09-14,法兰基卷,快餐,50,12,600,现金,午夜
9930,2022-09-14,冰咖啡,饮品,40,6,240,现金,下午
9931,2022-09-14,新鲜甘蔗汁,饮品,25,14,350,现金,下午
9932,2022-09-14,法兰基卷,快餐,50,10,500,现金,晚上
9933,2022-09-14,招牌三明治,快餐,60,6,360,现金,傍晚
9934,2022-09-14,新鲜甘蔗汁,饮品,25,13,325,其他,晚上
9935,2022-09-14,瓦达汉堡,快餐,20,15,300,在线支付,早晨
9936,2022-09-14,招牌三明治,快餐,60,6,360,现金,午夜
9937,2022-09-14,新鲜甘蔗汁,饮品,25,10,250,现金,傍晚
9938,2022-09-14,脆球点心,快餐,20,12,240,在线支付,午夜
9939,2022-09-14,脆球点心,快餐,20,8,160,在线支付,晚上
9940,2022-09-14,瓦达汉堡,快餐,20,13,260,在线支付,下午
9941,2022-09-14,脆球点心,快餐,20,2,40,现金,早晨
9942,2022-09-14,新鲜甘蔗汁,饮品,25,9,225,在线支付,午夜
9943,2022-09-14,新鲜甘蔗汁,饮品,25,8,200,在线支付,午夜
9944,2022-09-14,咖喱土豆球,快餐,20,7,140,其他,早晨
9945,2022-09-14,脆球点心,快餐,20,7,140,现金,早晨
9946,2022-09-14,法兰基卷,快餐,50,9,450,现金,下午
9947,2022-09-14,新鲜甘蔗汁,饮品,25,1,25,现金,傍晚
9948,2022-09-14,咖喱土豆球,快餐,20,13,260,现金,傍晚
9949,2022-09-14,咖喱土豆球,快餐,20,8,160,在线支付,傍晚
9950,2022-09-14,招牌三明治,快餐,60,10,600,在线支付,晚上
9951,2022-09-14,瓦达汉堡,快餐,20,5,100,现金,午夜
9952,2022-09-14,冰咖啡,饮品,40,8,320,现金,晚上
9953,2022-09-14,脆球点心,快餐,20,12,240,现金,傍晚
9954,2022-09-14,瓦达汉堡,快餐,20,9,180,现金,晚上
9955,2022-09-14,咖喱土豆球,快餐,20,8,160,现金,下午
9956,2022-09-14,新鲜甘蔗汁,饮品,25,4,100,在线支付,午夜
9957,2022-09-14,招牌三明治,快餐,60,8,480,现金,下午
9958,2022-09-14,招牌三明治,快餐,60,10,600,现金,午夜
9959,2022-09-14,瓦达汉堡,快餐,20,4,80,现金,晚上
9960,2022-09-14,脆球点心,快餐,20,9,180,在线支付,午夜
9961,2022-09-14,法兰基卷,快餐,50,6,300,现金,下午
9962,2022-09-14,脆球点心,快餐,20,12,240,在线支付,下午
9963,2022-09-14,咖喱土豆球,快餐,20,9,180,其他,午夜
9964,2022-09-14,冰咖啡,饮品,40,9,360,在线支付,晚上
9965,2022-09-14,法兰基卷,快餐,50,11,550,现金,傍晚
9966,2022-09-14,新鲜甘蔗汁,饮品,25,14,350,在线支付,下午
9967,2022-09-14,咖喱土豆球,快餐,20,8,160,其他,下午
9968,2022-09-14,咖喱土豆球,快餐,20,9,180,其他,下午
9969,2022-09-14,法兰基卷,快餐,50,8,400,在线支付,晚上
9970,2022-09-14,法兰基卷,快餐,50,3,150,在线支付,下午
9971,2022-09-14,法兰基卷,快餐,50,8,400,在线支付,傍晚
9972,2022-09-14,法兰基卷,快餐,50,15,750,在线支付,晚上
9973,2022-09-14,法兰基卷,快餐,50,5,250,现金,晚上
9974,2022-09-14,新鲜甘蔗汁,饮品,25,1,25,在线支付,傍晚
9975,2022-09-14,冰咖啡,饮品,40,1,40,在线支付,下午
9976,2022-09-14,脆球点心,快餐,20,11,220,在线支付,早晨
9977,2022-09-14,冰咖啡,饮品,40,10,400,现金,早晨
9978,2022-09-14,脆球点心,快餐,20,8,160,在线支付,下午
9979,2022-09-14,咖喱土豆球,快餐,20,7,140,现金,傍晚
9980,2022-09-14,咖喱土豆球,快餐,20,10,200,现金,傍晚
9981,2022-09-14,脆球点心,快餐,20,7,140,在线支付,傍晚
9982,2022-09-14,瓦达汉堡,快餐,20,15,300,在线支付,傍晚
9983,2022-09-14,瓦达汉堡,快餐,20,11,220,现金,傍晚
9984,2022-09-14,法兰基卷,快餐,50,1,50,现金,晚上
9985,2022-09-14,脆球点心,快餐,20,7,140,现金,早晨
9986,2022-09-14,冰咖啡,饮品,40,11,440,在线支付,下午
9987,2022-09-14,瓦达汉堡,快餐,20,5,100,在线支付,晚上
9988,2022-09-14,脆球点心,快餐,20,4,80,现金,午夜
9989,2022-09-14,新鲜甘蔗汁,饮品,25,8,200,在线支付,傍晚
9990,2022-09-14,招牌三明治,快餐,60,8,480,现金,下午
9991,2022-09-14,法兰基卷,快餐,50,14,700,现金,傍晚
9992,2022-09-14,咖喱土豆球,快餐,20,10,200,现金,傍晚
9993,2022-09-14,脆球点心,快餐,20,3,60,现金,晚上
9994,2022-09-14,新鲜甘蔗汁,饮品,25,4,100,现金,午夜
9995,2022-09-14,咖喱土豆球,快餐,20,13,260,现金,下午
9996,2022-09-14,法兰基卷,快餐,50,11,550,在线支付,午夜
9997,2022-09-14,招牌三明治,快餐,60,2,120,其他,晚上
9998,2022-09-14,脆球点心,快餐,20,14,280,在线支付,早晨
9999,2022-09-14,冰咖啡,饮品,40,2,80,现金,早晨
10000,2022-09-14,法兰基卷,快餐,50,4,200,在线支付,晚上
10001,2022-09-14,冰咖啡,饮品,40,9,360,在线支付,午夜
10002,2022-09-14,招牌三明治,快餐,60,4,240,现金,早晨
10003,2022-09-14,脆球点心,快餐,20,7,140,在线支付,午夜
10004,2022-09-14,脆球点心,快餐,20,9,180,现金,傍晚
10005,2022-09-14,新鲜甘蔗汁,饮品,25,10,250,在线支付,午夜
10006,2022-09-14,招牌三明治,快餐,60,7,420,在线支付,早晨
10007,2022-09-14,脆球点心,快餐,20,10,200,其他,午夜
10008,2022-09-14,脆球点心,快餐,20,8,160,现金,下午
10009,2022-09-14,招牌三明治,快餐,60,1,60,在线支付,早晨
10010,2022-09-14,瓦达汉堡,快餐,20,11,220,在线支付,下午
10011,2022-09-14,新鲜甘蔗汁,饮品,25,4,100,现金,傍晚
10012,2022-09-14,招牌三明治,快餐,60,11,660,现金,晚上
10013,2022-09-14,招牌三明治,快餐,60,10,600,在线支付,晚上
10014,2022-09-14,脆球点心,快餐,20,11,220,现金,晚上
10015,2022-09-14,新鲜甘蔗汁,饮品,25,8,200,在线支付,傍晚
10016,2022-09-14,新鲜甘蔗汁,饮品,25,14,350,现金,晚上
10017,2022-09-14,瓦达汉堡,快餐,20,6,120,在线支付,下午
10018,2022-09-14,瓦达汉堡,快餐,20,7,140,在线支付,晚上
10019,2022-09-14,脆球点心,快餐,20,7,140,在线支付,下午
10020,2022-09-14,招牌三明治,快餐,60,10,600,现金,早晨
10021,2022-09-14,咖喱土豆球,快餐,20,12,240,现金,晚上
10022,2022-09-14,脆球点心,快餐,20,10,200,现金,早晨
10023,2022-09-14,瓦达汉堡,快餐,20,2,40,现金,下午
10024,2022-09-14,脆球点心,快餐,20,1,20,现金,晚上
10025,2022-09-14,冰咖啡,饮品,40,1,40,现金,傍晚
10026,2022-09-14,瓦达汉堡,快餐,20,9,180,现金,早晨
10027,2022-09-14,冰咖啡,饮品,40,9,360,现金,晚上
10028,2022-09-14,新鲜甘蔗汁,饮品,25,12,300,在线支付,下午
10029,2022-09-14,咖喱土豆球,快餐,20,7,140,现金,午夜
10030,2022-09-14,脆球点心,快餐,20,14,280,在线支付,午夜
10031,2022-09-14,新鲜甘蔗汁,饮品,25,3,75,在线支付,午夜
10032,2022-09-14,咖喱土豆球,快餐,20,12,240,现金,下午
10033,2022-09-14,新鲜甘蔗汁,饮品,25,5,125,其他,晚上
10034,2022-09-14,咖喱土豆球,快餐,20,9,180,现金,下午
10035,2022-09-14,脆球点心,快餐,20,9,180,其他,午夜
10036,2022-09-14,瓦达汉堡,快餐,20,11,220,其他,晚上
10037,2022-09-14,冰咖啡,饮品,40,9,360,在线支付,早晨
10038,2022-09-14,冰咖啡,饮品,40,10,400,现金,午夜
10039,2022-09-14,冰咖啡,饮品,40,7,280,在线支付,早晨
10040,2022-09-14,法兰基卷,快餐,50,10,500,其他,早晨
10041,2022-09-14,瓦达汉堡,快餐,20,11,220,在线支付,傍晚
10042,2022-09-14,脆球点心,快餐,20,9,180,现金,傍晚
10043,2022-09-14,法兰基卷,快餐,50,14,700,现金,早晨
10044,2022-09-14,脆球点心,快餐,20,11,220,在线支付,午夜
10045,2022-09-14,新鲜甘蔗汁,饮品,25,8,200,现金,午夜
10046,2022-09-15,新鲜甘蔗汁,饮品,25,1,25,在线支付,晚上
10047,2022-09-15,咖喱土豆球,快餐,20,3,60,现金,傍晚
10048,2022-09-15,脆球点心,快餐,20,11,220,现金,傍晚
10049,2022-09-15,冰咖啡,饮品,40,9,360,在线支付,傍晚
10050,2022-09-15,法兰基卷,快餐,50,15,750,在线支付,晚上
10051,2022-09-15,冰咖啡,饮品,40,13,520,在线支付,傍晚
10052,2022-09-15,法兰基卷,快餐,50,7,350,其他,傍晚
10053,2022-09-15,新鲜甘蔗汁,饮品,25,9,225,现金,傍晚
10054,2022-09-15,咖喱土豆球,快餐,20,6,120,在线支付,下午
10055,2022-09-15,新鲜甘蔗汁,饮品,25,13,325,现金,下午
10056,2022-09-15,法兰基卷,快餐,50,10,500,现金,晚上
10057,2022-09-15,招牌三明治,快餐,60,6,360,在线支付,晚上
10058,2022-09-15,冰咖啡,饮品,40,7,280,现金,傍晚
10059,2022-09-15,新鲜甘蔗汁,饮品,25,4,100,在线支付,晚上
10060,2022-09-15,冰咖啡,饮品,40,9,360,在线支付,傍晚
10061,2022-09-15,法兰基卷,快餐,50,12,600,在线支付,傍晚
10062,2022-09-15,法兰基卷,快餐,50,14,700,在线支付,傍晚
10063,2022-09-15,法兰基卷,快餐,50,10,500,在线支付,下午
10064,2022-09-15,招牌三明治,快餐,60,7,420,在线支付,下午
10065,2022-09-15,咖喱土豆球,快餐,20,12,240,在线支付,下午
10066,2022-09-15,新鲜甘蔗汁,饮品,25,12,300,现金,下午
10067,2022-09-15,脆球点心,快餐,20,7,140,在线支付,早晨
10068,2022-09-15,新鲜甘蔗汁,饮品,25,8,200,现金,早晨
10069,2022-09-15,新鲜甘蔗汁,饮品,25,3,75,现金,下午
10070,2022-09-15,咖喱土豆球,快餐,20,13,260,现金,午夜
10071,2022-09-15,法兰基卷,快餐,50,12,600,在线支付,傍晚
10072,2022-09-15,脆球点心,快餐,20,8,160,在线支付,早晨
10073,2022-09-15,瓦达汉堡,快餐,20,14,280,在线支付,下午
10074,2022-09-15,咖喱土豆球,快餐,20,12,240,现金,晚上
10075,2022-09-15,瓦达汉堡,快餐,20,8,160,现金,早晨
10076,2022-09-15,法兰基卷,快餐,50,10,500,现金,午夜
10077,2022-09-15,法兰基卷,快餐,50,9,450,在线支付,下午
10078,2022-09-15,法兰基卷,快餐,50,10,500,在线支付,晚上
10079,2022-09-15,冰咖啡,饮品,40,12,480,在线支付,下午
10080,2022-09-15,冰咖啡,饮品,40,11,440,在线支付,傍晚
10081,2022-09-15,法兰基卷,快餐,50,8,400,现金,早晨
10082,2022-09-15,脆球点心,快餐,20,13,260,现金,早晨
10083,2022-09-15,瓦达汉堡,快餐,20,11,220,现金,早晨
10084,2022-09-15,脆球点心,快餐,20,2,40,在线支付,晚上
10085,2022-09-15,冰咖啡,饮品,40,1,40,现金,傍晚
10086,2022-09-15,冰咖啡,饮品,40,1,40,其他,下午
10087,2022-09-15,法兰基卷,快餐,50,7,350,在线支付,晚上
10088,2022-09-15,瓦达汉堡,快餐,20,15,300,现金,下午
10089,2022-09-15,脆球点心,快餐,20,6,120,现金,下午
10090,2022-09-15,新鲜甘蔗汁,饮品,25,6,150,在线支付,晚上
10091,2022-09-15,瓦达汉堡,快餐,20,8,160,现金,午夜
10092,2022-09-15,冰咖啡,饮品,40,7,280,现金,早晨
10093,2022-09-15,脆球点心,快餐,20,9,180,现金,晚上
10094,2022-09-15,法兰基卷,快餐,50,12,600,在线支付,下午
10095,2022-09-15,瓦达汉堡,快餐,20,10,200,现金,早晨
10096,2022-09-15,咖喱土豆球,快餐,20,15,300,现金,傍晚
10097,2022-09-15,咖喱土豆球,快餐,20,11,220,现金,午夜
10098,2022-09-15,新鲜甘蔗汁,饮品,25,14,350,现金,晚上
10099,2022-09-15,新鲜甘蔗汁,饮品,25,4,100,现金,早晨
10100,2022-09-15,冰咖啡,饮品,40,6,240,在线支付,下午
10101,2022-09-15,招牌三明治,快餐,60,11,660,现金,午夜
10102,2022-09-15,咖喱土豆球,快餐,20,10,200,现金,晚上
10103,2022-09-15,瓦达汉堡,快餐,20,9,180,现金,傍晚
10104,2022-09-15,冰咖啡,饮品,40,12,480,现金,傍晚
10105,2022-09-15,脆球点心,快餐,20,6,120,在线支付,傍晚
10106,2022-09-15,瓦达汉堡,快餐,20,15,300,在线支付,午夜
10107,2022-09-15,瓦达汉堡,快餐,20,12,240,现金,傍晚
10108,2022-09-15,脆球点心,快餐,20,11,220,在线支付,晚上
10109,2022-09-15,脆球点心,快餐,20,9,180,在线支付,午夜
10110,2022-09-15,脆球点心,快餐,20,5,100,现金,傍晚
10111,2022-09-15,新鲜甘蔗汁,饮品,25,11,275,现金,早晨
10112,2022-09-15,新鲜甘蔗汁,饮品,25,13,325,现金,晚上
10113,2022-09-15,咖喱土豆球,快餐,20,10,200,现金,下午
10114,2022-09-15,咖喱土豆球,快餐,20,12,240,在线支付,午夜
10115,2022-09-15,法兰基卷,快餐,50,4,200,现金,晚上
10116,2022-09-15,脆球点心,快餐,20,9,180,在线支付,午夜
10117,2022-09-15,法兰基卷,快餐,50,12,600,现金,晚上
10118,2022-09-15,脆球点心,快餐,20,12,240,在线支付,早晨
10119,2022-09-15,瓦达汉堡,快餐,20,6,120,在线支付,傍晚
10120,2022-09-15,咖喱土豆球,快餐,20,8,160,在线支付,下午
10121,2022-09-15,脆球点心,快餐,20,10,200,在线支付,下午
10122,2022-09-15,脆球点心,快餐,20,12,240,现金,早晨
10123,2022-09-15,新鲜甘蔗汁,饮品,25,11,275,其他,傍晚
10124,2022-09-15,招牌三明治,快餐,60,15,900,在线支付,傍晚
10125,2022-09-15,新鲜甘蔗汁,饮品,25,2,50,在线支付,午夜
10126,2022-09-15,瓦达汉堡,快餐,20,15,300,在线支付,下午
10127,2022-09-15,咖喱土豆球,快餐,20,8,160,现金,午夜
10128,2022-09-15,招牌三明治,快餐,60,13,780,其他,傍晚
10129,2022-09-15,新鲜甘蔗汁,饮品,25,8,200,现金,晚上
10130,2022-09-15,脆球点心,快餐,20,3,60,现金,傍晚
10131,2022-09-15,咖喱土豆球,快餐,20,13,260,现金,下午
10132,2022-09-15,新鲜甘蔗汁,饮品,25,4,100,在线支付,早晨
10133,2022-09-15,瓦达汉堡,快餐,20,10,200,现金,早晨
10134,2022-09-15,咖喱土豆球,快餐,20,3,60,其他,早晨
10135,2022-09-15,招牌三明治,快餐,60,7,420,在线支付,下午
10136,2022-09-15,冰咖啡,饮品,40,8,320,现金,下午
10137,2022-09-15,法兰基卷,快餐,50,15,750,现金,晚上
10138,2022-09-15,冰咖啡,饮品,40,7,280,在线支付,下午
10139,2022-09-15,脆球点心,快餐,20,12,240,现金,傍晚
10140,2022-09-15,新鲜甘蔗汁,饮品,25,3,75,现金,早晨
10141,2022-09-15,咖喱土豆球,快餐,20,12,240,在线支付,傍晚
10142,2022-09-15,法兰基卷,快餐,50,3,150,现金,午夜
10143,2022-09-15,冰咖啡,饮品,40,10,400,其他,晚上
10144,2022-09-15,脆球点心,快餐,20,5,100,在线支付,午夜
10145,2022-09-15,法兰基卷,快餐,50,7,350,在线支付,午夜
10146,2022-09-15,咖喱土豆球,快餐,20,10,200,现金,早晨
10147,2022-09-15,咖喱土豆球,快餐,20,15,300,在线支付,午夜
10148,2022-09-15,瓦达汉堡,快餐,20,1,20,在线支付,下午
10149,2022-09-15,脆球点心,快餐,20,15,300,现金,傍晚
10150,2022-09-15,脆球点心,快餐,20,7,140,现金,早晨
10151,2022-09-15,冰咖啡,饮品,40,10,400,在线支付,早晨
10152,2022-09-15,法兰基卷,快餐,50,12,600,在线支付,晚上
10153,2022-09-15,咖喱土豆球,快餐,20,6,120,其他,早晨
10154,2022-09-15,脆球点心,快餐,20,1,20,在线支付,午夜
10155,2022-09-15,瓦达汉堡,快餐,20,6,120,在线支付,下午
10156,2022-09-15,冰咖啡,饮品,40,6,240,现金,下午
10157,2022-09-15,新鲜甘蔗汁,饮品,25,8,200,在线支付,下午
10158,2022-09-15,脆球点心,快餐,20,6,120,在线支付,傍晚
10159,2022-09-15,法兰基卷,快餐,50,13,650,在线支付,下午
10160,2022-09-15,瓦达汉堡,快餐,20,1,20,在线支付,傍晚
10161,2022-09-15,新鲜甘蔗汁,饮品,25,3,75,在线支付,下午
10162,2022-09-15,瓦达汉堡,快餐,20,11,220,在线支付,午夜
10163,2022-09-15,脆球点心,快餐,20,3,60,在线支付,晚上
10164,2022-09-15,瓦达汉堡,快餐,20,15,300,现金,傍晚
10165,2022-09-15,新鲜甘蔗汁,饮品,25,11,275,在线支付,下午
10166,2022-09-15,咖喱土豆球,快餐,20,3,60,现金,午夜
10167,2022-09-15,新鲜甘蔗汁,饮品,25,14,350,现金,下午
10168,2022-09-15,瓦达汉堡,快餐,20,10,200,现金,晚上
10169,2022-09-15,招牌三明治,快餐,60,10,600,其他,傍晚
10170,2022-09-15,咖喱土豆球,快餐,20,2,40,现金,午夜
10171,2022-09-15,脆球点心,快餐,20,3,60,现金,午夜
10172,2022-09-15,冰咖啡,饮品,40,9,360,在线支付,下午
10173,2022-09-15,冰咖啡,饮品,40,2,80,现金,晚上
10174,2022-09-15,招牌三明治,快餐,60,7,420,现金,早晨
10175,2022-09-15,脆球点心,快餐,20,3,60,现金,午夜
10176,2022-09-15,咖喱土豆球,快餐,20,5,100,在线支付,晚上
10177,2022-09-15,招牌三明治,快餐,60,3,180,现金,午夜
10178,2022-09-15,脆球点心,快餐,20,8,160,现金,傍晚
10179,2022-09-15,法兰基卷,快餐,50,5,250,在线支付,下午
10180,2022-09-15,咖喱土豆球,快餐,20,1,20,在线支付,早晨
10181,2022-09-15,脆球点心,快餐,20,9,180,在线支付,下午
10182,2022-09-15,新鲜甘蔗汁,饮品,25,6,150,其他,下午
10183,2022-09-15,脆球点心,快餐,20,15,300,在线支付,傍晚
10184,2022-09-15,脆球点心,快餐,20,1,20,现金,午夜
10185,2022-09-15,脆球点心,快餐,20,6,120,现金,早晨
10186,2022-09-15,招牌三明治,快餐,60,15,900,现金,午夜
10187,2022-09-15,招牌三明治,快餐,60,4,240,其他,午夜
10188,2022-09-15,冰咖啡,饮品,40,2,80,现金,下午
10189,2022-09-15,招牌三明治,快餐,60,9,540,在线支付,早晨
10190,2022-09-15,招牌三明治,快餐,60,11,660,现金,晚上
10191,2022-09-15,脆球点心,快餐,20,4,80,在线支付,午夜
10192,2022-09-15,新鲜甘蔗汁,饮品,25,5,125,现金,午夜
10193,2022-09-15,咖喱土豆球,快餐,20,1,20,其他,早晨
10194,2022-09-15,咖喱土豆球,快餐,20,8,160,在线支付,早晨
10195,2022-09-16,招牌三明治,快餐,60,8,480,其他,早晨
10196,2022-09-16,新鲜甘蔗汁,饮品,25,9,225,在线支付,下午
10197,2022-09-16,新鲜甘蔗汁,饮品,25,13,325,其他,晚上
10198,2022-09-16,新鲜甘蔗汁,饮品,25,12,300,在线支付,早晨
10199,2022-09-16,冰咖啡,饮品,40,6,240,现金,早晨
10200,2022-09-16,法兰基卷,快餐,50,10,500,在线支付,晚上
10201,2022-09-16,冰咖啡,饮品,40,10,400,在线支付,下午
10202,2022-09-16,招牌三明治,快餐,60,9,540,现金,晚上
10203,2022-09-16,脆球点心,快餐,20,8,160,在线支付,下午
10204,2022-09-16,法兰基卷,快餐,50,11,550,现金,晚上
10205,2022-09-16,招牌三明治,快餐,60,4,240,在线支付,下午
10206,2022-09-16,冰咖啡,饮品,40,14,560,在线支付,午夜
10207,2022-09-16,新鲜甘蔗汁,饮品,25,14,350,其他,午夜
10208,2022-09-16,招牌三明治,快餐,60,13,780,在线支付,晚上
10209,2022-09-16,法兰基卷,快餐,50,12,600,现金,午夜
10210,2022-09-16,冰咖啡,饮品,40,2,80,现金,晚上
10211,2022-09-16,新鲜甘蔗汁,饮品,25,7,175,现金,下午
10212,2022-09-16,咖喱土豆球,快餐,20,12,240,在线支付,晚上
10213,2022-09-16,冰咖啡,饮品,40,9,360,现金,早晨
10214,2022-09-16,瓦达汉堡,快餐,20,9,180,其他,早晨
10215,2022-09-16,冰咖啡,饮品,40,8,320,在线支付,晚上
10216,2022-09-16,法兰基卷,快餐,50,8,400,现金,晚上
10217,2022-09-16,冰咖啡,饮品,40,1,40,在线支付,午夜
10218,2022-09-16,新鲜甘蔗汁,饮品,25,9,225,现金,晚上
10219,2022-09-16,咖喱土豆球,快餐,20,2,40,现金,傍晚
10220,2022-09-16,脆球点心,快餐,20,8,160,现金,午夜
10221,2022-09-16,咖喱土豆球,快餐,20,6,120,在线支付,午夜
10222,2022-09-16,招牌三明治,快餐,60,1,60,现金,下午
10223,2022-09-16,招牌三明治,快餐,60,15,900,在线支付,晚上
10224,2022-09-16,瓦达汉堡,快餐,20,10,200,现金,午夜
10225,2022-09-16,招牌三明治,快餐,60,7,420,在线支付,晚上
10226,2022-09-16,新鲜甘蔗汁,饮品,25,11,275,现金,傍晚
10227,2022-09-16,瓦达汉堡,快餐,20,7,140,在线支付,晚上
10228,2022-09-16,新鲜甘蔗汁,饮品,25,6,150,现金,午夜
10229,2022-09-16,脆球点心,快餐,20,12,240,在线支付,午夜
10230,2022-09-16,脆球点心,快餐,20,6,120,在线支付,晚上
10231,2022-09-16,法兰基卷,快餐,50,12,600,在线支付,下午
10232,2022-09-16,咖喱土豆球,快餐,20,4,80,在线支付,早晨
10233,2022-09-16,脆球点心,快餐,20,4,80,现金,早晨
10234,2022-09-16,冰咖啡,饮品,40,11,440,其他,傍晚
10235,2022-09-16,招牌三明治,快餐,60,1,60,其他,傍晚
10236,2022-09-16,脆球点心,快餐,20,10,200,在线支付,下午
10237,2022-09-16,脆球点心,快餐,20,2,40,在线支付,下午
10238,2022-09-16,脆球点心,快餐,20,4,80,现金,下午
10239,2022-09-16,招牌三明治,快餐,60,6,360,现金,晚上
10240,2022-09-16,冰咖啡,饮品,40,7,280,现金,午夜
10241,2022-09-16,新鲜甘蔗汁,饮品,25,6,150,在线支付,晚上
10242,2022-09-16,脆球点心,快餐,20,11,220,其他,午夜
10243,2022-09-16,咖喱土豆球,快餐,20,15,300,现金,晚上
10244,2022-09-16,冰咖啡,饮品,40,9,360,在线支付,午夜
10245,2022-09-16,新鲜甘蔗汁,饮品,25,5,125,现金,下午
10246,2022-09-16,脆球点心,快餐,20,4,80,在线支付,傍晚
10247,2022-09-16,脆球点心,快餐,20,1,20,在线支付,午夜
10248,2022-09-16,冰咖啡,饮品,40,5,200,现金,午夜
10249,2022-09-16,招牌三明治,快餐,60,5,300,在线支付,下午
10250,2022-09-16,脆球点心,快餐,20,15,300,现金,下午
10251,2022-09-16,脆球点心,快餐,20,4,80,现金,傍晚
10252,2022-09-16,咖喱土豆球,快餐,20,10,200,其他,傍晚
10253,2022-09-16,招牌三明治,快餐,60,14,840,现金,下午
10254,2022-09-16,脆球点心,快餐,20,7,140,其他,下午
10255,2022-09-16,脆球点心,快餐,20,9,180,在线支付,午夜
10256,2022-09-16,法兰基卷,快餐,50,2,100,现金,午夜
10257,2022-09-16,法兰基卷,快餐,50,3,150,其他,晚上
10258,2022-09-16,法兰基卷,快餐,50,6,300,在线支付,下午
10259,2022-09-16,冰咖啡,饮品,40,6,240,其他,傍晚
10260,2022-09-16,冰咖啡,饮品,40,15,600,现金,下午
10261,2022-09-16,新鲜甘蔗汁,饮品,25,7,175,现金,晚上
10262,2022-09-16,脆球点心,快餐,20,13,260,现金,晚上
10263,2022-09-16,招牌三明治,快餐,60,12,720,现金,傍晚
10264,2022-09-16,冰咖啡,饮品,40,10,400,在线支付,早晨
10265,2022-09-16,新鲜甘蔗汁,饮品,25,8,200,在线支付,下午
10266,2022-09-16,咖喱土豆球,快餐,20,9,180,在线支付,晚上
10267,2022-09-16,新鲜甘蔗汁,饮品,25,5,125,其他,早晨
10268,2022-09-16,法兰基卷,快餐,50,8,400,在线支付,晚上
10269,2022-09-16,招牌三明治,快餐,60,9,540,在线支付,晚上
10270,2022-09-16,新鲜甘蔗汁,饮品,25,9,225,现金,早晨
10271,2022-09-16,新鲜甘蔗汁,饮品,25,8,200,现金,晚上
10272,2022-09-16,冰咖啡,饮品,40,15,600,在线支付,下午
10273,2022-09-16,脆球点心,快餐,20,10,200,其他,下午
10274,2022-09-16,招牌三明治,快餐,60,10,600,现金,早晨
10275,2022-09-16,新鲜甘蔗汁,饮品,25,1,25,其他,下午
10276,2022-09-16,咖喱土豆球,快餐,20,8,160,现金,早晨
10277,2022-09-16,脆球点心,快餐,20,6,120,现金,下午
10278,2022-09-16,法兰基卷,快餐,50,3,150,在线支付,下午
10279,2022-09-16,咖喱土豆球,快餐,20,5,100,在线支付,傍晚
10280,2022-09-16,新鲜甘蔗汁,饮品,25,9,225,在线支付,下午
10281,2022-09-16,咖喱土豆球,快餐,20,10,200,在线支付,傍晚
10282,2022-09-16,招牌三明治,快餐,60,12,720,现金,晚上
10283,2022-09-16,瓦达汉堡,快餐,20,7,140,在线支付,傍晚
10284,2022-09-16,新鲜甘蔗汁,饮品,25,11,275,在线支付,晚上
10285,2022-09-16,新鲜甘蔗汁,饮品,25,7,175,其他,下午
10286,2022-09-16,冰咖啡,饮品,40,6,240,现金,晚上
10287,2022-09-16,冰咖啡,饮品,40,10,400,现金,早晨
10288,2022-09-16,脆球点心,快餐,20,1,20,现金,下午
10289,2022-09-16,咖喱土豆球,快餐,20,11,220,在线支付,晚上
10290,2022-09-16,脆球点心,快餐,20,15,300,现金,下午
10291,2022-09-16,冰咖啡,饮品,40,15,600,其他,傍晚
10292,2022-09-16,瓦达汉堡,快餐,20,1,20,现金,早晨
10293,2022-09-16,新鲜甘蔗汁,饮品,25,14,350,其他,下午
10294,2022-09-16,脆球点心,快餐,20,7,140,现金,傍晚
10295,2022-09-16,瓦达汉堡,快餐,20,13,260,在线支付,傍晚
10296,2022-09-16,脆球点心,快餐,20,14,280,现金,晚上
10297,2022-09-16,新鲜甘蔗汁,饮品,25,1,25,在线支付,晚上
10298,2022-09-16,新鲜甘蔗汁,饮品,25,8,200,在线支付,傍晚
10299,2022-09-16,脆球点心,快餐,20,4,80,在线支付,傍晚
10300,2022-09-16,招牌三明治,快餐,60,14,840,现金,傍晚
10301,2022-09-16,法兰基卷,快餐,50,11,550,现金,傍晚
10302,2022-09-16,招牌三明治,快餐,60,8,480,现金,早晨
10303,2022-09-16,招牌三明治,快餐,60,12,720,在线支付,晚上
10304,2022-09-16,瓦达汉堡,快餐,20,10,200,现金,傍晚
10305,2022-09-16,法兰基卷,快餐,50,7,350,现金,午夜
10306,2022-09-16,脆球点心,快餐,20,5,100,在线支付,傍晚
10307,2022-09-16,冰咖啡,饮品,40,11,440,现金,午夜
10308,2022-09-16,法兰基卷,快餐,50,9,450,现金,早晨
10309,2022-09-16,瓦达汉堡,快餐,20,7,140,其他,傍晚
10310,2022-09-16,招牌三明治,快餐,60,8,480,在线支付,晚上
10311,2022-09-16,冰咖啡,饮品,40,3,120,现金,早晨
10312,2022-09-16,招牌三明治,快餐,60,6,360,在线支付,晚上
10313,2022-09-16,脆球点心,快餐,20,6,120,现金,傍晚
10314,2022-09-16,脆球点心,快餐,20,2,40,现金,傍晚
10315,2022-09-16,瓦达汉堡,快餐,20,4,80,现金,午夜
10316,2022-09-16,招牌三明治,快餐,60,12,720,其他,早晨
10317,2022-09-16,新鲜甘蔗汁,饮品,25,4,100,在线支付,下午
10318,2022-09-16,咖喱土豆球,快餐,20,10,200,在线支付,早晨
10319,2022-09-16,脆球点心,快餐,20,7,140,现金,早晨
10320,2022-09-16,新鲜甘蔗汁,饮品,25,15,375,现金,午夜
10321,2022-09-16,脆球点心,快餐,20,6,120,现金,晚上
10322,2022-09-16,新鲜甘蔗汁,饮品,25,10,250,现金,下午
10323,2022-09-16,冰咖啡,饮品,40,12,480,在线支付,傍晚
10324,2022-09-16,冰咖啡,饮品,40,10,400,在线支付,早晨
10325,2022-09-16,法兰基卷,快餐,50,6,300,现金,早晨
10326,2022-09-16,招牌三明治,快餐,60,6,360,在线支付,下午
10327,2022-09-16,咖喱土豆球,快餐,20,11,220,现金,晚上
10328,2022-09-16,瓦达汉堡,快餐,20,11,220,其他,下午
10329,2022-09-16,瓦达汉堡,快餐,20,10,200,在线支付,午夜
10330,2022-09-16,瓦达汉堡,快餐,20,6,120,其他,下午
10331,2022-09-16,法兰基卷,快餐,50,8,400,现金,午夜
10332,2022-09-16,咖喱土豆球,快餐,20,15,300,其他,傍晚
10333,2022-09-16,脆球点心,快餐,20,6,120,现金,早晨
10334,2022-09-16,冰咖啡,饮品,40,6,240,在线支付,下午
10335,2022-09-16,法兰基卷,快餐,50,3,150,现金,下午
10336,2022-09-16,冰咖啡,饮品,40,7,280,在线支付,早晨
10337,2022-09-16,新鲜甘蔗汁,饮品,25,12,300,其他,早晨
10338,2022-09-16,法兰基卷,快餐,50,14,700,在线支付,下午
10339,2022-09-16,新鲜甘蔗汁,饮品,25,12,300,在线支付,晚上
10340,2022-09-16,新鲜甘蔗汁,饮品,25,10,250,其他,晚上
10341,2022-09-16,冰咖啡,饮品,40,1,40,在线支付,下午
10342,2022-09-16,冰咖啡,饮品,40,11,440,其他,傍晚
10343,2022-09-16,脆球点心,快餐,20,15,300,其他,晚上
10344,2022-09-16,咖喱土豆球,快餐,20,8,160,其他,傍晚
10345,2022-09-16,招牌三明治,快餐,60,11,660,现金,早晨
10346,2022-09-16,法兰基卷,快餐,50,12,600,现金,午夜
10347,2022-09-16,招牌三明治,快餐,60,1,60,现金,傍晚
10348,2022-09-17,新鲜甘蔗汁,饮品,25,6,150,现金,午夜
10349,2022-09-17,法兰基卷,快餐,50,1,50,在线支付,下午
10350,2022-09-17,瓦达汉堡,快餐,20,10,200,现金,傍晚
10351,2022-09-17,脆球点心,快餐,20,10,200,在线支付,午夜
10352,2022-09-17,冰咖啡,饮品,40,4,160,在线支付,午夜
10353,2022-09-17,咖喱土豆球,快餐,20,4,80,现金,下午
10354,2022-09-17,招牌三明治,快餐,60,10,600,现金,傍晚
10355,2022-09-17,法兰基卷,快餐,50,13,650,在线支付,晚上
10356,2022-09-17,法兰基卷,快餐,50,12,600,在线支付,下午
10357,2022-09-17,脆球点心,快餐,20,3,60,现金,傍晚
10358,2022-09-17,咖喱土豆球,快餐,20,9,180,现金,午夜
10359,2022-09-17,瓦达汉堡,快餐,20,7,140,现金,早晨
10360,2022-09-17,招牌三明治,快餐,60,14,840,在线支付,午夜
10361,2022-09-17,法兰基卷,快餐,50,12,600,现金,早晨
10362,2022-09-17,法兰基卷,快餐,50,14,700,现金,下午
10363,2022-09-17,新鲜甘蔗汁,饮品,25,3,75,现金,下午
10364,2022-09-17,冰咖啡,饮品,40,2,80,其他,晚上
10365,2022-09-17,招牌三明治,快餐,60,15,900,现金,下午
10366,2022-09-17,法兰基卷,快餐,50,9,450,现金,傍晚
10367,2022-09-17,新鲜甘蔗汁,饮品,25,1,25,现金,午夜
10368,2022-09-17,脆球点心,快餐,20,5,100,其他,早晨
10369,2022-09-17,冰咖啡,饮品,40,7,280,在线支付,傍晚
10370,2022-09-17,招牌三明治,快餐,60,7,420,在线支付,早晨
10371,2022-09-17,冰咖啡,饮品,40,13,520,在线支付,傍晚
10372,2022-09-17,冰咖啡,饮品,40,8,320,在线支付,下午
10373,2022-09-17,招牌三明治,快餐,60,15,900,在线支付,早晨
10374,2022-09-17,法兰基卷,快餐,50,12,600,在线支付,傍晚
10375,2022-09-17,法兰基卷,快餐,50,2,100,现金,午夜
10376,2022-09-17,咖喱土豆球,快餐,20,12,240,在线支付,傍晚
10377,2022-09-17,咖喱土豆球,快餐,20,8,160,在线支付,晚上
10378,2022-09-17,新鲜甘蔗汁,饮品,25,3,75,其他,早晨
10379,2022-09-17,冰咖啡,饮品,40,8,320,现金,下午
10380,2022-09-17,脆球点心,快餐,20,7,140,在线支付,下午
10381,2022-09-17,招牌三明治,快餐,60,5,300,现金,午夜
10382,2022-09-17,瓦达汉堡,快餐,20,9,180,现金,午夜
10383,2022-09-17,咖喱土豆球,快餐,20,1,20,现金,晚上
10384,2022-09-17,法兰基卷,快餐,50,9,450,在线支付,午夜
10385,2022-09-17,瓦达汉堡,快餐,20,11,220,现金,傍晚
10386,2022-09-17,瓦达汉堡,快餐,20,10,200,现金,下午
10387,2022-09-17,法兰基卷,快餐,50,8,400,在线支付,早晨
10388,2022-09-17,咖喱土豆球,快餐,20,9,180,现金,下午
10389,2022-09-17,瓦达汉堡,快餐,20,2,40,现金,傍晚
10390,2022-09-17,冰咖啡,饮品,40,9,360,现金,午夜
10391,2022-09-17,冰咖啡,饮品,40,8,320,在线支付,傍晚
10392,2022-09-17,脆球点心,快餐,20,13,260,在线支付,下午
10393,2022-09-17,脆球点心,快餐,20,13,260,其他,下午
10394,2022-09-17,脆球点心,快餐,20,8,160,在线支付,傍晚
10395,2022-09-17,咖喱土豆球,快餐,20,2,40,现金,傍晚
10396,2022-09-17,招牌三明治,快餐,60,13,780,现金,午夜
10397,2022-09-17,脆球点心,快餐,20,12,240,在线支付,午夜
10398,2022-09-17,脆球点心,快餐,20,2,40,现金,早晨
10399,2022-09-17,新鲜甘蔗汁,饮品,25,5,125,在线支付,晚上
10400,2022-09-17,新鲜甘蔗汁,饮品,25,8,200,现金,下午
10401,2022-09-17,咖喱土豆球,快餐,20,9,180,在线支付,晚上
10402,2022-09-17,法兰基卷,快餐,50,13,650,在线支付,午夜
10403,2022-09-17,招牌三明治,快餐,60,2,120,现金,早晨
10404,2022-09-17,新鲜甘蔗汁,饮品,25,7,175,在线支付,早晨
10405,2022-09-17,瓦达汉堡,快餐,20,11,220,现金,早晨
10406,2022-09-17,法兰基卷,快餐,50,1,50,在线支付,下午
10407,2022-09-17,瓦达汉堡,快餐,20,1,20,现金,下午
10408,2022-09-17,咖喱土豆球,快餐,20,9,180,其他,晚上
10409,2022-09-17,新鲜甘蔗汁,饮品,25,15,375,其他,下午
10410,2022-09-17,法兰基卷,快餐,50,14,700,在线支付,傍晚
10411,2022-09-17,冰咖啡,饮品,40,7,280,现金,下午
10412,2022-09-17,新鲜甘蔗汁,饮品,25,13,325,在线支付,早晨
10413,2022-09-17,瓦达汉堡,快餐,20,12,240,现金,午夜
10414,2022-09-17,法兰基卷,快餐,50,8,400,现金,晚上
10415,2022-09-17,法兰基卷,快餐,50,3,150,其他,晚上
10416,2022-09-17,招牌三明治,快餐,60,5,300,现金,傍晚
10417,2022-09-17,法兰基卷,快餐,50,12,600,在线支付,下午
10418,2022-09-17,瓦达汉堡,快餐,20,13,260,在线支付,傍晚
10419,2022-09-17,新鲜甘蔗汁,饮品,25,9,225,在线支付,早晨
10420,2022-09-17,冰咖啡,饮品,40,15,600,其他,下午
10421,2022-09-17,新鲜甘蔗汁,饮品,25,4,100,现金,早晨
10422,2022-09-17,新鲜甘蔗汁,饮品,25,9,225,现金,下午
10423,2022-09-17,冰咖啡,饮品,40,13,520,现金,早晨
10424,2022-09-17,咖喱土豆球,快餐,20,1,20,现金,早晨
10425,2022-09-17,瓦达汉堡,快餐,20,5,100,在线支付,晚上
10426,2022-09-17,新鲜甘蔗汁,饮品,25,15,375,现金,午夜
10427,2022-09-17,咖喱土豆球,快餐,20,15,300,在线支付,傍晚
10428,2022-09-17,招牌三明治,快餐,60,6,360,现金,午夜
10429,2022-09-17,招牌三明治,快餐,60,15,900,现金,傍晚
10430,2022-09-17,冰咖啡,饮品,40,8,320,其他,傍晚
10431,2022-09-17,冰咖啡,饮品,40,6,240,现金,傍晚
10432,2022-09-17,法兰基卷,快餐,50,11,550,现金,早晨
10433,2022-09-17,瓦达汉堡,快餐,20,9,180,在线支付,下午
10434,2022-09-17,法兰基卷,快餐,50,4,200,现金,晚上
10435,2022-09-17,脆球点心,快餐,20,6,120,在线支付,下午
10436,2022-09-17,瓦达汉堡,快餐,20,2,40,现金,晚上
10437,2022-09-17,脆球点心,快餐,20,5,100,现金,下午
10438,2022-09-17,冰咖啡,饮品,40,12,480,现金,午夜
10439,2022-09-17,法兰基卷,快餐,50,7,350,在线支付,晚上
10440,2022-09-17,招牌三明治,快餐,60,14,840,现金,晚上
10441,2022-09-17,冰咖啡,饮品,40,9,360,现金,傍晚
10442,2022-09-17,脆球点心,快餐,20,15,300,其他,早晨
10443,2022-09-17,瓦达汉堡,快餐,20,11,220,现金,傍晚
10444,2022-09-17,咖喱土豆球,快餐,20,4,80,现金,晚上
10445,2022-09-17,新鲜甘蔗汁,饮品,25,12,300,在线支付,早晨
10446,2022-09-17,脆球点心,快餐,20,8,160,其他,傍晚
10447,2022-09-17,脆球点心,快餐,20,2,40,现金,下午
10448,2022-09-17,脆球点心,快餐,20,15,300,现金,下午
10449,2022-09-17,冰咖啡,饮品,40,9,360,现金,傍晚
10450,2022-09-17,脆球点心,快餐,20,6,120,其他,下午
10451,2022-09-17,瓦达汉堡,快餐,20,8,160,在线支付,午夜
10452,2022-09-17,脆球点心,快餐,20,14,280,在线支付,傍晚
10453,2022-09-17,新鲜甘蔗汁,饮品,25,10,250,现金,晚上
10454,2022-09-17,瓦达汉堡,快餐,20,9,180,在线支付,下午
10455,2022-09-17,冰咖啡,饮品,40,12,480,在线支付,下午
10456,2022-09-17,冰咖啡,饮品,40,9,360,现金,午夜
10457,2022-09-17,脆球点心,快餐,20,1,20,现金,晚上
10458,2022-09-17,冰咖啡,饮品,40,15,600,在线支付,早晨
10459,2022-09-17,脆球点心,快餐,20,1,20,在线支付,早晨
10460,2022-09-17,咖喱土豆球,快餐,20,10,200,在线支付,早晨
10461,2022-09-17,冰咖啡,饮品,40,10,400,现金,晚上
10462,2022-09-17,法兰基卷,快餐,50,11,550,在线支付,早晨
10463,2022-09-17,瓦达汉堡,快餐,20,11,220,在线支付,傍晚
10464,2022-09-17,招牌三明治,快餐,60,15,900,现金,早晨
10465,2022-09-17,脆球点心,快餐,20,7,140,在线支付,下午
10466,2022-09-17,冰咖啡,饮品,40,4,160,其他,早晨
10467,2022-09-17,脆球点心,快餐,20,13,260,现金,午夜
10468,2022-09-17,招牌三明治,快餐,60,13,780,现金,傍晚
10469,2022-09-17,冰咖啡,饮品,40,15,600,现金,傍晚
10470,2022-09-17,瓦达汉堡,快餐,20,10,200,在线支付,傍晚
10471,2022-09-17,瓦达汉堡,快餐,20,13,260,现金,早晨
10472,2022-09-17,咖喱土豆球,快餐,20,7,140,在线支付,晚上
10473,2022-09-17,新鲜甘蔗汁,饮品,25,6,150,现金,傍晚
10474,2022-09-17,法兰基卷,快餐,50,5,250,在线支付,晚上
10475,2022-09-17,脆球点心,快餐,20,1,20,现金,下午
10476,2022-09-17,冰咖啡,饮品,40,15,600,其他,早晨
10477,2022-09-17,脆球点心,快餐,20,11,220,现金,午夜
10478,2022-09-17,招牌三明治,快餐,60,15,900,在线支付,午夜
10479,2022-09-17,脆球点心,快餐,20,6,120,其他,晚上
10480,2022-09-17,瓦达汉堡,快餐,20,5,100,在线支付,傍晚
10481,2022-09-18,脆球点心,快餐,20,10,200,在线支付,傍晚
10482,2022-09-18,法兰基卷,快餐,50,13,650,现金,午夜
10483,2022-09-18,新鲜甘蔗汁,饮品,25,6,150,在线支付,傍晚
10484,2022-09-18,咖喱土豆球,快餐,20,8,160,现金,早晨
10485,2022-09-18,冰咖啡,饮品,40,9,360,现金,早晨
10486,2022-09-18,新鲜甘蔗汁,饮品,25,8,200,在线支付,下午
10487,2022-09-18,咖喱土豆球,快餐,20,15,300,现金,早晨
10488,2022-09-18,新鲜甘蔗汁,饮品,25,7,175,其他,傍晚
10489,2022-09-18,脆球点心,快餐,20,6,120,现金,早晨
10490,2022-09-18,瓦达汉堡,快餐,20,13,260,其他,下午
10491,2022-09-18,冰咖啡,饮品,40,6,240,其他,下午
10492,2022-09-18,法兰基卷,快餐,50,6,300,在线支付,午夜
10493,2022-09-18,招牌三明治,快餐,60,15,900,其他,午夜
10494,2022-09-18,瓦达汉堡,快餐,20,6,120,在线支付,下午
10495,2022-09-18,招牌三明治,快餐,60,4,240,现金,傍晚
10496,2022-09-18,冰咖啡,饮品,40,1,40,现金,傍晚
10497,2022-09-18,新鲜甘蔗汁,饮品,25,11,275,现金,早晨
10498,2022-09-18,冰咖啡,饮品,40,9,360,现金,午夜
10499,2022-09-18,咖喱土豆球,快餐,20,7,140,现金,早晨
10500,2022-09-18,招牌三明治,快餐,60,15,900,现金,傍晚
10501,2022-09-18,脆球点心,快餐,20,4,80,在线支付,晚上
10502,2022-09-18,瓦达汉堡,快餐,20,7,140,在线支付,傍晚
10503,2022-09-18,招牌三明治,快餐,60,8,480,在线支付,晚上
10504,2022-09-18,法兰基卷,快餐,50,6,300,现金,晚上
10505,2022-09-18,冰咖啡,饮品,40,1,40,在线支付,午夜
10506,2022-09-18,招牌三明治,快餐,60,1,60,在线支付,午夜
10507,2022-09-18,咖喱土豆球,快餐,20,13,260,在线支付,傍晚
10508,2022-09-18,法兰基卷,快餐,50,2,100,其他,早晨
10509,2022-09-18,冰咖啡,饮品,40,15,600,现金,午夜
10510,2022-09-18,招牌三明治,快餐,60,11,660,现金,下午
10511,2022-09-18,咖喱土豆球,快餐,20,15,300,现金,早晨
10512,2022-09-18,脆球点心,快餐,20,9,180,现金,早晨
10513,2022-09-18,冰咖啡,饮品,40,9,360,在线支付,傍晚
10514,2022-09-18,法兰基卷,快餐,50,12,600,现金,下午
10515,2022-09-18,招牌三明治,快餐,60,14,840,在线支付,下午
10516,2022-09-18,瓦达汉堡,快餐,20,10,200,现金,午夜
10517,2022-09-18,脆球点心,快餐,20,7,140,其他,早晨
10518,2022-09-18,冰咖啡,饮品,40,4,160,现金,午夜
10519,2022-09-18,新鲜甘蔗汁,饮品,25,8,200,现金,晚上
10520,2022-09-18,新鲜甘蔗汁,饮品,25,15,375,其他,傍晚
10521,2022-09-18,法兰基卷,快餐,50,13,650,现金,晚上
10522,2022-09-18,招牌三明治,快餐,60,4,240,现金,早晨
10523,2022-09-18,瓦达汉堡,快餐,20,8,160,在线支付,早晨
10524,2022-09-18,冰咖啡,饮品,40,4,160,现金,下午
10525,2022-09-18,冰咖啡,饮品,40,10,400,在线支付,傍晚
10526,2022-09-18,瓦达汉堡,快餐,20,7,140,现金,早晨
10527,2022-09-18,冰咖啡,饮品,40,12,480,在线支付,早晨
10528,2022-09-18,瓦达汉堡,快餐,20,9,180,在线支付,下午
10529,2022-09-18,脆球点心,快餐,20,12,240,现金,晚上
10530,2022-09-18,招牌三明治,快餐,60,10,600,现金,下午
10531,2022-09-18,招牌三明治,快餐,60,6,360,在线支付,午夜
10532,2022-09-18,招牌三明治,快餐,60,6,360,现金,早晨
10533,2022-09-18,招牌三明治,快餐,60,14,840,现金,午夜
10534,2022-09-18,新鲜甘蔗汁,饮品,25,8,200,在线支付,傍晚
10535,2022-09-18,咖喱土豆球,快餐,20,13,260,在线支付,午夜
10536,2022-09-18,法兰基卷,快餐,50,13,650,现金,早晨
10537,2022-09-18,新鲜甘蔗汁,饮品,25,5,125,在线支付,晚上
10538,2022-09-18,法兰基卷,快餐,50,15,750,在线支付,下午
10539,2022-09-18,咖喱土豆球,快餐,20,8,160,现金,早晨
10540,2022-09-18,招牌三明治,快餐,60,7,420,现金,早晨
10541,2022-09-18,法兰基卷,快餐,50,4,200,其他,早晨
10542,2022-09-18,咖喱土豆球,快餐,20,6,120,在线支付,午夜
10543,2022-09-18,咖喱土豆球,快餐,20,5,100,在线支付,晚上
10544,2022-09-18,脆球点心,快餐,20,8,160,现金,晚上
10545,2022-09-18,咖喱土豆球,快餐,20,8,160,现金,早晨
10546,2022-09-18,瓦达汉堡,快餐,20,12,240,现金,傍晚
10547,2022-09-18,法兰基卷,快餐,50,10,500,现金,午夜
10548,2022-09-18,新鲜甘蔗汁,饮品,25,8,200,在线支付,下午
10549,2022-09-18,脆球点心,快餐,20,15,300,在线支付,晚上
10550,2022-09-18,脆球点心,快餐,20,6,120,现金,午夜
10551,2022-09-18,法兰基卷,快餐,50,5,250,现金,下午
10552,2022-09-18,咖喱土豆球,快餐,20,10,200,在线支付,午夜
10553,2022-09-18,法兰基卷,快餐,50,6,300,在线支付,午夜
10554,2022-09-18,法兰基卷,快餐,50,1,50,现金,早晨
10555,2022-09-18,瓦达汉堡,快餐,20,1,20,现金,早晨
10556,2022-09-18,瓦达汉堡,快餐,20,6,120,现金,下午
10557,2022-09-18,招牌三明治,快餐,60,11,660,其他,午夜
10558,2022-09-18,法兰基卷,快餐,50,9,450,其他,早晨
10559,2022-09-18,法兰基卷,快餐,50,10,500,现金,早晨
10560,2022-09-18,新鲜甘蔗汁,饮品,25,8,200,在线支付,午夜
10561,2022-09-18,脆球点心,快餐,20,7,140,在线支付,午夜
10562,2022-09-18,瓦达汉堡,快餐,20,4,80,在线支付,早晨
10563,2022-09-18,法兰基卷,快餐,50,14,700,现金,傍晚
10564,2022-09-18,咖喱土豆球,快餐,20,11,220,在线支付,早晨
10565,2022-09-18,法兰基卷,快餐,50,7,350,在线支付,午夜
10566,2022-09-18,瓦达汉堡,快餐,20,9,180,在线支付,午夜
10567,2022-09-18,冰咖啡,饮品,40,5,200,现金,下午
10568,2022-09-18,法兰基卷,快餐,50,1,50,现金,傍晚
10569,2022-09-18,招牌三明治,快餐,60,13,780,在线支付,下午
10570,2022-09-18,瓦达汉堡,快餐,20,1,20,现金,傍晚
10571,2022-09-18,冰咖啡,饮品,40,2,80,在线支付,傍晚
10572,2022-09-18,法兰基卷,快餐,50,10,500,现金,晚上
10573,2022-09-18,咖喱土豆球,快餐,20,12,240,现金,傍晚
10574,2022-09-18,冰咖啡,饮品,40,12,480,现金,下午
10575,2022-09-18,招牌三明治,快餐,60,9,540,其他,傍晚
10576,2022-09-18,脆球点心,快餐,20,10,200,现金,傍晚
10577,2022-09-18,新鲜甘蔗汁,饮品,25,7,175,在线支付,早晨
10578,2022-09-18,咖喱土豆球,快餐,20,6,120,现金,晚上
10579,2022-09-18,新鲜甘蔗汁,饮品,25,2,50,在线支付,午夜
10580,2022-09-18,脆球点心,快餐,20,15,300,其他,傍晚
10581,2022-09-18,新鲜甘蔗汁,饮品,25,3,75,现金,午夜
10582,2022-09-18,招牌三明治,快餐,60,13,780,现金,傍晚
10583,2022-09-18,冰咖啡,饮品,40,8,320,其他,早晨
10584,2022-09-18,新鲜甘蔗汁,饮品,25,13,325,在线支付,傍晚
10585,2022-09-18,招牌三明治,快餐,60,14,840,现金,午夜
10586,2022-09-18,新鲜甘蔗汁,饮品,25,1,25,在线支付,晚上
10587,2022-09-18,瓦达汉堡,快餐,20,7,140,在线支付,下午
10588,2022-09-18,脆球点心,快餐,20,15,300,在线支付,晚上
10589,2022-09-18,招牌三明治,快餐,60,14,840,在线支付,午夜
10590,2022-09-18,咖喱土豆球,快餐,20,4,80,在线支付,傍晚
10591,2022-09-18,冰咖啡,饮品,40,7,280,在线支付,晚上
10592,2022-09-18,瓦达汉堡,快餐,20,11,220,现金,傍晚
10593,2022-09-18,咖喱土豆球,快餐,20,9,180,其他,晚上
10594,2022-09-18,新鲜甘蔗汁,饮品,25,10,250,现金,午夜
10595,2022-09-18,咖喱土豆球,快餐,20,4,80,现金,傍晚
10596,2022-09-18,冰咖啡,饮品,40,13,520,在线支付,午夜
10597,2022-09-18,法兰基卷,快餐,50,4,200,在线支付,午夜
10598,2022-09-18,脆球点心,快餐,20,10,200,在线支付,傍晚
10599,2022-09-18,招牌三明治,快餐,60,9,540,在线支付,下午
10600,2022-09-18,咖喱土豆球,快餐,20,5,100,其他,下午
10601,2022-09-18,法兰基卷,快餐,50,13,650,在线支付,傍晚
10602,2022-09-18,瓦达汉堡,快餐,20,6,120,在线支付,下午
10603,2022-09-18,冰咖啡,饮品,40,9,360,现金,早晨
10604,2022-09-18,咖喱土豆球,快餐,20,8,160,在线支付,晚上
10605,2022-09-18,招牌三明治,快餐,60,11,660,现金,下午
10606,2022-09-18,新鲜甘蔗汁,饮品,25,6,150,现金,傍晚
10607,2022-09-18,脆球点心,快餐,20,4,80,现金,下午
10608,2022-09-18,招牌三明治,快餐,60,6,360,现金,下午
10609,2022-09-18,招牌三明治,快餐,60,8,480,现金,傍晚
10610,2022-09-18,法兰基卷,快餐,50,7,350,在线支付,午夜
10611,2022-09-18,脆球点心,快餐,20,2,40,在线支付,下午
10612,2022-09-18,新鲜甘蔗汁,饮品,25,1,25,在线支付,晚上
10613,2022-09-18,招牌三明治,快餐,60,15,900,其他,下午
10614,2022-09-18,法兰基卷,快餐,50,3,150,其他,傍晚
10615,2022-09-19,冰咖啡,饮品,40,7,280,现金,午夜
10616,2022-09-19,瓦达汉堡,快餐,20,10,200,现金,傍晚
10617,2022-09-19,冰咖啡,饮品,40,10,400,现金,下午
10618,2022-09-19,法兰基卷,快餐,50,8,400,其他,晚上
10619,2022-09-19,冰咖啡,饮品,40,10,400,现金,晚上
10620,2022-09-19,新鲜甘蔗汁,饮品,25,12,300,在线支付,早晨
10621,2022-09-19,招牌三明治,快餐,60,15,900,现金,傍晚
10622,2022-09-19,招牌三明治,快餐,60,9,540,其他,傍晚
10623,2022-09-19,冰咖啡,饮品,40,7,280,现金,下午
10624,2022-09-19,脆球点心,快餐,20,6,120,在线支付,傍晚
10625,2022-09-19,脆球点心,快餐,20,4,80,现金,下午
10626,2022-09-19,瓦达汉堡,快餐,20,4,80,其他,傍晚
10627,2022-09-19,招牌三明治,快餐,60,12,720,现金,早晨
10628,2022-09-19,脆球点心,快餐,20,13,260,其他,傍晚
10629,2022-09-19,瓦达汉堡,快餐,20,2,40,其他,午夜
10630,2022-09-19,法兰基卷,快餐,50,8,400,现金,午夜
10631,2022-09-19,咖喱土豆球,快餐,20,7,140,在线支付,傍晚
10632,2022-09-19,招牌三明治,快餐,60,10,600,在线支付,下午
10633,2022-09-19,新鲜甘蔗汁,饮品,25,3,75,其他,下午
10634,2022-09-19,瓦达汉堡,快餐,20,12,240,在线支付,晚上
10635,2022-09-19,咖喱土豆球,快餐,20,1,20,现金,晚上
10636,2022-09-19,脆球点心,快餐,20,4,80,在线支付,晚上
10637,2022-09-19,新鲜甘蔗汁,饮品,25,6,150,在线支付,傍晚
10638,2022-09-19,冰咖啡,饮品,40,10,400,在线支付,晚上
10639,2022-09-19,新鲜甘蔗汁,饮品,25,9,225,在线支付,傍晚
10640,2022-09-19,咖喱土豆球,快餐,20,13,260,现金,早晨
10641,2022-09-19,咖喱土豆球,快餐,20,12,240,其他,晚上
10642,2022-09-19,冰咖啡,饮品,40,7,280,现金,下午
10643,2022-09-19,法兰基卷,快餐,50,9,450,在线支付,晚上
10644,2022-09-19,新鲜甘蔗汁,饮品,25,7,175,在线支付,午夜
10645,2022-09-19,脆球点心,快餐,20,3,60,在线支付,晚上
10646,2022-09-19,法兰基卷,快餐,50,15,750,在线支付,傍晚
10647,2022-09-19,招牌三明治,快餐,60,7,420,在线支付,早晨
10648,2022-09-19,新鲜甘蔗汁,饮品,25,7,175,现金,傍晚
10649,2022-09-19,法兰基卷,快餐,50,8,400,现金,晚上
10650,2022-09-19,新鲜甘蔗汁,饮品,25,15,375,在线支付,午夜
10651,2022-09-19,咖喱土豆球,快餐,20,8,160,现金,午夜
10652,2022-09-19,瓦达汉堡,快餐,20,7,140,现金,早晨
10653,2022-09-19,新鲜甘蔗汁,饮品,25,8,200,在线支付,午夜
10654,2022-09-19,法兰基卷,快餐,50,7,350,在线支付,晚上
10655,2022-09-19,冰咖啡,饮品,40,12,480,在线支付,午夜
10656,2022-09-19,招牌三明治,快餐,60,2,120,现金,傍晚
10657,2022-09-19,脆球点心,快餐,20,8,160,现金,午夜
10658,2022-09-19,咖喱土豆球,快餐,20,8,160,现金,晚上
10659,2022-09-19,招牌三明治,快餐,60,6,360,现金,早晨
10660,2022-09-19,咖喱土豆球,快餐,20,14,280,现金,午夜
10661,2022-09-19,招牌三明治,快餐,60,5,300,现金,傍晚
10662,2022-09-19,脆球点心,快餐,20,4,80,在线支付,早晨
10663,2022-09-19,新鲜甘蔗汁,饮品,25,10,250,现金,晚上
10664,2022-09-19,法兰基卷,快餐,50,13,650,在线支付,傍晚
10665,2022-09-19,冰咖啡,饮品,40,8,320,在线支付,早晨
10666,2022-09-19,新鲜甘蔗汁,饮品,25,3,75,在线支付,傍晚
10667,2022-09-19,新鲜甘蔗汁,饮品,25,14,350,现金,下午
10668,2022-09-19,法兰基卷,快餐,50,12,600,现金,傍晚
10669,2022-09-19,招牌三明治,快餐,60,1,60,在线支付,午夜
10670,2022-09-19,瓦达汉堡,快餐,20,10,200,现金,晚上
10671,2022-09-19,咖喱土豆球,快餐,20,8,160,在线支付,午夜
10672,2022-09-19,脆球点心,快餐,20,8,160,现金,傍晚
10673,2022-09-19,冰咖啡,饮品,40,8,320,在线支付,下午
10674,2022-09-19,新鲜甘蔗汁,饮品,25,7,175,在线支付,晚上
10675,2022-09-19,瓦达汉堡,快餐,20,10,200,在线支付,傍晚
10676,2022-09-19,法兰基卷,快餐,50,12,600,现金,午夜
10677,2022-09-19,冰咖啡,饮品,40,5,200,现金,午夜
10678,2022-09-19,脆球点心,快餐,20,7,140,现金,早晨
10679,2022-09-19,瓦达汉堡,快餐,20,15,300,在线支付,下午
10680,2022-09-19,瓦达汉堡,快餐,20,12,240,现金,晚上
10681,2022-09-19,新鲜甘蔗汁,饮品,25,12,300,在线支付,早晨
10682,2022-09-19,咖喱土豆球,快餐,20,4,80,现金,傍晚
10683,2022-09-19,脆球点心,快餐,20,15,300,现金,早晨
10684,2022-09-19,法兰基卷,快餐,50,14,700,现金,午夜
10685,2022-09-19,新鲜甘蔗汁,饮品,25,7,175,在线支付,早晨
10686,2022-09-19,法兰基卷,快餐,50,13,650,现金,下午
10687,2022-09-19,冰咖啡,饮品,40,15,600,其他,晚上
10688,2022-09-19,新鲜甘蔗汁,饮品,25,9,225,其他,晚上
10689,2022-09-19,瓦达汉堡,快餐,20,12,240,其他,午夜
10690,2022-09-19,新鲜甘蔗汁,饮品,25,6,150,现金,午夜
10691,2022-09-19,瓦达汉堡,快餐,20,9,180,在线支付,早晨
10692,2022-09-19,法兰基卷,快餐,50,7,350,现金,晚上
10693,2022-09-19,新鲜甘蔗汁,饮品,25,4,100,现金,傍晚
10694,2022-09-19,招牌三明治,快餐,60,11,660,在线支付,早晨
10695,2022-09-19,冰咖啡,饮品,40,4,160,现金,早晨
10696,2022-09-19,冰咖啡,饮品,40,13,520,在线支付,晚上
10697,2022-09-19,咖喱土豆球,快餐,20,2,40,现金,晚上
10698,2022-09-19,冰咖啡,饮品,40,15,600,在线支付,午夜
10699,2022-09-19,法兰基卷,快餐,50,13,650,现金,傍晚
10700,2022-09-19,脆球点心,快餐,20,7,140,现金,晚上
10701,2022-09-19,瓦达汉堡,快餐,20,12,240,在线支付,早晨
10702,2022-09-19,脆球点心,快餐,20,12,240,现金,傍晚
10703,2022-09-19,脆球点心,快餐,20,9,180,现金,晚上
10704,2022-09-19,招牌三明治,快餐,60,14,840,现金,下午
10705,2022-09-19,瓦达汉堡,快餐,20,13,260,在线支付,下午
10706,2022-09-19,瓦达汉堡,快餐,20,13,260,其他,午夜
10707,2022-09-19,脆球点心,快餐,20,3,60,在线支付,午夜
10708,2022-09-19,瓦达汉堡,快餐,20,3,60,现金,下午
10709,2022-09-19,咖喱土豆球,快餐,20,12,240,其他,晚上
10710,2022-09-19,瓦达汉堡,快餐,20,2,40,在线支付,下午
10711,2022-09-19,冰咖啡,饮品,40,2,80,在线支付,傍晚
10712,2022-09-19,招牌三明治,快餐,60,11,660,现金,傍晚
10713,2022-09-19,招牌三明治,快餐,60,3,180,现金,早晨
10714,2022-09-19,冰咖啡,饮品,40,8,320,现金,下午
10715,2022-09-19,冰咖啡,饮品,40,14,560,其他,晚上
10716,2022-09-19,新鲜甘蔗汁,饮品,25,6,150,在线支付,午夜
10717,2022-09-19,咖喱土豆球,快餐,20,8,160,现金,午夜
10718,2022-09-19,瓦达汉堡,快餐,20,8,160,现金,下午
10719,2022-09-19,新鲜甘蔗汁,饮品,25,4,100,在线支付,傍晚
10720,2022-09-19,冰咖啡,饮品,40,9,360,现金,下午
10721,2022-09-19,法兰基卷,快餐,50,8,400,现金,午夜
10722,2022-09-19,法兰基卷,快餐,50,9,450,其他,午夜
10723,2022-09-19,瓦达汉堡,快餐,20,7,140,现金,午夜
10724,2022-09-19,招牌三明治,快餐,60,4,240,在线支付,早晨
10725,2022-09-19,咖喱土豆球,快餐,20,14,280,其他,下午
10726,2022-09-19,脆球点心,快餐,20,12,240,现金,午夜
10727,2022-09-19,法兰基卷,快餐,50,4,200,现金,下午
10728,2022-09-19,新鲜甘蔗汁,饮品,25,10,250,现金,下午
10729,2022-09-19,冰咖啡,饮品,40,4,160,现金,傍晚
10730,2022-09-19,冰咖啡,饮品,40,5,200,现金,晚上
10731,2022-09-19,法兰基卷,快餐,50,11,550,现金,晚上
10732,2022-09-19,脆球点心,快餐,20,9,180,现金,下午
10733,2022-09-19,冰咖啡,饮品,40,7,280,现金,傍晚
10734,2022-09-19,冰咖啡,饮品,40,11,440,在线支付,下午
10735,2022-09-19,新鲜甘蔗汁,饮品,25,11,275,在线支付,早晨
10736,2022-09-19,冰咖啡,饮品,40,9,360,在线支付,午夜
10737,2022-09-19,瓦达汉堡,快餐,20,12,240,现金,傍晚
10738,2022-09-19,瓦达汉堡,快餐,20,6,120,在线支付,傍晚
10739,2022-09-19,法兰基卷,快餐,50,15,750,现金,早晨
10740,2022-09-19,法兰基卷,快餐,50,6,300,在线支付,傍晚
10741,2022-09-19,咖喱土豆球,快餐,20,11,220,现金,晚上
10742,2022-09-19,招牌三明治,快餐,60,5,300,现金,晚上
10743,2022-09-19,脆球点心,快餐,20,7,140,现金,晚上
10744,2022-09-19,新鲜甘蔗汁,饮品,25,3,75,现金,下午
10745,2022-09-19,招牌三明治,快餐,60,7,420,在线支付,傍晚
10746,2022-09-19,瓦达汉堡,快餐,20,10,200,现金,早晨
10747,2022-09-20,法兰基卷,快餐,50,15,750,在线支付,下午
10748,2022-09-20,脆球点心,快餐,20,11,220,现金,傍晚
10749,2022-09-20,招牌三明治,快餐,60,13,780,现金,晚上
10750,2022-09-20,冰咖啡,饮品,40,11,440,其他,下午
10751,2022-09-20,新鲜甘蔗汁,饮品,25,15,375,在线支付,晚上
10752,2022-09-20,新鲜甘蔗汁,饮品,25,15,375,现金,晚上
10753,2022-09-20,法兰基卷,快餐,50,15,750,在线支付,午夜
10754,2022-09-20,冰咖啡,饮品,40,6,240,在线支付,下午
10755,2022-09-20,招牌三明治,快餐,60,7,420,现金,傍晚
10756,2022-09-20,脆球点心,快餐,20,13,260,现金,傍晚
10757,2022-09-20,招牌三明治,快餐,60,15,900,现金,下午
10758,2022-09-20,咖喱土豆球,快餐,20,3,60,其他,下午
10759,2022-09-20,新鲜甘蔗汁,饮品,25,2,50,在线支付,晚上
10760,2022-09-20,法兰基卷,快餐,50,9,450,现金,傍晚
10761,2022-09-20,瓦达汉堡,快餐,20,9,180,在线支付,傍晚
10762,2022-09-20,冰咖啡,饮品,40,10,400,现金,傍晚
10763,2022-09-20,新鲜甘蔗汁,饮品,25,6,150,在线支付,下午
10764,2022-09-20,脆球点心,快餐,20,4,80,在线支付,傍晚
10765,2022-09-20,法兰基卷,快餐,50,6,300,现金,午夜
10766,2022-09-20,脆球点心,快餐,20,12,240,在线支付,早晨
10767,2022-09-20,咖喱土豆球,快餐,20,4,80,在线支付,午夜
10768,2022-09-20,脆球点心,快餐,20,15,300,在线支付,晚上
10769,2022-09-20,咖喱土豆球,快餐,20,11,220,现金,早晨
10770,2022-09-20,瓦达汉堡,快餐,20,10,200,现金,下午
10771,2022-09-20,招牌三明治,快餐,60,4,240,在线支付,晚上
10772,2022-09-20,新鲜甘蔗汁,饮品,25,2,50,在线支付,早晨
10773,2022-09-20,新鲜甘蔗汁,饮品,25,1,25,在线支付,下午
10774,2022-09-20,瓦达汉堡,快餐,20,3,60,在线支付,傍晚
10775,2022-09-20,咖喱土豆球,快餐,20,5,100,现金,下午
10776,2022-09-20,脆球点心,快餐,20,15,300,在线支付,午夜
10777,2022-09-20,瓦达汉堡,快餐,20,7,140,现金,下午
10778,2022-09-20,冰咖啡,饮品,40,9,360,在线支付,晚上
10779,2022-09-20,新鲜甘蔗汁,饮品,25,6,150,现金,午夜
10780,2022-09-20,招牌三明治,快餐,60,5,300,现金,晚上
10781,2022-09-20,冰咖啡,饮品,40,13,520,现金,午夜
10782,2022-09-20,冰咖啡,饮品,40,15,600,在线支付,晚上
10783,2022-09-20,脆球点心,快餐,20,10,200,现金,下午
10784,2022-09-20,招牌三明治,快餐,60,5,300,现金,晚上
10785,2022-09-20,冰咖啡,饮品,40,7,280,现金,早晨
10786,2022-09-20,咖喱土豆球,快餐,20,8,160,现金,傍晚
10787,2022-09-20,招牌三明治,快餐,60,3,180,现金,午夜
10788,2022-09-20,咖喱土豆球,快餐,20,9,180,其他,早晨
10789,2022-09-20,新鲜甘蔗汁,饮品,25,9,225,现金,下午
10790,2022-09-20,新鲜甘蔗汁,饮品,25,11,275,在线支付,午夜
10791,2022-09-20,咖喱土豆球,快餐,20,8,160,在线支付,下午
10792,2022-09-20,冰咖啡,饮品,40,8,320,现金,傍晚
10793,2022-09-20,冰咖啡,饮品,40,7,280,在线支付,傍晚
10794,2022-09-20,新鲜甘蔗汁,饮品,25,1,25,在线支付,傍晚
10795,2022-09-20,脆球点心,快餐,20,12,240,现金,下午
10796,2022-09-20,法兰基卷,快餐,50,13,650,现金,下午
10797,2022-09-20,新鲜甘蔗汁,饮品,25,1,25,在线支付,午夜
10798,2022-09-20,招牌三明治,快餐,60,9,540,在线支付,下午
10799,2022-09-20,招牌三明治,快餐,60,9,540,现金,晚上
10800,2022-09-20,脆球点心,快餐,20,12,240,现金,傍晚
10801,2022-09-20,法兰基卷,快餐,50,11,550,在线支付,下午
10802,2022-09-20,法兰基卷,快餐,50,8,400,在线支付,晚上
10803,2022-09-20,冰咖啡,饮品,40,12,480,在线支付,傍晚
10804,2022-09-20,冰咖啡,饮品,40,10,400,其他,傍晚
10805,2022-09-20,招牌三明治,快餐,60,10,600,现金,下午
10806,2022-09-20,脆球点心,快餐,20,8,160,其他,晚上
10807,2022-09-20,咖喱土豆球,快餐,20,13,260,现金,晚上
10808,2022-09-20,招牌三明治,快餐,60,15,900,在线支付,傍晚
10809,2022-09-20,新鲜甘蔗汁,饮品,25,15,375,其他,早晨
10810,2022-09-20,法兰基卷,快餐,50,7,350,现金,午夜
10811,2022-09-20,招牌三明治,快餐,60,7,420,在线支付,晚上
10812,2022-09-20,招牌三明治,快餐,60,11,660,其他,傍晚
10813,2022-09-20,招牌三明治,快餐,60,5,300,在线支付,晚上
10814,2022-09-20,冰咖啡,饮品,40,7,280,现金,晚上
10815,2022-09-20,新鲜甘蔗汁,饮品,25,13,325,在线支付,傍晚
10816,2022-09-20,新鲜甘蔗汁,饮品,25,8,200,现金,晚上
10817,2022-09-20,新鲜甘蔗汁,饮品,25,7,175,现金,傍晚
10818,2022-09-20,冰咖啡,饮品,40,4,160,现金,早晨
10819,2022-09-20,冰咖啡,饮品,40,6,240,在线支付,下午
10820,2022-09-20,法兰基卷,快餐,50,12,600,在线支付,下午
10821,2022-09-20,脆球点心,快餐,20,6,120,在线支付,早晨
10822,2022-09-20,脆球点心,快餐,20,15,300,现金,早晨
10823,2022-09-20,冰咖啡,饮品,40,4,160,其他,晚上
10824,2022-09-20,脆球点心,快餐,20,5,100,其他,早晨
10825,2022-09-20,招牌三明治,快餐,60,8,480,在线支付,下午
10826,2022-09-20,咖喱土豆球,快餐,20,6,120,现金,早晨
10827,2022-09-20,咖喱土豆球,快餐,20,6,120,其他,早晨
10828,2022-09-20,瓦达汉堡,快餐,20,4,80,现金,午夜
10829,2022-09-20,咖喱土豆球,快餐,20,9,180,其他,傍晚
10830,2022-09-20,法兰基卷,快餐,50,12,600,其他,晚上
10831,2022-09-20,新鲜甘蔗汁,饮品,25,14,350,其他,午夜
10832,2022-09-20,瓦达汉堡,快餐,20,2,40,现金,下午
10833,2022-09-20,咖喱土豆球,快餐,20,1,20,现金,傍晚
10834,2022-09-20,瓦达汉堡,快餐,20,5,100,现金,晚上
10835,2022-09-20,脆球点心,快餐,20,11,220,现金,早晨
10836,2022-09-20,冰咖啡,饮品,40,8,320,现金,傍晚
10837,2022-09-20,咖喱土豆球,快餐,20,5,100,现金,早晨
10838,2022-09-20,招牌三明治,快餐,60,7,420,在线支付,下午
10839,2022-09-20,脆球点心,快餐,20,2,40,在线支付,晚上
10840,2022-09-20,咖喱土豆球,快餐,20,4,80,现金,晚上
10841,2022-09-20,咖喱土豆球,快餐,20,8,160,在线支付,下午
10842,2022-09-20,咖喱土豆球,快餐,20,12,240,在线支付,下午
10843,2022-09-20,招牌三明治,快餐,60,11,660,在线支付,晚上
10844,2022-09-20,冰咖啡,饮品,40,7,280,现金,早晨
10845,2022-09-20,冰咖啡,饮品,40,12,480,在线支付,傍晚
10846,2022-09-20,新鲜甘蔗汁,饮品,25,8,200,在线支付,下午
10847,2022-09-20,冰咖啡,饮品,40,11,440,现金,下午
10848,2022-09-20,咖喱土豆球,快餐,20,6,120,其他,早晨
10849,2022-09-20,脆球点心,快餐,20,8,160,其他,午夜
10850,2022-09-20,冰咖啡,饮品,40,4,160,在线支付,早晨
10851,2022-09-20,咖喱土豆球,快餐,20,1,20,现金,午夜
10852,2022-09-20,冰咖啡,饮品,40,1,40,在线支付,晚上
10853,2022-09-20,招牌三明治,快餐,60,2,120,现金,下午
10854,2022-09-20,脆球点心,快餐,20,3,60,其他,晚上
10855,2022-09-20,咖喱土豆球,快餐,20,12,240,其他,傍晚
10856,2022-09-20,冰咖啡,饮品,40,5,200,在线支付,下午
10857,2022-09-20,脆球点心,快餐,20,12,240,现金,午夜
10858,2022-09-20,招牌三明治,快餐,60,14,840,在线支付,傍晚
10859,2022-09-20,脆球点心,快餐,20,2,40,现金,下午
10860,2022-09-20,冰咖啡,饮品,40,6,240,在线支付,下午
10861,2022-09-20,冰咖啡,饮品,40,8,320,在线支付,下午
10862,2022-09-20,冰咖啡,饮品,40,11,440,现金,午夜
10863,2022-09-20,瓦达汉堡,快餐,20,6,120,现金,午夜
10864,2022-09-20,冰咖啡,饮品,40,1,40,现金,下午
10865,2022-09-20,新鲜甘蔗汁,饮品,25,15,375,现金,晚上
10866,2022-09-20,冰咖啡,饮品,40,5,200,现金,下午
10867,2022-09-20,冰咖啡,饮品,40,6,240,在线支付,早晨
10868,2022-09-20,招牌三明治,快餐,60,10,600,在线支付,下午
10869,2022-09-20,瓦达汉堡,快餐,20,4,80,在线支付,晚上
10870,2022-09-20,冰咖啡,饮品,40,7,280,在线支付,傍晚
10871,2022-09-20,瓦达汉堡,快餐,20,9,180,现金,早晨
10872,2022-09-20,瓦达汉堡,快餐,20,13,260,在线支付,下午
10873,2022-09-20,咖喱土豆球,快餐,20,7,140,在线支付,午夜
10874,2022-09-20,法兰基卷,快餐,50,6,300,其他,早晨
10875,2022-09-20,新鲜甘蔗汁,饮品,25,7,175,现金,下午
10876,2022-09-20,招牌三明治,快餐,60,9,540,现金,早晨
10877,2022-09-20,冰咖啡,饮品,40,14,560,其他,早晨
10878,2022-09-20,新鲜甘蔗汁,饮品,25,10,250,在线支付,午夜
10879,2022-09-20,冰咖啡,饮品,40,10,400,在线支付,下午
10880,2022-09-20,冰咖啡,饮品,40,1,40,现金,傍晚
10881,2022-09-20,新鲜甘蔗汁,饮品,25,15,375,在线支付,傍晚
10882,2022-09-20,新鲜甘蔗汁,饮品,25,11,275,其他,早晨
10883,2022-09-20,脆球点心,快餐,20,12,240,在线支付,下午
10884,2022-09-20,冰咖啡,饮品,40,10,400,其他,午夜
10885,2022-09-20,冰咖啡,饮品,40,9,360,现金,晚上
10886,2022-09-20,新鲜甘蔗汁,饮品,25,7,175,其他,早晨
10887,2022-09-20,新鲜甘蔗汁,饮品,25,12,300,在线支付,下午
10888,2022-09-20,瓦达汉堡,快餐,20,1,20,在线支付,早晨
10889,2022-09-20,咖喱土豆球,快餐,20,10,200,在线支付,下午
10890,2022-09-20,招牌三明治,快餐,60,3,180,现金,晚上
10891,2022-09-21,瓦达汉堡,快餐,20,8,160,其他,早晨
10892,2022-09-21,脆球点心,快餐,20,10,200,在线支付,傍晚
10893,2022-09-21,招牌三明治,快餐,60,14,840,现金,晚上
10894,2022-09-21,法兰基卷,快餐,50,6,300,在线支付,下午
10895,2022-09-21,冰咖啡,饮品,40,9,360,在线支付,午夜
10896,2022-09-21,瓦达汉堡,快餐,20,7,140,在线支付,早晨
10897,2022-09-21,脆球点心,快餐,20,14,280,现金,下午
10898,2022-09-21,咖喱土豆球,快餐,20,13,260,现金,晚上
10899,2022-09-21,脆球点心,快餐,20,7,140,现金,早晨
10900,2022-09-21,新鲜甘蔗汁,饮品,25,12,300,现金,傍晚
10901,2022-09-21,脆球点心,快餐,20,10,200,在线支付,晚上
10902,2022-09-21,招牌三明治,快餐,60,13,780,现金,傍晚
10903,2022-09-21,新鲜甘蔗汁,饮品,25,11,275,在线支付,午夜
10904,2022-09-21,咖喱土豆球,快餐,20,13,260,在线支付,午夜
10905,2022-09-21,新鲜甘蔗汁,饮品,25,3,75,现金,早晨
10906,2022-09-21,法兰基卷,快餐,50,8,400,现金,午夜
10907,2022-09-21,冰咖啡,饮品,40,1,40,在线支付,傍晚
10908,2022-09-21,招牌三明治,快餐,60,11,660,其他,早晨
10909,2022-09-21,瓦达汉堡,快餐,20,9,180,在线支付,下午
10910,2022-09-21,新鲜甘蔗汁,饮品,25,8,200,在线支付,下午
10911,2022-09-21,招牌三明治,快餐,60,9,540,在线支付,傍晚
10912,2022-09-21,新鲜甘蔗汁,饮品,25,15,375,现金,早晨
10913,2022-09-21,瓦达汉堡,快餐,20,1,20,在线支付,傍晚
10914,2022-09-21,法兰基卷,快餐,50,7,350,现金,下午
10915,2022-09-21,招牌三明治,快餐,60,9,540,在线支付,午夜
10916,2022-09-21,新鲜甘蔗汁,饮品,25,8,200,在线支付,早晨
10917,2022-09-21,脆球点心,快餐,20,8,160,在线支付,下午
10918,2022-09-21,脆球点心,快餐,20,7,140,在线支付,傍晚
10919,2022-09-21,招牌三明治,快餐,60,5,300,在线支付,早晨
10920,2022-09-21,脆球点心,快餐,20,13,260,在线支付,午夜
10921,2022-09-21,冰咖啡,饮品,40,9,360,在线支付,午夜
10922,2022-09-21,脆球点心,快餐,20,4,80,现金,早晨
10923,2022-09-21,招牌三明治,快餐,60,8,480,在线支付,晚上
10924,2022-09-21,瓦达汉堡,快餐,20,5,100,在线支付,午夜
10925,2022-09-21,法兰基卷,快餐,50,14,700,在线支付,下午
10926,2022-09-21,冰咖啡,饮品,40,1,40,现金,晚上
10927,2022-09-21,冰咖啡,饮品,40,14,560,现金,傍晚
10928,2022-09-21,法兰基卷,快餐,50,4,200,其他,晚上
10929,2022-09-21,冰咖啡,饮品,40,2,80,在线支付,傍晚
10930,2022-09-21,法兰基卷,快餐,50,11,550,现金,傍晚
10931,2022-09-21,咖喱土豆球,快餐,20,11,220,在线支付,早晨
10932,2022-09-21,法兰基卷,快餐,50,10,500,现金,午夜
10933,2022-09-21,冰咖啡,饮品,40,11,440,在线支付,晚上
10934,2022-09-21,咖喱土豆球,快餐,20,10,200,现金,午夜
10935,2022-09-21,脆球点心,快餐,20,9,180,现金,傍晚
10936,2022-09-21,法兰基卷,快餐,50,8,400,在线支付,傍晚
10937,2022-09-21,脆球点心,快餐,20,10,200,现金,午夜
10938,2022-09-21,冰咖啡,饮品,40,6,240,在线支付,午夜
10939,2022-09-21,冰咖啡,饮品,40,13,520,现金,早晨
10940,2022-09-21,冰咖啡,饮品,40,12,480,现金,晚上
10941,2022-09-21,冰咖啡,饮品,40,9,360,现金,午夜
10942,2022-09-21,招牌三明治,快餐,60,14,840,在线支付,下午
10943,2022-09-21,脆球点心,快餐,20,5,100,在线支付,晚上
10944,2022-09-21,新鲜甘蔗汁,饮品,25,12,300,现金,晚上
10945,2022-09-21,咖喱土豆球,快餐,20,11,220,现金,晚上
10946,2022-09-21,法兰基卷,快餐,50,4,200,其他,早晨
10947,2022-09-21,咖喱土豆球,快餐,20,10,200,现金,午夜
10948,2022-09-21,法兰基卷,快餐,50,9,450,在线支付,下午
10949,2022-09-21,瓦达汉堡,快餐,20,8,160,在线支付,晚上
10950,2022-09-21,招牌三明治,快餐,60,7,420,在线支付,午夜
10951,2022-09-21,咖喱土豆球,快餐,20,8,160,现金,下午
10952,2022-09-21,脆球点心,快餐,20,9,180,现金,下午
10953,2022-09-21,冰咖啡,饮品,40,11,440,现金,午夜
10954,2022-09-21,法兰基卷,快餐,50,6,300,现金,晚上
10955,2022-09-21,咖喱土豆球,快餐,20,8,160,现金,下午
10956,2022-09-21,招牌三明治,快餐,60,9,540,现金,下午
10957,2022-09-21,咖喱土豆球,快餐,20,5,100,现金,午夜
10958,2022-09-21,冰咖啡,饮品,40,15,600,在线支付,早晨
10959,2022-09-21,新鲜甘蔗汁,饮品,25,9,225,在线支付,午夜
10960,2022-09-21,冰咖啡,饮品,40,11,440,在线支付,傍晚
10961,2022-09-21,新鲜甘蔗汁,饮品,25,11,275,在线支付,早晨
10962,2022-09-21,招牌三明治,快餐,60,11,660,在线支付,下午
10963,2022-09-21,脆球点心,快餐,20,4,80,现金,傍晚
10964,2022-09-21,法兰基卷,快餐,50,2,100,现金,晚上
10965,2022-09-21,瓦达汉堡,快餐,20,14,280,现金,下午
10966,2022-09-21,咖喱土豆球,快餐,20,13,260,在线支付,傍晚
10967,2022-09-21,脆球点心,快餐,20,3,60,在线支付,午夜
10968,2022-09-21,法兰基卷,快餐,50,13,650,在线支付,早晨
10969,2022-09-21,新鲜甘蔗汁,饮品,25,9,225,现金,早晨
10970,2022-09-21,新鲜甘蔗汁,饮品,25,14,350,现金,晚上
10971,2022-09-21,法兰基卷,快餐,50,7,350,现金,午夜
10972,2022-09-21,瓦达汉堡,快餐,20,1,20,其他,晚上
10973,2022-09-21,新鲜甘蔗汁,饮品,25,8,200,现金,傍晚
10974,2022-09-21,招牌三明治,快餐,60,13,780,在线支付,下午
10975,2022-09-21,新鲜甘蔗汁,饮品,25,12,300,现金,傍晚
10976,2022-09-21,瓦达汉堡,快餐,20,12,240,在线支付,傍晚
10977,2022-09-21,招牌三明治,快餐,60,8,480,在线支付,早晨
10978,2022-09-21,脆球点心,快餐,20,14,280,其他,下午
10979,2022-09-21,咖喱土豆球,快餐,20,12,240,在线支付,下午
10980,2022-09-21,新鲜甘蔗汁,饮品,25,14,350,在线支付,下午
10981,2022-09-21,咖喱土豆球,快餐,20,4,80,在线支付,下午
10982,2022-09-21,招牌三明治,快餐,60,1,60,现金,傍晚
10983,2022-09-21,招牌三明治,快餐,60,5,300,现金,傍晚
10984,2022-09-21,脆球点心,快餐,20,5,100,在线支付,早晨
10985,2022-09-21,冰咖啡,饮品,40,1,40,在线支付,午夜
10986,2022-09-21,咖喱土豆球,快餐,20,6,120,在线支付,傍晚
10987,2022-09-21,冰咖啡,饮品,40,10,400,在线支付,早晨
10988,2022-09-21,咖喱土豆球,快餐,20,15,300,在线支付,早晨
10989,2022-09-21,脆球点心,快餐,20,9,180,现金,晚上
10990,2022-09-21,招牌三明治,快餐,60,15,900,现金,下午
10991,2022-09-21,脆球点心,快餐,20,11,220,现金,傍晚
10992,2022-09-21,冰咖啡,饮品,40,3,120,现金,下午
10993,2022-09-21,冰咖啡,饮品,40,15,600,现金,早晨
10994,2022-09-21,冰咖啡,饮品,40,12,480,在线支付,傍晚
10995,2022-09-21,招牌三明治,快餐,60,9,540,现金,午夜
10996,2022-09-21,法兰基卷,快餐,50,9,450,现金,傍晚
10997,2022-09-21,冰咖啡,饮品,40,14,560,在线支付,下午
10998,2022-09-21,法兰基卷,快餐,50,3,150,在线支付,下午
10999,2022-09-21,脆球点心,快餐,20,8,160,在线支付,傍晚
11000,2022-09-21,法兰基卷,快餐,50,15,750,现金,傍晚
11001,2022-09-21,法兰基卷,快餐,50,7,350,其他,早晨
11002,2022-09-21,咖喱土豆球,快餐,20,5,100,现金,午夜
11003,2022-09-21,瓦达汉堡,快餐,20,6,120,在线支付,午夜
11004,2022-09-21,咖喱土豆球,快餐,20,14,280,现金,早晨
11005,2022-09-21,冰咖啡,饮品,40,12,480,在线支付,早晨
11006,2022-09-21,法兰基卷,快餐,50,10,500,在线支付,下午
11007,2022-09-21,新鲜甘蔗汁,饮品,25,10,250,现金,早晨
11008,2022-09-21,咖喱土豆球,快餐,20,9,180,现金,晚上
11009,2022-09-21,法兰基卷,快餐,50,11,550,在线支付,午夜
11010,2022-09-21,冰咖啡,饮品,40,11,440,在线支付,下午
11011,2022-09-21,法兰基卷,快餐,50,9,450,在线支付,午夜
11012,2022-09-21,冰咖啡,饮品,40,4,160,在线支付,晚上
11013,2022-09-21,招牌三明治,快餐,60,4,240,现金,午夜
11014,2022-09-21,新鲜甘蔗汁,饮品,25,15,375,现金,下午
11015,2022-09-21,脆球点心,快餐,20,12,240,在线支付,傍晚
11016,2022-09-21,招牌三明治,快餐,60,15,900,其他,午夜
11017,2022-09-21,冰咖啡,饮品,40,7,280,在线支付,下午
11018,2022-09-21,冰咖啡,饮品,40,7,280,现金,傍晚
11019,2022-09-22,新鲜甘蔗汁,饮品,25,6,150,在线支付,傍晚
11020,2022-09-22,咖喱土豆球,快餐,20,11,220,现金,午夜
11021,2022-09-22,冰咖啡,饮品,40,8,320,在线支付,晚上
11022,2022-09-22,冰咖啡,饮品,40,2,80,现金,早晨
11023,2022-09-22,招牌三明治,快餐,60,10,600,现金,傍晚
11024,2022-09-22,咖喱土豆球,快餐,20,15,300,在线支付,午夜
11025,2022-09-22,瓦达汉堡,快餐,20,9,180,现金,早晨
11026,2022-09-22,脆球点心,快餐,20,1,20,现金,下午
11027,2022-09-22,瓦达汉堡,快餐,20,9,180,在线支付,晚上
11028,2022-09-22,瓦达汉堡,快餐,20,3,60,现金,下午
11029,2022-09-22,新鲜甘蔗汁,饮品,25,7,175,现金,傍晚
11030,2022-09-22,冰咖啡,饮品,40,11,440,现金,早晨
11031,2022-09-22,脆球点心,快餐,20,7,140,在线支付,下午
11032,2022-09-22,瓦达汉堡,快餐,20,4,80,现金,晚上
11033,2022-09-22,冰咖啡,饮品,40,7,280,现金,傍晚
11034,2022-09-22,招牌三明治,快餐,60,9,540,在线支付,早晨
11035,2022-09-22,咖喱土豆球,快餐,20,15,300,现金,早晨
11036,2022-09-22,招牌三明治,快餐,60,7,420,在线支付,傍晚
11037,2022-09-22,招牌三明治,快餐,60,6,360,在线支付,下午
11038,2022-09-22,瓦达汉堡,快餐,20,7,140,在线支付,下午
11039,2022-09-22,法兰基卷,快餐,50,10,500,现金,早晨
11040,2022-09-22,法兰基卷,快餐,50,10,500,在线支付,下午
11041,2022-09-22,新鲜甘蔗汁,饮品,25,5,125,现金,午夜
11042,2022-09-22,冰咖啡,饮品,40,15,600,现金,晚上
11043,2022-09-22,咖喱土豆球,快餐,20,9,180,现金,早晨
11044,2022-09-22,瓦达汉堡,快餐,20,8,160,在线支付,傍晚
11045,2022-09-22,招牌三明治,快餐,60,13,780,现金,早晨
11046,2022-09-22,脆球点心,快餐,20,8,160,在线支付,下午
11047,2022-09-22,咖喱土豆球,快餐,20,9,180,在线支付,傍晚
11048,2022-09-22,冰咖啡,饮品,40,14,560,现金,晚上
11049,2022-09-22,脆球点心,快餐,20,6,120,在线支付,下午
11050,2022-09-22,脆球点心,快餐,20,5,100,在线支付,晚上
11051,2022-09-22,法兰基卷,快餐,50,8,400,现金,早晨
11052,2022-09-22,招牌三明治,快餐,60,15,900,现金,傍晚
11053,2022-09-22,法兰基卷,快餐,50,10,500,现金,午夜
11054,2022-09-22,招牌三明治,快餐,60,14,840,在线支付,下午
11055,2022-09-22,招牌三明治,快餐,60,7,420,在线支付,晚上
11056,2022-09-22,法兰基卷,快餐,50,7,350,现金,晚上
11057,2022-09-22,咖喱土豆球,快餐,20,1,20,在线支付,晚上
11058,2022-09-22,法兰基卷,快餐,50,6,300,现金,早晨
11059,2022-09-22,新鲜甘蔗汁,饮品,25,12,300,在线支付,晚上
11060,2022-09-22,脆球点心,快餐,20,9,180,现金,午夜
11061,2022-09-22,法兰基卷,快餐,50,5,250,现金,下午
11062,2022-09-22,咖喱土豆球,快餐,20,1,20,在线支付,早晨
11063,2022-09-22,法兰基卷,快餐,50,11,550,在线支付,早晨
11064,2022-09-22,瓦达汉堡,快餐,20,1,20,现金,傍晚
11065,2022-09-22,咖喱土豆球,快餐,20,6,120,在线支付,午夜
11066,2022-09-22,新鲜甘蔗汁,饮品,25,6,150,现金,下午
11067,2022-09-22,咖喱土豆球,快餐,20,13,260,现金,早晨
11068,2022-09-22,瓦达汉堡,快餐,20,1,20,在线支付,晚上
11069,2022-09-22,法兰基卷,快餐,50,13,650,现金,早晨
11070,2022-09-22,冰咖啡,饮品,40,13,520,在线支付,傍晚
11071,2022-09-22,咖喱土豆球,快餐,20,6,120,现金,晚上
11072,2022-09-22,新鲜甘蔗汁,饮品,25,3,75,在线支付,早晨
11073,2022-09-22,瓦达汉堡,快餐,20,7,140,在线支付,下午
11074,2022-09-22,新鲜甘蔗汁,饮品,25,7,175,现金,早晨
11075,2022-09-22,瓦达汉堡,快餐,20,11,220,现金,傍晚
11076,2022-09-22,法兰基卷,快餐,50,5,250,在线支付,下午
11077,2022-09-22,新鲜甘蔗汁,饮品,25,11,275,在线支付,下午
11078,2022-09-22,冰咖啡,饮品,40,14,560,在线支付,晚上
11079,2022-09-22,脆球点心,快餐,20,7,140,现金,晚上
11080,2022-09-22,瓦达汉堡,快餐,20,14,280,在线支付,午夜
11081,2022-09-22,脆球点心,快餐,20,8,160,在线支付,傍晚
11082,2022-09-22,脆球点心,快餐,20,13,260,现金,午夜
11083,2022-09-22,新鲜甘蔗汁,饮品,25,9,225,在线支付,下午
11084,2022-09-22,法兰基卷,快餐,50,6,300,现金,晚上
11085,2022-09-22,新鲜甘蔗汁,饮品,25,12,300,在线支付,下午
11086,2022-09-22,脆球点心,快餐,20,2,40,现金,早晨
11087,2022-09-22,新鲜甘蔗汁,饮品,25,1,25,在线支付,晚上
11088,2022-09-22,咖喱土豆球,快餐,20,3,60,现金,午夜
11089,2022-09-22,冰咖啡,饮品,40,7,280,在线支付,晚上
11090,2022-09-22,招牌三明治,快餐,60,3,180,在线支付,晚上
11091,2022-09-22,脆球点心,快餐,20,6,120,在线支付,傍晚
11092,2022-09-22,招牌三明治,快餐,60,11,660,现金,午夜
11093,2022-09-22,新鲜甘蔗汁,饮品,25,15,375,在线支付,下午
11094,2022-09-22,瓦达汉堡,快餐,20,4,80,在线支付,下午
11095,2022-09-22,冰咖啡,饮品,40,4,160,现金,早晨
11096,2022-09-22,瓦达汉堡,快餐,20,14,280,现金,晚上
11097,2022-09-22,瓦达汉堡,快餐,20,14,280,现金,傍晚
11098,2022-09-22,招牌三明治,快餐,60,15,900,现金,早晨
11099,2022-09-22,招牌三明治,快餐,60,10,600,现金,傍晚
11100,2022-09-22,法兰基卷,快餐,50,11,550,其他,下午
11101,2022-09-22,新鲜甘蔗汁,饮品,25,3,75,现金,晚上
11102,2022-09-22,招牌三明治,快餐,60,12,720,其他,下午
11103,2022-09-22,冰咖啡,饮品,40,15,600,在线支付,下午
11104,2022-09-22,脆球点心,快餐,20,10,200,在线支付,下午
11105,2022-09-22,新鲜甘蔗汁,饮品,25,15,375,在线支付,午夜
11106,2022-09-22,新鲜甘蔗汁,饮品,25,10,250,其他,傍晚
11107,2022-09-22,咖喱土豆球,快餐,20,2,40,现金,午夜
11108,2022-09-22,瓦达汉堡,快餐,20,4,80,在线支付,傍晚
11109,2022-09-22,新鲜甘蔗汁,饮品,25,1,25,现金,午夜
11110,2022-09-22,招牌三明治,快餐,60,4,240,现金,晚上
11111,2022-09-22,瓦达汉堡,快餐,20,9,180,现金,下午
11112,2022-09-22,瓦达汉堡,快餐,20,11,220,现金,傍晚
11113,2022-09-22,法兰基卷,快餐,50,15,750,在线支付,午夜
11114,2022-09-22,招牌三明治,快餐,60,7,420,在线支付,下午
11115,2022-09-22,冰咖啡,饮品,40,9,360,现金,傍晚
11116,2022-09-22,脆球点心,快餐,20,11,220,在线支付,午夜
11117,2022-09-22,咖喱土豆球,快餐,20,7,140,现金,早晨
11118,2022-09-22,法兰基卷,快餐,50,12,600,现金,傍晚
11119,2022-09-22,脆球点心,快餐,20,14,280,现金,晚上
11120,2022-09-22,瓦达汉堡,快餐,20,8,160,在线支付,傍晚
11121,2022-09-22,法兰基卷,快餐,50,10,500,其他,傍晚
11122,2022-09-22,冰咖啡,饮品,40,9,360,现金,下午
11123,2022-09-22,脆球点心,快餐,20,14,280,现金,下午
11124,2022-09-22,新鲜甘蔗汁,饮品,25,4,100,在线支付,晚上
11125,2022-09-22,新鲜甘蔗汁,饮品,25,10,250,现金,午夜
11126,2022-09-22,咖喱土豆球,快餐,20,4,80,现金,下午
11127,2022-09-22,咖喱土豆球,快餐,20,8,160,现金,晚上
11128,2022-09-22,法兰基卷,快餐,50,7,350,现金,早晨
11129,2022-09-22,冰咖啡,饮品,40,8,320,在线支付,下午
11130,2022-09-22,脆球点心,快餐,20,4,80,现金,傍晚
11131,2022-09-22,新鲜甘蔗汁,饮品,25,15,375,其他,午夜
11132,2022-09-22,咖喱土豆球,快餐,20,8,160,现金,傍晚
11133,2022-09-22,脆球点心,快餐,20,10,200,现金,早晨
11134,2022-09-22,新鲜甘蔗汁,饮品,25,7,175,现金,早晨
11135,2022-09-22,瓦达汉堡,快餐,20,7,140,在线支付,晚上
11136,2022-09-22,脆球点心,快餐,20,11,220,现金,晚上
11137,2022-09-22,瓦达汉堡,快餐,20,11,220,在线支付,晚上
11138,2022-09-22,冰咖啡,饮品,40,8,320,在线支付,下午
11139,2022-09-22,脆球点心,快餐,20,15,300,其他,午夜
11140,2022-09-22,法兰基卷,快餐,50,6,300,现金,晚上
11141,2022-09-22,咖喱土豆球,快餐,20,12,240,现金,下午
11142,2022-09-22,瓦达汉堡,快餐,20,15,300,现金,下午
11143,2022-09-22,冰咖啡,饮品,40,10,400,现金,下午
11144,2022-09-22,冰咖啡,饮品,40,6,240,现金,下午
11145,2022-09-22,脆球点心,快餐,20,9,180,现金,早晨
11146,2022-09-22,咖喱土豆球,快餐,20,2,40,在线支付,午夜
11147,2022-09-22,新鲜甘蔗汁,饮品,25,8,200,在线支付,午夜
11148,2022-09-22,瓦达汉堡,快餐,20,7,140,现金,傍晚
11149,2022-09-22,招牌三明治,快餐,60,12,720,其他,晚上
11150,2022-09-22,法兰基卷,快餐,50,5,250,在线支付,午夜
11151,2022-09-22,咖喱土豆球,快餐,20,12,240,在线支付,晚上
11152,2022-09-22,脆球点心,快餐,20,11,220,现金,早晨
11153,2022-09-22,招牌三明治,快餐,60,2,120,现金,下午
11154,2022-09-22,咖喱土豆球,快餐,20,8,160,现金,下午
11155,2022-09-22,冰咖啡,饮品,40,2,80,现金,下午
11156,2022-09-22,冰咖啡,饮品,40,8,320,现金,午夜
11157,2022-09-22,瓦达汉堡,快餐,20,8,160,在线支付,傍晚
11158,2022-09-22,法兰基卷,快餐,50,1,50,其他,下午
11159,2022-09-22,冰咖啡,饮品,40,1,40,在线支付,下午
11160,2022-09-22,新鲜甘蔗汁,饮品,25,3,75,在线支付,下午
11161,2022-09-22,咖喱土豆球,快餐,20,4,80,现金,午夜
11162,2022-09-22,冰咖啡,饮品,40,15,600,在线支付,午夜
11163,2022-09-22,新鲜甘蔗汁,饮品,25,4,100,在线支付,午夜
11164,2022-09-22,瓦达汉堡,快餐,20,8,160,现金,早晨
11165,2022-09-23,新鲜甘蔗汁,饮品,25,15,375,现金,午夜
11166,2022-09-23,法兰基卷,快餐,50,6,300,在线支付,傍晚
11167,2022-09-23,脆球点心,快餐,20,9,180,现金,晚上
11168,2022-09-23,瓦达汉堡,快餐,20,4,80,在线支付,早晨
11169,2022-09-23,招牌三明治,快餐,60,9,540,现金,午夜
11170,2022-09-23,咖喱土豆球,快餐,20,11,220,在线支付,傍晚
11171,2022-09-23,脆球点心,快餐,20,5,100,现金,下午
11172,2022-09-23,冰咖啡,饮品,40,9,360,在线支付,早晨
11173,2022-09-23,冰咖啡,饮品,40,10,400,在线支付,午夜
11174,2022-09-23,招牌三明治,快餐,60,3,180,现金,晚上
11175,2022-09-23,脆球点心,快餐,20,14,280,其他,午夜
11176,2022-09-23,脆球点心,快餐,20,15,300,现金,晚上
11177,2022-09-23,新鲜甘蔗汁,饮品,25,7,175,现金,下午
11178,2022-09-23,法兰基卷,快餐,50,11,550,现金,午夜
11179,2022-09-23,脆球点心,快餐,20,9,180,现金,早晨
11180,2022-09-23,瓦达汉堡,快餐,20,7,140,现金,午夜
11181,2022-09-23,新鲜甘蔗汁,饮品,25,11,275,现金,傍晚
11182,2022-09-23,新鲜甘蔗汁,饮品,25,14,350,在线支付,下午
11183,2022-09-23,瓦达汉堡,快餐,20,6,120,现金,晚上
11184,2022-09-23,招牌三明治,快餐,60,3,180,现金,傍晚
11185,2022-09-23,新鲜甘蔗汁,饮品,25,15,375,在线支付,午夜
11186,2022-09-23,新鲜甘蔗汁,饮品,25,11,275,现金,午夜
11187,2022-09-23,招牌三明治,快餐,60,15,900,其他,午夜
11188,2022-09-23,咖喱土豆球,快餐,20,5,100,现金,晚上
11189,2022-09-23,咖喱土豆球,快餐,20,11,220,现金,傍晚
11190,2022-09-23,脆球点心,快餐,20,11,220,现金,晚上
11191,2022-09-23,咖喱土豆球,快餐,20,5,100,在线支付,早晨
11192,2022-09-23,瓦达汉堡,快餐,20,7,140,现金,下午
11193,2022-09-23,冰咖啡,饮品,40,8,320,在线支付,下午
11194,2022-09-23,冰咖啡,饮品,40,4,160,在线支付,傍晚
11195,2022-09-23,冰咖啡,饮品,40,4,160,现金,傍晚
11196,2022-09-23,招牌三明治,快餐,60,13,780,在线支付,傍晚
11197,2022-09-23,咖喱土豆球,快餐,20,8,160,现金,晚上
11198,2022-09-23,咖喱土豆球,快餐,20,4,80,在线支付,早晨
11199,2022-09-23,法兰基卷,快餐,50,5,250,现金,早晨
11200,2022-09-23,咖喱土豆球,快餐,20,15,300,现金,傍晚
11201,2022-09-23,招牌三明治,快餐,60,14,840,现金,午夜
11202,2022-09-23,招牌三明治,快餐,60,3,180,现金,晚上
11203,2022-09-23,新鲜甘蔗汁,饮品,25,4,100,现金,午夜
11204,2022-09-23,脆球点心,快餐,20,14,280,现金,晚上
11205,2022-09-23,新鲜甘蔗汁,饮品,25,11,275,现金,傍晚
11206,2022-09-23,冰咖啡,饮品,40,7,280,其他,午夜
11207,2022-09-23,冰咖啡,饮品,40,4,160,在线支付,早晨
11208,2022-09-23,法兰基卷,快餐,50,5,250,现金,晚上
11209,2022-09-23,新鲜甘蔗汁,饮品,25,13,325,在线支付,午夜
11210,2022-09-23,冰咖啡,饮品,40,8,320,其他,早晨
11211,2022-09-23,咖喱土豆球,快餐,20,15,300,现金,午夜
11212,2022-09-23,新鲜甘蔗汁,饮品,25,2,50,现金,午夜
11213,2022-09-23,咖喱土豆球,快餐,20,9,180,现金,晚上
11214,2022-09-23,法兰基卷,快餐,50,10,500,在线支付,午夜
11215,2022-09-23,招牌三明治,快餐,60,5,300,在线支付,午夜
11216,2022-09-23,冰咖啡,饮品,40,9,360,其他,傍晚
11217,2022-09-23,咖喱土豆球,快餐,20,1,20,在线支付,晚上
11218,2022-09-23,冰咖啡,饮品,40,12,480,在线支付,午夜
11219,2022-09-23,脆球点心,快餐,20,9,180,现金,晚上
11220,2022-09-23,新鲜甘蔗汁,饮品,25,13,325,现金,傍晚
11221,2022-09-23,招牌三明治,快餐,60,15,900,在线支付,晚上
11222,2022-09-23,新鲜甘蔗汁,饮品,25,3,75,在线支付,早晨
11223,2022-09-23,咖喱土豆球,快餐,20,11,220,在线支付,晚上
11224,2022-09-23,新鲜甘蔗汁,饮品,25,8,200,现金,晚上
11225,2022-09-23,招牌三明治,快餐,60,9,540,在线支付,晚上
11226,2022-09-23,瓦达汉堡,快餐,20,15,300,在线支付,傍晚
11227,2022-09-23,法兰基卷,快餐,50,7,350,在线支付,晚上
11228,2022-09-23,法兰基卷,快餐,50,6,300,现金,午夜
11229,2022-09-23,新鲜甘蔗汁,饮品,25,14,350,其他,早晨
11230,2022-09-23,招牌三明治,快餐,60,13,780,在线支付,下午
11231,2022-09-23,新鲜甘蔗汁,饮品,25,12,300,现金,早晨
11232,2022-09-23,招牌三明治,快餐,60,14,840,现金,傍晚
11233,2022-09-23,法兰基卷,快餐,50,10,500,在线支付,下午
11234,2022-09-23,法兰基卷,快餐,50,15,750,现金,午夜
11235,2022-09-23,新鲜甘蔗汁,饮品,25,5,125,在线支付,下午
11236,2022-09-23,脆球点心,快餐,20,13,260,现金,晚上
11237,2022-09-23,脆球点心,快餐,20,11,220,在线支付,下午
11238,2022-09-23,新鲜甘蔗汁,饮品,25,15,375,其他,晚上
11239,2022-09-23,招牌三明治,快餐,60,8,480,其他,午夜
11240,2022-09-23,冰咖啡,饮品,40,13,520,在线支付,早晨
11241,2022-09-23,法兰基卷,快餐,50,7,350,现金,晚上
11242,2022-09-23,招牌三明治,快餐,60,10,600,在线支付,晚上
11243,2022-09-23,新鲜甘蔗汁,饮品,25,10,250,在线支付,傍晚
11244,2022-09-23,咖喱土豆球,快餐,20,11,220,在线支付,晚上
11245,2022-09-23,冰咖啡,饮品,40,14,560,现金,早晨
11246,2022-09-23,招牌三明治,快餐,60,9,540,在线支付,晚上
11247,2022-09-23,瓦达汉堡,快餐,20,5,100,其他,傍晚
11248,2022-09-23,冰咖啡,饮品,40,11,440,在线支付,傍晚
11249,2022-09-23,新鲜甘蔗汁,饮品,25,8,200,在线支付,午夜
11250,2022-09-23,新鲜甘蔗汁,饮品,25,8,200,在线支付,午夜
11251,2022-09-23,脆球点心,快餐,20,14,280,现金,早晨
11252,2022-09-23,冰咖啡,饮品,40,12,480,现金,晚上
11253,2022-09-23,脆球点心,快餐,20,13,260,在线支付,傍晚
11254,2022-09-23,脆球点心,快餐,20,15,300,现金,晚上
11255,2022-09-23,咖喱土豆球,快餐,20,2,40,其他,傍晚
11256,2022-09-23,新鲜甘蔗汁,饮品,25,7,175,现金,早晨
11257,2022-09-23,新鲜甘蔗汁,饮品,25,8,200,其他,午夜
11258,2022-09-23,脆球点心,快餐,20,7,140,现金,下午
11259,2022-09-23,招牌三明治,快餐,60,4,240,在线支付,傍晚
11260,2022-09-23,冰咖啡,饮品,40,6,240,现金,傍晚
11261,2022-09-23,瓦达汉堡,快餐,20,13,260,现金,早晨
11262,2022-09-23,咖喱土豆球,快餐,20,2,40,现金,午夜
11263,2022-09-23,新鲜甘蔗汁,饮品,25,13,325,现金,晚上
11264,2022-09-23,招牌三明治,快餐,60,10,600,在线支付,晚上
11265,2022-09-23,法兰基卷,快餐,50,10,500,在线支付,午夜
11266,2022-09-23,瓦达汉堡,快餐,20,4,80,现金,傍晚
11267,2022-09-23,新鲜甘蔗汁,饮品,25,9,225,现金,早晨
11268,2022-09-23,咖喱土豆球,快餐,20,1,20,其他,晚上
11269,2022-09-23,法兰基卷,快餐,50,13,650,在线支付,晚上
11270,2022-09-23,脆球点心,快餐,20,9,180,现金,下午
11271,2022-09-23,法兰基卷,快餐,50,14,700,在线支付,傍晚
11272,2022-09-23,冰咖啡,饮品,40,14,560,现金,早晨
11273,2022-09-23,脆球点心,快餐,20,12,240,在线支付,早晨
11274,2022-09-23,法兰基卷,快餐,50,8,400,在线支付,早晨
11275,2022-09-23,新鲜甘蔗汁,饮品,25,15,375,现金,午夜
11276,2022-09-23,脆球点心,快餐,20,8,160,在线支付,下午
11277,2022-09-23,招牌三明治,快餐,60,9,540,在线支付,傍晚
11278,2022-09-23,新鲜甘蔗汁,饮品,25,12,300,在线支付,下午
11279,2022-09-23,招牌三明治,快餐,60,15,900,在线支付,早晨
11280,2022-09-23,法兰基卷,快餐,50,7,350,其他,下午
11281,2022-09-23,咖喱土豆球,快餐,20,5,100,现金,午夜
11282,2022-09-23,冰咖啡,饮品,40,6,240,现金,傍晚
11283,2022-09-23,招牌三明治,快餐,60,12,720,在线支付,早晨
11284,2022-09-23,新鲜甘蔗汁,饮品,25,13,325,在线支付,傍晚
11285,2022-09-23,冰咖啡,饮品,40,7,280,在线支付,晚上
11286,2022-09-23,法兰基卷,快餐,50,6,300,在线支付,晚上
11287,2022-09-23,咖喱土豆球,快餐,20,15,300,现金,午夜
11288,2022-09-23,脆球点心,快餐,20,10,200,现金,晚上
11289,2022-09-23,瓦达汉堡,快餐,20,11,220,现金,午夜
11290,2022-09-23,法兰基卷,快餐,50,15,750,其他,晚上
11291,2022-09-23,新鲜甘蔗汁,饮品,25,9,225,其他,早晨
11292,2022-09-23,法兰基卷,快餐,50,15,750,现金,下午
11293,2022-09-23,新鲜甘蔗汁,饮品,25,9,225,现金,下午
11294,2022-09-23,招牌三明治,快餐,60,7,420,在线支付,傍晚
11295,2022-09-23,新鲜甘蔗汁,饮品,25,2,50,现金,下午
11296,2022-09-23,冰咖啡,饮品,40,9,360,现金,晚上
11297,2022-09-24,新鲜甘蔗汁,饮品,25,7,175,在线支付,晚上
11298,2022-09-24,法兰基卷,快餐,50,6,300,其他,早晨
11299,2022-09-24,脆球点心,快餐,20,10,200,现金,傍晚
11300,2022-09-24,新鲜甘蔗汁,饮品,25,6,150,在线支付,午夜
11301,2022-09-24,瓦达汉堡,快餐,20,11,220,在线支付,午夜
11302,2022-09-24,法兰基卷,快餐,50,4,200,在线支付,早晨
11303,2022-09-24,冰咖啡,饮品,40,6,240,现金,早晨
11304,2022-09-24,瓦达汉堡,快餐,20,7,140,现金,晚上
11305,2022-09-24,新鲜甘蔗汁,饮品,25,11,275,现金,傍晚
11306,2022-09-24,招牌三明治,快餐,60,9,540,现金,晚上
11307,2022-09-24,咖喱土豆球,快餐,20,1,20,其他,晚上
11308,2022-09-24,冰咖啡,饮品,40,8,320,现金,早晨
11309,2022-09-24,脆球点心,快餐,20,11,220,现金,下午
11310,2022-09-24,招牌三明治,快餐,60,4,240,现金,午夜
11311,2022-09-24,瓦达汉堡,快餐,20,7,140,现金,下午
11312,2022-09-24,冰咖啡,饮品,40,12,480,其他,晚上
11313,2022-09-24,冰咖啡,饮品,40,13,520,现金,傍晚
11314,2022-09-24,冰咖啡,饮品,40,15,600,在线支付,傍晚
11315,2022-09-24,新鲜甘蔗汁,饮品,25,15,375,其他,午夜
11316,2022-09-24,法兰基卷,快餐,50,1,50,在线支付,傍晚
11317,2022-09-24,新鲜甘蔗汁,饮品,25,8,200,现金,晚上
11318,2022-09-24,瓦达汉堡,快餐,20,4,80,现金,早晨
11319,2022-09-24,咖喱土豆球,快餐,20,14,280,在线支付,午夜
11320,2022-09-24,冰咖啡,饮品,40,6,240,现金,午夜
11321,2022-09-24,脆球点心,快餐,20,8,160,现金,晚上
11322,2022-09-24,冰咖啡,饮品,40,10,400,现金,傍晚
11323,2022-09-24,咖喱土豆球,快餐,20,1,20,现金,早晨
11324,2022-09-24,新鲜甘蔗汁,饮品,25,14,350,现金,早晨
11325,2022-09-24,咖喱土豆球,快餐,20,2,40,在线支付,傍晚
11326,2022-09-24,咖喱土豆球,快餐,20,2,40,现金,傍晚
11327,2022-09-24,瓦达汉堡,快餐,20,7,140,现金,晚上
11328,2022-09-24,新鲜甘蔗汁,饮品,25,11,275,现金,午夜
11329,2022-09-24,瓦达汉堡,快餐,20,1,20,现金,晚上
11330,2022-09-24,新鲜甘蔗汁,饮品,25,8,200,其他,下午
11331,2022-09-24,咖喱土豆球,快餐,20,7,140,在线支付,下午
11332,2022-09-24,冰咖啡,饮品,40,12,480,在线支付,午夜
11333,2022-09-24,瓦达汉堡,快餐,20,8,160,其他,下午
11334,2022-09-24,瓦达汉堡,快餐,20,11,220,在线支付,傍晚
11335,2022-09-24,法兰基卷,快餐,50,10,500,在线支付,下午
11336,2022-09-24,招牌三明治,快餐,60,6,360,在线支付,晚上
11337,2022-09-24,招牌三明治,快餐,60,5,300,现金,午夜
11338,2022-09-24,脆球点心,快餐,20,1,20,现金,傍晚
11339,2022-09-24,新鲜甘蔗汁,饮品,25,7,175,在线支付,晚上
11340,2022-09-24,招牌三明治,快餐,60,7,420,在线支付,晚上
11341,2022-09-24,招牌三明治,快餐,60,9,540,现金,午夜
11342,2022-09-24,咖喱土豆球,快餐,20,7,140,在线支付,晚上
11343,2022-09-24,新鲜甘蔗汁,饮品,25,15,375,在线支付,傍晚
11344,2022-09-24,脆球点心,快餐,20,5,100,现金,午夜
11345,2022-09-24,冰咖啡,饮品,40,10,400,在线支付,晚上
11346,2022-09-24,咖喱土豆球,快餐,20,4,80,在线支付,早晨
11347,2022-09-24,招牌三明治,快餐,60,15,900,在线支付,早晨
11348,2022-09-24,冰咖啡,饮品,40,4,160,现金,傍晚
11349,2022-09-24,法兰基卷,快餐,50,6,300,在线支付,晚上
11350,2022-09-24,咖喱土豆球,快餐,20,7,140,现金,下午
11351,2022-09-24,瓦达汉堡,快餐,20,9,180,其他,下午
11352,2022-09-24,法兰基卷,快餐,50,6,300,在线支付,下午
11353,2022-09-24,新鲜甘蔗汁,饮品,25,3,75,其他,晚上
11354,2022-09-24,冰咖啡,饮品,40,10,400,在线支付,晚上
11355,2022-09-24,招牌三明治,快餐,60,5,300,在线支付,晚上
11356,2022-09-24,冰咖啡,饮品,40,7,280,在线支付,傍晚
11357,2022-09-24,脆球点心,快餐,20,5,100,现金,晚上
11358,2022-09-24,冰咖啡,饮品,40,12,480,现金,傍晚
11359,2022-09-24,新鲜甘蔗汁,饮品,25,11,275,在线支付,傍晚
11360,2022-09-24,法兰基卷,快餐,50,15,750,在线支付,傍晚
11361,2022-09-24,瓦达汉堡,快餐,20,3,60,在线支付,早晨
11362,2022-09-24,招牌三明治,快餐,60,15,900,在线支付,早晨
11363,2022-09-24,瓦达汉堡,快餐,20,10,200,在线支付,傍晚
11364,2022-09-24,咖喱土豆球,快餐,20,5,100,在线支付,晚上
11365,2022-09-24,冰咖啡,饮品,40,5,200,在线支付,下午
11366,2022-09-24,法兰基卷,快餐,50,5,250,在线支付,早晨
11367,2022-09-24,瓦达汉堡,快餐,20,15,300,现金,晚上
11368,2022-09-24,瓦达汉堡,快餐,20,15,300,在线支付,午夜
11369,2022-09-24,招牌三明治,快餐,60,6,360,在线支付,下午
11370,2022-09-24,法兰基卷,快餐,50,13,650,其他,午夜
11371,2022-09-24,瓦达汉堡,快餐,20,3,60,现金,晚上
11372,2022-09-24,瓦达汉堡,快餐,20,9,180,其他,傍晚
11373,2022-09-24,新鲜甘蔗汁,饮品,25,10,250,现金,傍晚
11374,2022-09-24,法兰基卷,快餐,50,15,750,在线支付,晚上
11375,2022-09-24,咖喱土豆球,快餐,20,8,160,在线支付,午夜
11376,2022-09-24,冰咖啡,饮品,40,7,280,现金,早晨
11377,2022-09-24,法兰基卷,快餐,50,9,450,在线支付,午夜
11378,2022-09-24,新鲜甘蔗汁,饮品,25,7,175,在线支付,午夜
11379,2022-09-24,冰咖啡,饮品,40,3,120,现金,下午
11380,2022-09-24,法兰基卷,快餐,50,4,200,现金,午夜
11381,2022-09-24,瓦达汉堡,快餐,20,13,260,现金,晚上
11382,2022-09-24,冰咖啡,饮品,40,6,240,现金,晚上
11383,2022-09-24,冰咖啡,饮品,40,7,280,现金,早晨
11384,2022-09-24,招牌三明治,快餐,60,6,360,现金,晚上
11385,2022-09-24,脆球点心,快餐,20,15,300,在线支付,傍晚
11386,2022-09-24,新鲜甘蔗汁,饮品,25,7,175,现金,傍晚
11387,2022-09-24,新鲜甘蔗汁,饮品,25,10,250,现金,晚上
11388,2022-09-24,脆球点心,快餐,20,15,300,现金,午夜
11389,2022-09-24,瓦达汉堡,快餐,20,6,120,现金,傍晚
11390,2022-09-24,脆球点心,快餐,20,7,140,在线支付,午夜
11391,2022-09-24,招牌三明治,快餐,60,14,840,在线支付,下午
11392,2022-09-24,法兰基卷,快餐,50,8,400,在线支付,下午
11393,2022-09-24,咖喱土豆球,快餐,20,11,220,现金,晚上
11394,2022-09-24,新鲜甘蔗汁,饮品,25,11,275,其他,早晨
11395,2022-09-24,招牌三明治,快餐,60,10,600,现金,午夜
11396,2022-09-24,冰咖啡,饮品,40,15,600,现金,傍晚
11397,2022-09-24,法兰基卷,快餐,50,10,500,在线支付,午夜
11398,2022-09-24,咖喱土豆球,快餐,20,9,180,在线支付,早晨
11399,2022-09-24,法兰基卷,快餐,50,10,500,其他,下午
11400,2022-09-24,脆球点心,快餐,20,9,180,在线支付,傍晚
11401,2022-09-24,法兰基卷,快餐,50,11,550,现金,下午
11402,2022-09-24,法兰基卷,快餐,50,7,350,现金,傍晚
11403,2022-09-24,瓦达汉堡,快餐,20,9,180,在线支付,午夜
11404,2022-09-24,新鲜甘蔗汁,饮品,25,11,275,现金,晚上
11405,2022-09-24,瓦达汉堡,快餐,20,6,120,在线支付,傍晚
11406,2022-09-24,咖喱土豆球,快餐,20,7,140,在线支付,午夜
11407,2022-09-24,新鲜甘蔗汁,饮品,25,15,375,在线支付,下午
11408,2022-09-24,新鲜甘蔗汁,饮品,25,6,150,在线支付,晚上
11409,2022-09-24,新鲜甘蔗汁,饮品,25,7,175,在线支付,午夜
11410,2022-09-24,脆球点心,快餐,20,15,300,现金,早晨
11411,2022-09-24,法兰基卷,快餐,50,9,450,其他,午夜
11412,2022-09-24,咖喱土豆球,快餐,20,1,20,现金,午夜
11413,2022-09-24,瓦达汉堡,快餐,20,9,180,现金,早晨
11414,2022-09-24,招牌三明治,快餐,60,6,360,在线支付,下午
11415,2022-09-24,咖喱土豆球,快餐,20,8,160,在线支付,晚上
11416,2022-09-24,新鲜甘蔗汁,饮品,25,13,325,现金,晚上
11417,2022-09-24,招牌三明治,快餐,60,14,840,现金,早晨
11418,2022-09-24,脆球点心,快餐,20,10,200,在线支付,傍晚
11419,2022-09-24,瓦达汉堡,快餐,20,15,300,现金,晚上
11420,2022-09-24,招牌三明治,快餐,60,10,600,在线支付,下午
11421,2022-09-24,招牌三明治,快餐,60,5,300,在线支付,下午
11422,2022-09-24,新鲜甘蔗汁,饮品,25,6,150,现金,晚上
11423,2022-09-24,脆球点心,快餐,20,4,80,在线支付,早晨
11424,2022-09-24,脆球点心,快餐,20,10,200,现金,下午
11425,2022-09-24,脆球点心,快餐,20,9,180,其他,傍晚
11426,2022-09-24,冰咖啡,饮品,40,3,120,在线支付,晚上
11427,2022-09-24,咖喱土豆球,快餐,20,4,80,其他,午夜
11428,2022-09-24,法兰基卷,快餐,50,11,550,在线支付,傍晚
11429,2022-09-24,法兰基卷,快餐,50,14,700,现金,下午
11430,2022-09-24,法兰基卷,快餐,50,13,650,其他,下午
11431,2022-09-24,冰咖啡,饮品,40,11,440,现金,晚上
11432,2022-09-24,新鲜甘蔗汁,饮品,25,11,275,在线支付,午夜
11433,2022-09-24,冰咖啡,饮品,40,2,80,现金,下午
11434,2022-09-24,瓦达汉堡,快餐,20,6,120,现金,早晨
11435,2022-09-24,咖喱土豆球,快餐,20,11,220,现金,傍晚
11436,2022-09-24,咖喱土豆球,快餐,20,5,100,现金,晚上
11437,2022-09-24,新鲜甘蔗汁,饮品,25,12,300,在线支付,晚上
11438,2022-09-24,冰咖啡,饮品,40,5,200,现金,晚上
11439,2022-09-24,瓦达汉堡,快餐,20,10,200,现金,傍晚
11440,2022-09-24,法兰基卷,快餐,50,10,500,现金,午夜
11441,2022-09-25,冰咖啡,饮品,40,6,240,在线支付,傍晚
11442,2022-09-25,新鲜甘蔗汁,饮品,25,8,200,现金,早晨
11443,2022-09-25,脆球点心,快餐,20,9,180,现金,傍晚
11444,2022-09-25,咖喱土豆球,快餐,20,8,160,现金,傍晚
11445,2022-09-25,法兰基卷,快餐,50,7,350,其他,午夜
11446,2022-09-25,招牌三明治,快餐,60,7,420,在线支付,午夜
11447,2022-09-25,咖喱土豆球,快餐,20,15,300,在线支付,午夜
11448,2022-09-25,招牌三明治,快餐,60,13,780,现金,下午
11449,2022-09-25,脆球点心,快餐,20,11,220,其他,下午
11450,2022-09-25,脆球点心,快餐,20,7,140,在线支付,下午
11451,2022-09-25,脆球点心,快餐,20,7,140,其他,早晨
11452,2022-09-25,脆球点心,快餐,20,10,200,现金,下午
11453,2022-09-25,法兰基卷,快餐,50,15,750,现金,晚上
11454,2022-09-25,法兰基卷,快餐,50,7,350,现金,下午
11455,2022-09-25,招牌三明治,快餐,60,7,420,现金,傍晚
11456,2022-09-25,法兰基卷,快餐,50,15,750,现金,午夜
11457,2022-09-25,咖喱土豆球,快餐,20,7,140,在线支付,午夜
11458,2022-09-25,瓦达汉堡,快餐,20,7,140,在线支付,下午
11459,2022-09-25,招牌三明治,快餐,60,7,420,现金,午夜
11460,2022-09-25,咖喱土豆球,快餐,20,11,220,现金,下午
11461,2022-09-25,新鲜甘蔗汁,饮品,25,6,150,在线支付,下午
11462,2022-09-25,新鲜甘蔗汁,饮品,25,1,25,在线支付,下午
11463,2022-09-25,咖喱土豆球,快餐,20,15,300,在线支付,傍晚
11464,2022-09-25,法兰基卷,快餐,50,1,50,在线支付,傍晚
11465,2022-09-25,冰咖啡,饮品,40,4,160,现金,早晨
11466,2022-09-25,法兰基卷,快餐,50,10,500,现金,下午
11467,2022-09-25,脆球点心,快餐,20,8,160,在线支付,午夜
11468,2022-09-25,招牌三明治,快餐,60,9,540,在线支付,晚上
11469,2022-09-25,法兰基卷,快餐,50,5,250,在线支付,傍晚
11470,2022-09-25,法兰基卷,快餐,50,5,250,现金,下午
11471,2022-09-25,招牌三明治,快餐,60,11,660,现金,早晨
11472,2022-09-25,咖喱土豆球,快餐,20,1,20,在线支付,早晨
11473,2022-09-25,新鲜甘蔗汁,饮品,25,10,250,在线支付,早晨
11474,2022-09-25,新鲜甘蔗汁,饮品,25,2,50,现金,午夜
11475,2022-09-25,瓦达汉堡,快餐,20,15,300,在线支付,晚上
11476,2022-09-25,冰咖啡,饮品,40,13,520,现金,傍晚
11477,2022-09-25,瓦达汉堡,快餐,20,12,240,现金,傍晚
11478,2022-09-25,瓦达汉堡,快餐,20,3,60,现金,晚上
11479,2022-09-25,脆球点心,快餐,20,10,200,在线支付,午夜
11480,2022-09-25,新鲜甘蔗汁,饮品,25,1,25,在线支付,晚上
11481,2022-09-25,冰咖啡,饮品,40,9,360,现金,午夜
11482,2022-09-25,咖喱土豆球,快餐,20,15,300,在线支付,傍晚
11483,2022-09-25,冰咖啡,饮品,40,11,440,在线支付,晚上
11484,2022-09-25,脆球点心,快餐,20,4,80,其他,晚上
11485,2022-09-25,招牌三明治,快餐,60,6,360,在线支付,午夜
11486,2022-09-25,咖喱土豆球,快餐,20,9,180,在线支付,午夜
11487,2022-09-25,瓦达汉堡,快餐,20,15,300,现金,晚上
11488,2022-09-25,新鲜甘蔗汁,饮品,25,10,250,现金,午夜
11489,2022-09-25,咖喱土豆球,快餐,20,9,180,现金,傍晚
11490,2022-09-25,新鲜甘蔗汁,饮品,25,10,250,在线支付,下午
11491,2022-09-25,瓦达汉堡,快餐,20,7,140,现金,晚上
11492,2022-09-25,新鲜甘蔗汁,饮品,25,4,100,现金,午夜
11493,2022-09-25,招牌三明治,快餐,60,15,900,在线支付,傍晚
11494,2022-09-25,冰咖啡,饮品,40,1,40,在线支付,午夜
11495,2022-09-25,冰咖啡,饮品,40,10,400,在线支付,晚上
11496,2022-09-25,冰咖啡,饮品,40,7,280,现金,下午
11497,2022-09-25,招牌三明治,快餐,60,15,900,现金,午夜
11498,2022-09-25,冰咖啡,饮品,40,14,560,在线支付,傍晚
11499,2022-09-25,法兰基卷,快餐,50,13,650,现金,下午
11500,2022-09-25,咖喱土豆球,快餐,20,10,200,在线支付,傍晚
11501,2022-09-25,瓦达汉堡,快餐,20,13,260,现金,早晨
11502,2022-09-25,招牌三明治,快餐,60,3,180,其他,午夜
11503,2022-09-25,冰咖啡,饮品,40,15,600,在线支付,早晨
11504,2022-09-25,瓦达汉堡,快餐,20,9,180,在线支付,下午
11505,2022-09-25,咖喱土豆球,快餐,20,8,160,在线支付,晚上
11506,2022-09-25,新鲜甘蔗汁,饮品,25,11,275,其他,晚上
11507,2022-09-25,咖喱土豆球,快餐,20,4,80,在线支付,晚上
11508,2022-09-25,瓦达汉堡,快餐,20,12,240,其他,早晨
11509,2022-09-25,招牌三明治,快餐,60,10,600,现金,晚上
11510,2022-09-25,脆球点心,快餐,20,9,180,在线支付,晚上
11511,2022-09-25,脆球点心,快餐,20,3,60,在线支付,下午
11512,2022-09-25,冰咖啡,饮品,40,3,120,在线支付,早晨
11513,2022-09-25,冰咖啡,饮品,40,13,520,现金,早晨
11514,2022-09-25,瓦达汉堡,快餐,20,11,220,现金,午夜
11515,2022-09-25,冰咖啡,饮品,40,1,40,现金,下午
11516,2022-09-25,冰咖啡,饮品,40,13,520,现金,午夜
11517,2022-09-25,咖喱土豆球,快餐,20,11,220,现金,晚上
11518,2022-09-25,招牌三明治,快餐,60,2,120,在线支付,下午
11519,2022-09-25,冰咖啡,饮品,40,6,240,在线支付,午夜
11520,2022-09-25,咖喱土豆球,快餐,20,13,260,现金,傍晚
11521,2022-09-25,咖喱土豆球,快餐,20,2,40,在线支付,傍晚
11522,2022-09-25,冰咖啡,饮品,40,11,440,在线支付,傍晚
11523,2022-09-25,新鲜甘蔗汁,饮品,25,9,225,其他,晚上
11524,2022-09-25,法兰基卷,快餐,50,7,350,在线支付,傍晚
11525,2022-09-25,冰咖啡,饮品,40,10,400,现金,午夜
11526,2022-09-25,脆球点心,快餐,20,8,160,在线支付,下午
11527,2022-09-25,新鲜甘蔗汁,饮品,25,12,300,其他,下午
11528,2022-09-25,冰咖啡,饮品,40,7,280,其他,傍晚
11529,2022-09-25,瓦达汉堡,快餐,20,8,160,现金,晚上
11530,2022-09-25,招牌三明治,快餐,60,15,900,现金,傍晚
11531,2022-09-25,新鲜甘蔗汁,饮品,25,1,25,在线支付,傍晚
11532,2022-09-25,冰咖啡,饮品,40,5,200,现金,早晨
11533,2022-09-25,咖喱土豆球,快餐,20,10,200,在线支付,晚上
11534,2022-09-25,法兰基卷,快餐,50,13,650,现金,傍晚
11535,2022-09-25,脆球点心,快餐,20,4,80,现金,午夜
11536,2022-09-25,脆球点心,快餐,20,9,180,现金,下午
11537,2022-09-25,新鲜甘蔗汁,饮品,25,6,150,现金,晚上
11538,2022-09-25,瓦达汉堡,快餐,20,6,120,在线支付,傍晚
11539,2022-09-25,招牌三明治,快餐,60,4,240,在线支付,晚上
11540,2022-09-25,法兰基卷,快餐,50,5,250,其他,早晨
11541,2022-09-25,咖喱土豆球,快餐,20,14,280,其他,晚上
11542,2022-09-25,冰咖啡,饮品,40,9,360,其他,傍晚
11543,2022-09-25,瓦达汉堡,快餐,20,11,220,其他,下午
11544,2022-09-25,新鲜甘蔗汁,饮品,25,2,50,现金,午夜
11545,2022-09-25,瓦达汉堡,快餐,20,3,60,现金,午夜
11546,2022-09-25,脆球点心,快餐,20,15,300,现金,午夜
11547,2022-09-25,脆球点心,快餐,20,15,300,现金,午夜
11548,2022-09-25,瓦达汉堡,快餐,20,1,20,在线支付,晚上
11549,2022-09-25,脆球点心,快餐,20,2,40,其他,下午
11550,2022-09-25,冰咖啡,饮品,40,7,280,现金,午夜
11551,2022-09-25,法兰基卷,快餐,50,8,400,在线支付,晚上
11552,2022-09-25,法兰基卷,快餐,50,7,350,在线支付,早晨
11553,2022-09-25,法兰基卷,快餐,50,2,100,其他,晚上
11554,2022-09-25,冰咖啡,饮品,40,10,400,现金,晚上
11555,2022-09-25,法兰基卷,快餐,50,6,300,在线支付,傍晚
11556,2022-09-25,瓦达汉堡,快餐,20,15,300,现金,下午
11557,2022-09-25,咖喱土豆球,快餐,20,9,180,在线支付,傍晚
11558,2022-09-25,法兰基卷,快餐,50,12,600,现金,下午
11559,2022-09-25,新鲜甘蔗汁,饮品,25,15,375,现金,傍晚
11560,2022-09-25,新鲜甘蔗汁,饮品,25,11,275,现金,早晨
11561,2022-09-25,法兰基卷,快餐,50,6,300,在线支付,下午
11562,2022-09-25,冰咖啡,饮品,40,4,160,在线支付,早晨
11563,2022-09-25,咖喱土豆球,快餐,20,13,260,在线支付,傍晚
11564,2022-09-25,招牌三明治,快餐,60,13,780,在线支付,下午
11565,2022-09-25,冰咖啡,饮品,40,4,160,现金,下午
11566,2022-09-25,瓦达汉堡,快餐,20,9,180,在线支付,下午
11567,2022-09-26,瓦达汉堡,快餐,20,13,260,现金,早晨
11568,2022-09-26,法兰基卷,快餐,50,4,200,现金,晚上
11569,2022-09-26,脆球点心,快餐,20,5,100,其他,下午
11570,2022-09-26,招牌三明治,快餐,60,12,720,其他,午夜
11571,2022-09-26,瓦达汉堡,快餐,20,9,180,现金,午夜
11572,2022-09-26,脆球点心,快餐,20,7,140,在线支付,午夜
11573,2022-09-26,招牌三明治,快餐,60,13,780,现金,傍晚
11574,2022-09-26,招牌三明治,快餐,60,13,780,在线支付,晚上
11575,2022-09-26,新鲜甘蔗汁,饮品,25,7,175,现金,傍晚
11576,2022-09-26,咖喱土豆球,快餐,20,11,220,在线支付,早晨
11577,2022-09-26,新鲜甘蔗汁,饮品,25,9,225,在线支付,傍晚
11578,2022-09-26,新鲜甘蔗汁,饮品,25,12,300,现金,晚上
11579,2022-09-26,咖喱土豆球,快餐,20,13,260,在线支付,早晨
11580,2022-09-26,招牌三明治,快餐,60,7,420,在线支付,午夜
11581,2022-09-26,招牌三明治,快餐,60,8,480,现金,晚上
11582,2022-09-26,咖喱土豆球,快餐,20,8,160,现金,晚上
11583,2022-09-26,招牌三明治,快餐,60,6,360,现金,午夜
11584,2022-09-26,法兰基卷,快餐,50,14,700,现金,傍晚
11585,2022-09-26,冰咖啡,饮品,40,7,280,现金,早晨
11586,2022-09-26,冰咖啡,饮品,40,1,40,现金,晚上
11587,2022-09-26,咖喱土豆球,快餐,20,12,240,现金,晚上
11588,2022-09-26,法兰基卷,快餐,50,12,600,在线支付,午夜
11589,2022-09-26,脆球点心,快餐,20,2,40,在线支付,晚上
11590,2022-09-26,招牌三明治,快餐,60,8,480,现金,早晨
11591,2022-09-26,瓦达汉堡,快餐,20,9,180,现金,午夜
11592,2022-09-26,新鲜甘蔗汁,饮品,25,1,25,在线支付,晚上
11593,2022-09-26,冰咖啡,饮品,40,14,560,现金,傍晚
11594,2022-09-26,新鲜甘蔗汁,饮品,25,2,50,现金,傍晚
11595,2022-09-26,瓦达汉堡,快餐,20,7,140,现金,傍晚
11596,2022-09-26,冰咖啡,饮品,40,4,160,在线支付,下午
11597,2022-09-26,新鲜甘蔗汁,饮品,25,5,125,现金,傍晚
11598,2022-09-26,新鲜甘蔗汁,饮品,25,6,150,现金,午夜
11599,2022-09-26,新鲜甘蔗汁,饮品,25,5,125,现金,午夜
11600,2022-09-26,瓦达汉堡,快餐,20,6,120,现金,午夜
11601,2022-09-26,冰咖啡,饮品,40,11,440,在线支付,下午
11602,2022-09-26,脆球点心,快餐,20,12,240,在线支付,早晨
11603,2022-09-26,脆球点心,快餐,20,11,220,现金,下午
11604,2022-09-26,招牌三明治,快餐,60,10,600,现金,早晨
11605,2022-09-26,新鲜甘蔗汁,饮品,25,4,100,在线支付,傍晚
11606,2022-09-26,冰咖啡,饮品,40,14,560,在线支付,午夜
11607,2022-09-26,法兰基卷,快餐,50,6,300,现金,晚上
11608,2022-09-26,法兰基卷,快餐,50,1,50,现金,傍晚
11609,2022-09-26,冰咖啡,饮品,40,7,280,在线支付,晚上
11610,2022-09-26,法兰基卷,快餐,50,13,650,在线支付,早晨
11611,2022-09-26,新鲜甘蔗汁,饮品,25,15,375,在线支付,傍晚
11612,2022-09-26,新鲜甘蔗汁,饮品,25,7,175,现金,晚上
11613,2022-09-26,咖喱土豆球,快餐,20,11,220,在线支付,午夜
11614,2022-09-26,新鲜甘蔗汁,饮品,25,3,75,现金,下午
11615,2022-09-26,法兰基卷,快餐,50,8,400,在线支付,傍晚
11616,2022-09-26,冰咖啡,饮品,40,11,440,现金,早晨
11617,2022-09-26,咖喱土豆球,快餐,20,4,80,在线支付,早晨
11618,2022-09-26,瓦达汉堡,快餐,20,8,160,现金,傍晚
11619,2022-09-26,招牌三明治,快餐,60,8,480,在线支付,午夜
11620,2022-09-26,脆球点心,快餐,20,7,140,现金,傍晚
11621,2022-09-26,冰咖啡,饮品,40,8,320,现金,午夜
11622,2022-09-26,法兰基卷,快餐,50,1,50,其他,下午
11623,2022-09-26,新鲜甘蔗汁,饮品,25,5,125,在线支付,下午
11624,2022-09-26,冰咖啡,饮品,40,1,40,现金,午夜
11625,2022-09-26,新鲜甘蔗汁,饮品,25,7,175,在线支付,下午
11626,2022-09-26,咖喱土豆球,快餐,20,12,240,其他,晚上
11627,2022-09-26,咖喱土豆球,快餐,20,1,20,现金,傍晚
11628,2022-09-26,脆球点心,快餐,20,4,80,现金,下午
11629,2022-09-26,招牌三明治,快餐,60,9,540,现金,早晨
11630,2022-09-26,冰咖啡,饮品,40,3,120,现金,午夜
11631,2022-09-26,瓦达汉堡,快餐,20,10,200,在线支付,晚上
11632,2022-09-26,新鲜甘蔗汁,饮品,25,14,350,现金,傍晚
11633,2022-09-26,招牌三明治,快餐,60,10,600,现金,早晨
11634,2022-09-26,冰咖啡,饮品,40,15,600,现金,下午
11635,2022-09-26,冰咖啡,饮品,40,11,440,在线支付,傍晚
11636,2022-09-26,招牌三明治,快餐,60,14,840,现金,午夜
11637,2022-09-26,新鲜甘蔗汁,饮品,25,8,200,在线支付,午夜
11638,2022-09-26,新鲜甘蔗汁,饮品,25,11,275,现金,晚上
11639,2022-09-26,招牌三明治,快餐,60,11,660,现金,午夜
11640,2022-09-26,招牌三明治,快餐,60,6,360,在线支付,晚上
11641,2022-09-26,脆球点心,快餐,20,1,20,现金,晚上
11642,2022-09-26,法兰基卷,快餐,50,2,100,现金,傍晚
11643,2022-09-26,冰咖啡,饮品,40,6,240,在线支付,午夜
11644,2022-09-26,冰咖啡,饮品,40,3,120,现金,早晨
11645,2022-09-26,咖喱土豆球,快餐,20,9,180,在线支付,下午
11646,2022-09-26,法兰基卷,快餐,50,8,400,在线支付,傍晚
11647,2022-09-26,新鲜甘蔗汁,饮品,25,11,275,现金,下午
11648,2022-09-26,冰咖啡,饮品,40,12,480,现金,早晨
11649,2022-09-26,法兰基卷,快餐,50,12,600,在线支付,晚上
11650,2022-09-26,冰咖啡,饮品,40,15,600,现金,午夜
11651,2022-09-26,冰咖啡,饮品,40,2,80,其他,傍晚
11652,2022-09-26,咖喱土豆球,快餐,20,14,280,现金,午夜
11653,2022-09-26,脆球点心,快餐,20,9,180,在线支付,下午
11654,2022-09-26,冰咖啡,饮品,40,4,160,现金,晚上
11655,2022-09-26,法兰基卷,快餐,50,6,300,在线支付,下午
11656,2022-09-26,招牌三明治,快餐,60,12,720,在线支付,早晨
11657,2022-09-26,脆球点心,快餐,20,5,100,在线支付,傍晚
11658,2022-09-26,招牌三明治,快餐,60,6,360,现金,晚上
11659,2022-09-26,冰咖啡,饮品,40,8,320,现金,早晨
11660,2022-09-26,新鲜甘蔗汁,饮品,25,12,300,在线支付,晚上
11661,2022-09-26,招牌三明治,快餐,60,8,480,现金,傍晚
11662,2022-09-26,瓦达汉堡,快餐,20,11,220,现金,傍晚
11663,2022-09-26,招牌三明治,快餐,60,2,120,在线支付,午夜
11664,2022-09-26,咖喱土豆球,快餐,20,1,20,现金,晚上
11665,2022-09-26,瓦达汉堡,快餐,20,13,260,在线支付,早晨
11666,2022-09-26,咖喱土豆球,快餐,20,1,20,在线支付,傍晚
11667,2022-09-26,脆球点心,快餐,20,9,180,现金,晚上
11668,2022-09-26,咖喱土豆球,快餐,20,5,100,现金,傍晚
11669,2022-09-26,咖喱土豆球,快餐,20,7,140,在线支付,晚上
11670,2022-09-26,新鲜甘蔗汁,饮品,25,10,250,其他,傍晚
11671,2022-09-26,脆球点心,快餐,20,5,100,在线支付,晚上
11672,2022-09-26,咖喱土豆球,快餐,20,8,160,现金,傍晚
11673,2022-09-26,新鲜甘蔗汁,饮品,25,11,275,其他,午夜
11674,2022-09-26,新鲜甘蔗汁,饮品,25,15,375,现金,傍晚
11675,2022-09-26,脆球点心,快餐,20,6,120,其他,早晨
11676,2022-09-26,新鲜甘蔗汁,饮品,25,3,75,现金,早晨
11677,2022-09-26,法兰基卷,快餐,50,5,250,现金,午夜
11678,2022-09-26,新鲜甘蔗汁,饮品,25,14,350,现金,傍晚
11679,2022-09-26,咖喱土豆球,快餐,20,12,240,在线支付,下午
11680,2022-09-26,冰咖啡,饮品,40,9,360,在线支付,傍晚
11681,2022-09-26,新鲜甘蔗汁,饮品,25,11,275,在线支付,早晨
11682,2022-09-26,瓦达汉堡,快餐,20,4,80,在线支付,早晨
11683,2022-09-26,瓦达汉堡,快餐,20,2,40,现金,傍晚
11684,2022-09-26,瓦达汉堡,快餐,20,1,20,现金,傍晚
11685,2022-09-26,招牌三明治,快餐,60,4,240,现金,早晨
11686,2022-09-26,瓦达汉堡,快餐,20,3,60,在线支付,晚上
11687,2022-09-26,瓦达汉堡,快餐,20,15,300,在线支付,傍晚
11688,2022-09-26,咖喱土豆球,快餐,20,9,180,现金,下午
11689,2022-09-26,脆球点心,快餐,20,7,140,现金,早晨
11690,2022-09-26,新鲜甘蔗汁,饮品,25,4,100,其他,早晨
11691,2022-09-26,脆球点心,快餐,20,10,200,其他,晚上
11692,2022-09-26,新鲜甘蔗汁,饮品,25,3,75,其他,下午
11693,2022-09-26,脆球点心,快餐,20,10,200,在线支付,早晨
11694,2022-09-26,咖喱土豆球,快餐,20,6,120,在线支付,早晨
11695,2022-09-26,咖喱土豆球,快餐,20,1,20,现金,午夜
11696,2022-09-26,法兰基卷,快餐,50,11,550,其他,晚上
11697,2022-09-26,法兰基卷,快餐,50,5,250,在线支付,早晨
11698,2022-09-26,新鲜甘蔗汁,饮品,25,6,150,在线支付,午夜
11699,2022-09-26,冰咖啡,饮品,40,1,40,现金,午夜
11700,2022-09-26,法兰基卷,快餐,50,5,250,现金,傍晚
11701,2022-09-26,冰咖啡,饮品,40,10,400,在线支付,下午
11702,2022-09-26,新鲜甘蔗汁,饮品,25,2,50,在线支付,傍晚
11703,2022-09-26,新鲜甘蔗汁,饮品,25,10,250,在线支付,晚上
11704,2022-09-26,招牌三明治,快餐,60,13,780,其他,下午
11705,2022-09-26,咖喱土豆球,快餐,20,7,140,在线支付,晚上
11706,2022-09-26,法兰基卷,快餐,50,8,400,在线支付,傍晚
11707,2022-09-26,招牌三明治,快餐,60,8,480,在线支付,午夜
11708,2022-09-26,冰咖啡,饮品,40,8,320,在线支付,下午
11709,2022-09-26,咖喱土豆球,快餐,20,8,160,在线支付,晚上
11710,2022-09-26,新鲜甘蔗汁,饮品,25,7,175,现金,傍晚
11711,2022-09-26,新鲜甘蔗汁,饮品,25,10,250,其他,午夜
11712,2022-09-26,法兰基卷,快餐,50,10,500,在线支付,午夜
11713,2022-09-27,咖喱土豆球,快餐,20,8,160,在线支付,下午
11714,2022-09-27,新鲜甘蔗汁,饮品,25,8,200,现金,早晨
11715,2022-09-27,脆球点心,快餐,20,12,240,在线支付,午夜
11716,2022-09-27,新鲜甘蔗汁,饮品,25,11,275,现金,午夜
11717,2022-09-27,法兰基卷,快餐,50,10,500,在线支付,晚上
11718,2022-09-27,咖喱土豆球,快餐,20,7,140,现金,傍晚
11719,2022-09-27,咖喱土豆球,快餐,20,14,280,在线支付,晚上
11720,2022-09-27,法兰基卷,快餐,50,7,350,现金,早晨
11721,2022-09-27,瓦达汉堡,快餐,20,6,120,在线支付,早晨
11722,2022-09-27,招牌三明治,快餐,60,5,300,在线支付,午夜
11723,2022-09-27,瓦达汉堡,快餐,20,9,180,其他,下午
11724,2022-09-27,咖喱土豆球,快餐,20,10,200,现金,下午
11725,2022-09-27,新鲜甘蔗汁,饮品,25,10,250,现金,午夜
11726,2022-09-27,法兰基卷,快餐,50,9,450,其他,早晨
11727,2022-09-27,招牌三明治,快餐,60,8,480,其他,下午
11728,2022-09-27,瓦达汉堡,快餐,20,8,160,现金,晚上
11729,2022-09-27,冰咖啡,饮品,40,14,560,其他,下午
11730,2022-09-27,新鲜甘蔗汁,饮品,25,7,175,在线支付,午夜
11731,2022-09-27,新鲜甘蔗汁,饮品,25,14,350,在线支付,下午
11732,2022-09-27,脆球点心,快餐,20,15,300,其他,傍晚
11733,2022-09-27,新鲜甘蔗汁,饮品,25,6,150,在线支付,下午
11734,2022-09-27,冰咖啡,饮品,40,12,480,现金,晚上
11735,2022-09-27,招牌三明治,快餐,60,11,660,现金,傍晚
11736,2022-09-27,招牌三明治,快餐,60,6,360,现金,晚上
11737,2022-09-27,冰咖啡,饮品,40,9,360,现金,午夜
11738,2022-09-27,冰咖啡,饮品,40,14,560,在线支付,早晨
11739,2022-09-27,招牌三明治,快餐,60,1,60,现金,午夜
11740,2022-09-27,招牌三明治,快餐,60,7,420,现金,午夜
11741,2022-09-27,新鲜甘蔗汁,饮品,25,13,325,在线支付,下午
11742,2022-09-27,招牌三明治,快餐,60,13,780,在线支付,下午
11743,2022-09-27,咖喱土豆球,快餐,20,9,180,在线支付,早晨
11744,2022-09-27,新鲜甘蔗汁,饮品,25,1,25,在线支付,晚上
11745,2022-09-27,咖喱土豆球,快餐,20,6,120,在线支付,午夜
11746,2022-09-27,冰咖啡,饮品,40,7,280,在线支付,傍晚
11747,2022-09-27,脆球点心,快餐,20,3,60,在线支付,早晨
11748,2022-09-27,脆球点心,快餐,20,5,100,在线支付,傍晚
11749,2022-09-27,冰咖啡,饮品,40,14,560,现金,晚上
11750,2022-09-27,新鲜甘蔗汁,饮品,25,4,100,现金,午夜
11751,2022-09-27,咖喱土豆球,快餐,20,8,160,其他,早晨
11752,2022-09-27,冰咖啡,饮品,40,3,120,现金,午夜
11753,2022-09-27,法兰基卷,快餐,50,15,750,在线支付,傍晚
11754,2022-09-27,新鲜甘蔗汁,饮品,25,8,200,在线支付,下午
11755,2022-09-27,瓦达汉堡,快餐,20,11,220,现金,早晨
11756,2022-09-27,冰咖啡,饮品,40,4,160,在线支付,早晨
11757,2022-09-27,招牌三明治,快餐,60,10,600,现金,早晨
11758,2022-09-27,新鲜甘蔗汁,饮品,25,14,350,现金,早晨
11759,2022-09-27,新鲜甘蔗汁,饮品,25,5,125,在线支付,下午
11760,2022-09-27,冰咖啡,饮品,40,7,280,现金,下午
11761,2022-09-27,脆球点心,快餐,20,8,160,在线支付,早晨
11762,2022-09-27,脆球点心,快餐,20,12,240,在线支付,下午
11763,2022-09-27,咖喱土豆球,快餐,20,6,120,在线支付,下午
11764,2022-09-27,新鲜甘蔗汁,饮品,25,10,250,现金,下午
11765,2022-09-27,冰咖啡,饮品,40,11,440,在线支付,傍晚
11766,2022-09-27,脆球点心,快餐,20,15,300,在线支付,午夜
11767,2022-09-27,新鲜甘蔗汁,饮品,25,7,175,现金,傍晚
11768,2022-09-27,冰咖啡,饮品,40,8,320,现金,晚上
11769,2022-09-27,脆球点心,快餐,20,12,240,在线支付,晚上
11770,2022-09-27,脆球点心,快餐,20,12,240,在线支付,早晨
11771,2022-09-27,法兰基卷,快餐,50,1,50,现金,傍晚
11772,2022-09-27,法兰基卷,快餐,50,10,500,在线支付,傍晚
11773,2022-09-27,法兰基卷,快餐,50,14,700,在线支付,早晨
11774,2022-09-27,脆球点心,快餐,20,8,160,在线支付,早晨
11775,2022-09-27,脆球点心,快餐,20,6,120,现金,早晨
11776,2022-09-27,冰咖啡,饮品,40,1,40,其他,傍晚
11777,2022-09-27,冰咖啡,饮品,40,5,200,现金,下午
11778,2022-09-27,法兰基卷,快餐,50,4,200,在线支付,早晨
11779,2022-09-27,脆球点心,快餐,20,5,100,在线支付,早晨
11780,2022-09-27,冰咖啡,饮品,40,5,200,在线支付,早晨
11781,2022-09-27,法兰基卷,快餐,50,10,500,现金,晚上
11782,2022-09-27,冰咖啡,饮品,40,9,360,在线支付,下午
11783,2022-09-27,冰咖啡,饮品,40,11,440,现金,早晨
11784,2022-09-27,冰咖啡,饮品,40,15,600,在线支付,午夜
11785,2022-09-27,冰咖啡,饮品,40,10,400,在线支付,晚上
11786,2022-09-27,瓦达汉堡,快餐,20,6,120,现金,下午
11787,2022-09-27,脆球点心,快餐,20,6,120,在线支付,早晨
11788,2022-09-27,新鲜甘蔗汁,饮品,25,12,300,现金,傍晚
11789,2022-09-27,瓦达汉堡,快餐,20,9,180,现金,晚上
11790,2022-09-27,冰咖啡,饮品,40,15,600,现金,早晨
11791,2022-09-27,瓦达汉堡,快餐,20,1,20,其他,下午
11792,2022-09-27,脆球点心,快餐,20,6,120,现金,早晨
11793,2022-09-27,脆球点心,快餐,20,10,200,其他,晚上
11794,2022-09-27,新鲜甘蔗汁,饮品,25,6,150,现金,傍晚
11795,2022-09-27,脆球点心,快餐,20,7,140,现金,早晨
11796,2022-09-27,瓦达汉堡,快餐,20,15,300,在线支付,早晨
11797,2022-09-27,冰咖啡,饮品,40,15,600,现金,下午
11798,2022-09-27,新鲜甘蔗汁,饮品,25,1,25,在线支付,早晨
11799,2022-09-27,招牌三明治,快餐,60,12,720,现金,午夜
11800,2022-09-27,瓦达汉堡,快餐,20,10,200,在线支付,晚上
11801,2022-09-27,咖喱土豆球,快餐,20,5,100,在线支付,下午
11802,2022-09-27,新鲜甘蔗汁,饮品,25,15,375,现金,下午
11803,2022-09-27,招牌三明治,快餐,60,10,600,在线支付,晚上
11804,2022-09-27,新鲜甘蔗汁,饮品,25,5,125,现金,下午
11805,2022-09-27,脆球点心,快餐,20,7,140,现金,下午
11806,2022-09-27,新鲜甘蔗汁,饮品,25,15,375,现金,晚上
11807,2022-09-27,冰咖啡,饮品,40,11,440,在线支付,早晨
11808,2022-09-27,新鲜甘蔗汁,饮品,25,9,225,在线支付,晚上
11809,2022-09-27,新鲜甘蔗汁,饮品,25,7,175,在线支付,早晨
11810,2022-09-27,法兰基卷,快餐,50,9,450,现金,傍晚
11811,2022-09-27,招牌三明治,快餐,60,8,480,在线支付,午夜
11812,2022-09-27,新鲜甘蔗汁,饮品,25,9,225,现金,早晨
11813,2022-09-27,咖喱土豆球,快餐,20,10,200,在线支付,下午
11814,2022-09-27,瓦达汉堡,快餐,20,3,60,现金,傍晚
11815,2022-09-27,招牌三明治,快餐,60,14,840,在线支付,傍晚
11816,2022-09-27,脆球点心,快餐,20,5,100,现金,下午
11817,2022-09-27,咖喱土豆球,快餐,20,11,220,现金,下午
11818,2022-09-27,法兰基卷,快餐,50,5,250,现金,午夜
11819,2022-09-27,新鲜甘蔗汁,饮品,25,10,250,在线支付,午夜
11820,2022-09-27,新鲜甘蔗汁,饮品,25,12,300,在线支付,晚上
11821,2022-09-27,脆球点心,快餐,20,8,160,现金,午夜
11822,2022-09-27,招牌三明治,快餐,60,4,240,现金,傍晚
11823,2022-09-27,瓦达汉堡,快餐,20,1,20,现金,下午
11824,2022-09-27,瓦达汉堡,快餐,20,8,160,在线支付,傍晚
11825,2022-09-27,咖喱土豆球,快餐,20,10,200,在线支付,早晨
11826,2022-09-27,冰咖啡,饮品,40,3,120,其他,早晨
11827,2022-09-27,咖喱土豆球,快餐,20,15,300,在线支付,午夜
11828,2022-09-27,冰咖啡,饮品,40,5,200,现金,下午
11829,2022-09-27,咖喱土豆球,快餐,20,9,180,在线支付,下午
11830,2022-09-27,脆球点心,快餐,20,12,240,在线支付,早晨
11831,2022-09-27,咖喱土豆球,快餐,20,9,180,在线支付,晚上
11832,2022-09-27,咖喱土豆球,快餐,20,8,160,在线支付,午夜
11833,2022-09-27,瓦达汉堡,快餐,20,11,220,在线支付,傍晚
11834,2022-09-27,法兰基卷,快餐,50,11,550,在线支付,晚上
11835,2022-09-27,法兰基卷,快餐,50,11,550,现金,午夜
11836,2022-09-27,冰咖啡,饮品,40,4,160,现金,午夜
11837,2022-09-27,咖喱土豆球,快餐,20,6,120,在线支付,早晨
11838,2022-09-27,招牌三明治,快餐,60,10,600,其他,晚上
11839,2022-09-27,招牌三明治,快餐,60,9,540,在线支付,午夜
11840,2022-09-27,冰咖啡,饮品,40,2,80,现金,傍晚
11841,2022-09-27,咖喱土豆球,快餐,20,6,120,现金,早晨
11842,2022-09-27,冰咖啡,饮品,40,10,400,现金,午夜
11843,2022-09-27,冰咖啡,饮品,40,11,440,现金,午夜
11844,2022-09-27,瓦达汉堡,快餐,20,6,120,现金,晚上
11845,2022-09-27,脆球点心,快餐,20,8,160,在线支付,傍晚
11846,2022-09-27,瓦达汉堡,快餐,20,10,200,在线支付,午夜
11847,2022-09-27,招牌三明治,快餐,60,12,720,现金,早晨
11848,2022-09-27,咖喱土豆球,快餐,20,3,60,现金,下午
11849,2022-09-27,脆球点心,快餐,20,15,300,在线支付,早晨
11850,2022-09-27,招牌三明治,快餐,60,15,900,在线支付,早晨
11851,2022-09-27,法兰基卷,快餐,50,8,400,现金,下午
11852,2022-09-27,法兰基卷,快餐,50,7,350,现金,午夜
11853,2022-09-27,脆球点心,快餐,20,14,280,在线支付,晚上
11854,2022-09-27,新鲜甘蔗汁,饮品,25,10,250,现金,晚上
11855,2022-09-27,脆球点心,快餐,20,5,100,其他,午夜
11856,2022-09-27,脆球点心,快餐,20,11,220,在线支付,晚上
11857,2022-09-27,咖喱土豆球,快餐,20,10,200,现金,午夜
11858,2022-09-27,瓦达汉堡,快餐,20,1,20,在线支付,午夜
11859,2022-09-27,招牌三明治,快餐,60,1,60,在线支付,晚上
11860,2022-09-28,瓦达汉堡,快餐,20,7,140,在线支付,下午
11861,2022-09-28,冰咖啡,饮品,40,9,360,现金,晚上
11862,2022-09-28,法兰基卷,快餐,50,11,550,在线支付,早晨
11863,2022-09-28,冰咖啡,饮品,40,6,240,在线支付,午夜
11864,2022-09-28,冰咖啡,饮品,40,14,560,在线支付,下午
11865,2022-09-28,瓦达汉堡,快餐,20,5,100,在线支付,下午
11866,2022-09-28,瓦达汉堡,快餐,20,15,300,在线支付,早晨
11867,2022-09-28,瓦达汉堡,快餐,20,11,220,在线支付,下午
11868,2022-09-28,咖喱土豆球,快餐,20,7,140,现金,晚上
11869,2022-09-28,咖喱土豆球,快餐,20,15,300,在线支付,晚上
11870,2022-09-28,冰咖啡,饮品,40,8,320,现金,傍晚
11871,2022-09-28,招牌三明治,快餐,60,4,240,在线支付,下午
11872,2022-09-28,瓦达汉堡,快餐,20,4,80,在线支付,傍晚
11873,2022-09-28,瓦达汉堡,快餐,20,10,200,在线支付,早晨
11874,2022-09-28,新鲜甘蔗汁,饮品,25,15,375,在线支付,傍晚
11875,2022-09-28,咖喱土豆球,快餐,20,9,180,在线支付,晚上
11876,2022-09-28,法兰基卷,快餐,50,7,350,在线支付,下午
11877,2022-09-28,咖喱土豆球,快餐,20,2,40,现金,傍晚
11878,2022-09-28,招牌三明治,快餐,60,3,180,在线支付,下午
11879,2022-09-28,咖喱土豆球,快餐,20,8,160,其他,下午
11880,2022-09-28,咖喱土豆球,快餐,20,9,180,现金,早晨
11881,2022-09-28,冰咖啡,饮品,40,12,480,其他,下午
11882,2022-09-28,冰咖啡,饮品,40,10,400,在线支付,午夜
11883,2022-09-28,瓦达汉堡,快餐,20,9,180,在线支付,傍晚
11884,2022-09-28,脆球点心,快餐,20,8,160,在线支付,早晨
11885,2022-09-28,咖喱土豆球,快餐,20,9,180,现金,晚上
11886,2022-09-28,咖喱土豆球,快餐,20,12,240,在线支付,晚上
11887,2022-09-28,冰咖啡,饮品,40,7,280,现金,下午
11888,2022-09-28,新鲜甘蔗汁,饮品,25,6,150,在线支付,晚上
11889,2022-09-28,新鲜甘蔗汁,饮品,25,3,75,现金,午夜
11890,2022-09-28,冰咖啡,饮品,40,14,560,在线支付,下午
11891,2022-09-28,法兰基卷,快餐,50,5,250,在线支付,傍晚
11892,2022-09-28,冰咖啡,饮品,40,3,120,现金,午夜
11893,2022-09-28,脆球点心,快餐,20,14,280,现金,晚上
11894,2022-09-28,脆球点心,快餐,20,10,200,在线支付,下午
11895,2022-09-28,新鲜甘蔗汁,饮品,25,13,325,现金,早晨
11896,2022-09-28,瓦达汉堡,快餐,20,12,240,现金,早晨
11897,2022-09-28,瓦达汉堡,快餐,20,14,280,现金,下午
11898,2022-09-28,瓦达汉堡,快餐,20,13,260,现金,下午
11899,2022-09-28,冰咖啡,饮品,40,8,320,在线支付,下午
11900,2022-09-28,招牌三明治,快餐,60,11,660,在线支付,早晨
11901,2022-09-28,招牌三明治,快餐,60,3,180,现金,晚上
11902,2022-09-28,瓦达汉堡,快餐,20,3,60,现金,早晨
11903,2022-09-28,脆球点心,快餐,20,9,180,其他,早晨
11904,2022-09-28,脆球点心,快餐,20,6,120,在线支付,晚上
11905,2022-09-28,新鲜甘蔗汁,饮品,25,10,250,现金,下午
11906,2022-09-28,冰咖啡,饮品,40,4,160,其他,午夜
11907,2022-09-28,法兰基卷,快餐,50,6,300,在线支付,午夜
11908,2022-09-28,法兰基卷,快餐,50,6,300,现金,下午
11909,2022-09-28,脆球点心,快餐,20,7,140,其他,傍晚
11910,2022-09-28,新鲜甘蔗汁,饮品,25,8,200,现金,下午
11911,2022-09-28,冰咖啡,饮品,40,9,360,现金,晚上
11912,2022-09-28,招牌三明治,快餐,60,11,660,其他,早晨
11913,2022-09-28,法兰基卷,快餐,50,8,400,其他,下午
11914,2022-09-28,瓦达汉堡,快餐,20,4,80,现金,午夜
11915,2022-09-28,冰咖啡,饮品,40,2,80,现金,下午
11916,2022-09-28,法兰基卷,快餐,50,8,400,在线支付,傍晚
11917,2022-09-28,新鲜甘蔗汁,饮品,25,12,300,现金,午夜
11918,2022-09-28,脆球点心,快餐,20,15,300,在线支付,晚上
11919,2022-09-28,招牌三明治,快餐,60,8,480,现金,晚上
11920,2022-09-28,法兰基卷,快餐,50,9,450,在线支付,晚上
11921,2022-09-28,咖喱土豆球,快餐,20,9,180,在线支付,傍晚
11922,2022-09-28,瓦达汉堡,快餐,20,7,140,在线支付,早晨
11923,2022-09-28,脆球点心,快餐,20,3,60,其他,下午
11924,2022-09-28,冰咖啡,饮品,40,11,440,其他,傍晚
11925,2022-09-28,招牌三明治,快餐,60,1,60,在线支付,晚上
11926,2022-09-28,冰咖啡,饮品,40,7,280,其他,傍晚
11927,2022-09-28,冰咖啡,饮品,40,10,400,现金,午夜
11928,2022-09-28,咖喱土豆球,快餐,20,7,140,现金,晚上
11929,2022-09-28,瓦达汉堡,快餐,20,10,200,在线支付,下午
11930,2022-09-28,脆球点心,快餐,20,3,60,现金,下午
11931,2022-09-28,咖喱土豆球,快餐,20,5,100,在线支付,晚上
11932,2022-09-28,咖喱土豆球,快餐,20,10,200,现金,早晨
11933,2022-09-28,法兰基卷,快餐,50,11,550,现金,下午
11934,2022-09-28,法兰基卷,快餐,50,10,500,现金,早晨
11935,2022-09-28,瓦达汉堡,快餐,20,6,120,现金,下午
11936,2022-09-28,瓦达汉堡,快餐,20,8,160,现金,早晨
11937,2022-09-28,招牌三明治,快餐,60,15,900,在线支付,晚上
11938,2022-09-28,脆球点心,快餐,20,5,100,现金,晚上
11939,2022-09-28,招牌三明治,快餐,60,6,360,现金,下午
11940,2022-09-28,法兰基卷,快餐,50,9,450,在线支付,晚上
11941,2022-09-28,冰咖啡,饮品,40,11,440,在线支付,下午
11942,2022-09-28,瓦达汉堡,快餐,20,8,160,现金,下午
11943,2022-09-28,咖喱土豆球,快餐,20,5,100,在线支付,下午
11944,2022-09-28,新鲜甘蔗汁,饮品,25,9,225,现金,早晨
11945,2022-09-28,咖喱土豆球,快餐,20,5,100,现金,晚上
11946,2022-09-28,新鲜甘蔗汁,饮品,25,6,150,其他,早晨
11947,2022-09-28,脆球点心,快餐,20,14,280,现金,早晨
11948,2022-09-28,冰咖啡,饮品,40,15,600,现金,下午
11949,2022-09-28,新鲜甘蔗汁,饮品,25,11,275,在线支付,下午
11950,2022-09-28,法兰基卷,快餐,50,5,250,在线支付,下午
11951,2022-09-28,冰咖啡,饮品,40,8,320,现金,早晨
11952,2022-09-28,法兰基卷,快餐,50,8,400,在线支付,傍晚
11953,2022-09-28,瓦达汉堡,快餐,20,8,160,现金,早晨
11954,2022-09-28,法兰基卷,快餐,50,9,450,其他,下午
11955,2022-09-28,冰咖啡,饮品,40,15,600,在线支付,午夜
11956,2022-09-28,冰咖啡,饮品,40,9,360,其他,下午
11957,2022-09-28,咖喱土豆球,快餐,20,12,240,现金,晚上
11958,2022-09-28,招牌三明治,快餐,60,2,120,其他,早晨
11959,2022-09-28,法兰基卷,快餐,50,15,750,现金,晚上
11960,2022-09-28,招牌三明治,快餐,60,11,660,现金,下午
11961,2022-09-28,新鲜甘蔗汁,饮品,25,8,200,现金,下午
11962,2022-09-28,法兰基卷,快餐,50,9,450,现金,下午
11963,2022-09-28,招牌三明治,快餐,60,7,420,现金,晚上
11964,2022-09-28,冰咖啡,饮品,40,8,320,现金,午夜
11965,2022-09-28,冰咖啡,饮品,40,6,240,在线支付,下午
11966,2022-09-28,法兰基卷,快餐,50,11,550,现金,晚上
11967,2022-09-28,新鲜甘蔗汁,饮品,25,3,75,现金,下午
11968,2022-09-28,招牌三明治,快餐,60,6,360,现金,早晨
11969,2022-09-28,脆球点心,快餐,20,3,60,现金,晚上
11970,2022-09-28,咖喱土豆球,快餐,20,3,60,现金,傍晚
11971,2022-09-28,冰咖啡,饮品,40,13,520,在线支付,下午
11972,2022-09-28,冰咖啡,饮品,40,13,520,现金,晚上
11973,2022-09-28,脆球点心,快餐,20,7,140,在线支付,下午
11974,2022-09-28,咖喱土豆球,快餐,20,12,240,现金,午夜
11975,2022-09-28,法兰基卷,快餐,50,15,750,在线支付,傍晚
11976,2022-09-28,脆球点心,快餐,20,7,140,现金,下午
11977,2022-09-28,招牌三明治,快餐,60,1,60,现金,傍晚
11978,2022-09-28,脆球点心,快餐,20,7,140,现金,午夜
11979,2022-09-28,冰咖啡,饮品,40,8,320,现金,下午
11980,2022-09-28,新鲜甘蔗汁,饮品,25,11,275,在线支付,傍晚
11981,2022-09-28,招牌三明治,快餐,60,12,720,现金,下午
11982,2022-09-28,法兰基卷,快餐,50,15,750,现金,早晨
11983,2022-09-28,新鲜甘蔗汁,饮品,25,1,25,现金,晚上
11984,2022-09-28,脆球点心,快餐,20,10,200,在线支付,下午
11985,2022-09-28,瓦达汉堡,快餐,20,5,100,在线支付,傍晚
11986,2022-09-28,瓦达汉堡,快餐,20,15,300,现金,傍晚
11987,2022-09-28,咖喱土豆球,快餐,20,12,240,其他,晚上
11988,2022-09-28,脆球点心,快餐,20,8,160,在线支付,早晨
11989,2022-09-28,瓦达汉堡,快餐,20,3,60,在线支付,午夜
11990,2022-09-28,冰咖啡,饮品,40,11,440,现金,晚上
11991,2022-09-28,冰咖啡,饮品,40,4,160,在线支付,午夜
11992,2022-09-28,冰咖啡,饮品,40,10,400,现金,晚上
11993,2022-09-28,新鲜甘蔗汁,饮品,25,6,150,现金,午夜
11994,2022-09-28,脆球点心,快餐,20,6,120,现金,晚上
11995,2022-09-28,招牌三明治,快餐,60,6,360,现金,午夜
11996,2022-09-28,瓦达汉堡,快餐,20,7,140,在线支付,午夜
11997,2022-09-28,脆球点心,快餐,20,1,20,在线支付,傍晚
11998,2022-09-28,法兰基卷,快餐,50,6,300,其他,下午
11999,2022-09-28,招牌三明治,快餐,60,8,480,现金,晚上
12000,2022-09-28,脆球点心,快餐,20,8,160,现金,下午
